solid OpenSCAD_Model
  facet normal 0 -1 0
    outer loop
      vertex 12.7122 10.0311 0
      vertex 16.2122 10.0311 2
      vertex 12.7122 10.0311 2
    endloop
  endfacet
  facet normal 0 -1 -0
    outer loop
      vertex 16.2122 10.0311 2
      vertex 12.7122 10.0311 0
      vertex 16.2122 10.0311 0
    endloop
  endfacet
  facet normal -0.866026 -0.499999 0
    outer loop
      vertex 17.9622 7 0
      vertex 16.2122 10.0311 2
      vertex 16.2122 10.0311 0
    endloop
  endfacet
  facet normal -0.866026 -0.499999 0
    outer loop
      vertex 16.2122 10.0311 2
      vertex 17.9622 7 0
      vertex 17.9622 7 2
    endloop
  endfacet
  facet normal 0.866026 -0.499999 0
    outer loop
      vertex 10.9622 7 2
      vertex 12.7122 10.0311 0
      vertex 12.7122 10.0311 2
    endloop
  endfacet
  facet normal 0.866026 -0.499999 0
    outer loop
      vertex 12.7122 10.0311 0
      vertex 10.9622 7 2
      vertex 10.9622 7 0
    endloop
  endfacet
  facet normal 0.866025 0.5 0
    outer loop
      vertex 12.7122 3.96891 2
      vertex 10.9622 7 0
      vertex 10.9622 7 2
    endloop
  endfacet
  facet normal 0.866025 0.5 0
    outer loop
      vertex 10.9622 7 0
      vertex 12.7122 3.96891 2
      vertex 12.7122 3.96891 0
    endloop
  endfacet
  facet normal 0 1 -0
    outer loop
      vertex 16.2122 3.96891 0
      vertex 12.7122 3.96891 2
      vertex 16.2122 3.96891 2
    endloop
  endfacet
  facet normal 0 1 0
    outer loop
      vertex 12.7122 3.96891 2
      vertex 16.2122 3.96891 0
      vertex 12.7122 3.96891 0
    endloop
  endfacet
  facet normal -0.866025 0.5 0
    outer loop
      vertex 16.2122 3.96891 0
      vertex 17.9622 7 2
      vertex 17.9622 7 0
    endloop
  endfacet
  facet normal -0.866025 0.5 0
    outer loop
      vertex 17.9622 7 2
      vertex 16.2122 3.96891 0
      vertex 16.2122 3.96891 2
    endloop
  endfacet
  facet normal 0 -1 0
    outer loop
      vertex 20.1744 10.0311 0
      vertex 23.6744 10.0311 2
      vertex 20.1744 10.0311 2
    endloop
  endfacet
  facet normal 0 -1 -0
    outer loop
      vertex 23.6744 10.0311 2
      vertex 20.1744 10.0311 0
      vertex 23.6744 10.0311 0
    endloop
  endfacet
  facet normal -0.866026 -0.499999 0
    outer loop
      vertex 25.4244 7 0
      vertex 23.6744 10.0311 2
      vertex 23.6744 10.0311 0
    endloop
  endfacet
  facet normal -0.866026 -0.499999 0
    outer loop
      vertex 23.6744 10.0311 2
      vertex 25.4244 7 0
      vertex 25.4244 7 2
    endloop
  endfacet
  facet normal 0.866026 -0.499999 0
    outer loop
      vertex 18.4244 7 2
      vertex 20.1744 10.0311 0
      vertex 20.1744 10.0311 2
    endloop
  endfacet
  facet normal 0.866026 -0.499999 0
    outer loop
      vertex 20.1744 10.0311 0
      vertex 18.4244 7 2
      vertex 18.4244 7 0
    endloop
  endfacet
  facet normal 0.866025 0.5 0
    outer loop
      vertex 20.1744 3.96891 2
      vertex 18.4244 7 0
      vertex 18.4244 7 2
    endloop
  endfacet
  facet normal 0.866025 0.5 0
    outer loop
      vertex 18.4244 7 0
      vertex 20.1744 3.96891 2
      vertex 20.1744 3.96891 0
    endloop
  endfacet
  facet normal 0 1 -0
    outer loop
      vertex 23.6744 3.96891 0
      vertex 20.1744 3.96891 2
      vertex 23.6744 3.96891 2
    endloop
  endfacet
  facet normal 0 1 0
    outer loop
      vertex 20.1744 3.96891 2
      vertex 23.6744 3.96891 0
      vertex 20.1744 3.96891 0
    endloop
  endfacet
  facet normal -0.866025 0.5 0
    outer loop
      vertex 23.6744 3.96891 0
      vertex 25.4244 7 2
      vertex 25.4244 7 0
    endloop
  endfacet
  facet normal -0.866025 0.5 0
    outer loop
      vertex 25.4244 7 2
      vertex 23.6744 3.96891 0
      vertex 23.6744 3.96891 2
    endloop
  endfacet
  facet normal 0 -1 0
    outer loop
      vertex 27.6365 10.0311 0
      vertex 31.1365 10.0311 2
      vertex 27.6365 10.0311 2
    endloop
  endfacet
  facet normal 0 -1 -0
    outer loop
      vertex 31.1365 10.0311 2
      vertex 27.6365 10.0311 0
      vertex 31.1365 10.0311 0
    endloop
  endfacet
  facet normal -0.866026 -0.499999 0
    outer loop
      vertex 32.8865 7 0
      vertex 31.1365 10.0311 2
      vertex 31.1365 10.0311 0
    endloop
  endfacet
  facet normal -0.866026 -0.499999 0
    outer loop
      vertex 31.1365 10.0311 2
      vertex 32.8865 7 0
      vertex 32.8865 7 2
    endloop
  endfacet
  facet normal 0.866026 -0.499999 0
    outer loop
      vertex 25.8865 7 2
      vertex 27.6365 10.0311 0
      vertex 27.6365 10.0311 2
    endloop
  endfacet
  facet normal 0.866026 -0.499999 0
    outer loop
      vertex 27.6365 10.0311 0
      vertex 25.8865 7 2
      vertex 25.8865 7 0
    endloop
  endfacet
  facet normal 0.866025 0.5 0
    outer loop
      vertex 27.6365 3.96891 2
      vertex 25.8865 7 0
      vertex 25.8865 7 2
    endloop
  endfacet
  facet normal 0.866025 0.5 0
    outer loop
      vertex 25.8865 7 0
      vertex 27.6365 3.96891 2
      vertex 27.6365 3.96891 0
    endloop
  endfacet
  facet normal 0 1 -0
    outer loop
      vertex 31.1365 3.96891 0
      vertex 27.6365 3.96891 2
      vertex 31.1365 3.96891 2
    endloop
  endfacet
  facet normal 0 1 0
    outer loop
      vertex 27.6365 3.96891 2
      vertex 31.1365 3.96891 0
      vertex 27.6365 3.96891 0
    endloop
  endfacet
  facet normal -0.866025 0.5 0
    outer loop
      vertex 31.1365 3.96891 0
      vertex 32.8865 7 2
      vertex 32.8865 7 0
    endloop
  endfacet
  facet normal -0.866025 0.5 0
    outer loop
      vertex 32.8865 7 2
      vertex 31.1365 3.96891 0
      vertex 31.1365 3.96891 2
    endloop
  endfacet
  facet normal 0 1 -0
    outer loop
      vertex 38.5987 3.96891 0
      vertex 35.0987 3.96891 2
      vertex 38.5987 3.96891 2
    endloop
  endfacet
  facet normal 0 1 0
    outer loop
      vertex 35.0987 3.96891 2
      vertex 38.5987 3.96891 0
      vertex 35.0987 3.96891 0
    endloop
  endfacet
  facet normal 0 -1 0
    outer loop
      vertex 35.0987 10.0311 0
      vertex 38.5987 10.0311 2
      vertex 35.0987 10.0311 2
    endloop
  endfacet
  facet normal 0 -1 -0
    outer loop
      vertex 38.5987 10.0311 2
      vertex 35.0987 10.0311 0
      vertex 38.5987 10.0311 0
    endloop
  endfacet
  facet normal -0.866026 -0.499999 0
    outer loop
      vertex 40.3487 7 0
      vertex 38.5987 10.0311 2
      vertex 38.5987 10.0311 0
    endloop
  endfacet
  facet normal -0.866026 -0.499999 0
    outer loop
      vertex 38.5987 10.0311 2
      vertex 40.3487 7 0
      vertex 40.3487 7 2
    endloop
  endfacet
  facet normal 0.866026 -0.499999 0
    outer loop
      vertex 33.3487 7 2
      vertex 35.0987 10.0311 0
      vertex 35.0987 10.0311 2
    endloop
  endfacet
  facet normal 0.866026 -0.499999 0
    outer loop
      vertex 35.0987 10.0311 0
      vertex 33.3487 7 2
      vertex 33.3487 7 0
    endloop
  endfacet
  facet normal 0.866025 0.5 0
    outer loop
      vertex 35.0987 3.96891 2
      vertex 33.3487 7 0
      vertex 33.3487 7 2
    endloop
  endfacet
  facet normal 0.866025 0.5 0
    outer loop
      vertex 33.3487 7 0
      vertex 35.0987 3.96891 2
      vertex 35.0987 3.96891 0
    endloop
  endfacet
  facet normal -0.866025 0.5 0
    outer loop
      vertex 38.5987 3.96891 0
      vertex 40.3487 7 2
      vertex 40.3487 7 0
    endloop
  endfacet
  facet normal -0.866025 0.5 0
    outer loop
      vertex 40.3487 7 2
      vertex 38.5987 3.96891 0
      vertex 38.5987 3.96891 2
    endloop
  endfacet
  facet normal 0 -1 0
    outer loop
      vertex 42.5609 10.0311 0
      vertex 46.0609 10.0311 2
      vertex 42.5609 10.0311 2
    endloop
  endfacet
  facet normal 0 -1 -0
    outer loop
      vertex 46.0609 10.0311 2
      vertex 42.5609 10.0311 0
      vertex 46.0609 10.0311 0
    endloop
  endfacet
  facet normal -0.866026 -0.499999 0
    outer loop
      vertex 47.8109 7 0
      vertex 46.0609 10.0311 2
      vertex 46.0609 10.0311 0
    endloop
  endfacet
  facet normal -0.866026 -0.499999 0
    outer loop
      vertex 46.0609 10.0311 2
      vertex 47.8109 7 0
      vertex 47.8109 7 2
    endloop
  endfacet
  facet normal 0.866026 -0.499999 0
    outer loop
      vertex 40.8109 7 2
      vertex 42.5609 10.0311 0
      vertex 42.5609 10.0311 2
    endloop
  endfacet
  facet normal 0.866026 -0.499999 0
    outer loop
      vertex 42.5609 10.0311 0
      vertex 40.8109 7 2
      vertex 40.8109 7 0
    endloop
  endfacet
  facet normal 0.866025 0.5 0
    outer loop
      vertex 42.5609 3.96891 2
      vertex 40.8109 7 0
      vertex 40.8109 7 2
    endloop
  endfacet
  facet normal 0.866025 0.5 0
    outer loop
      vertex 40.8109 7 0
      vertex 42.5609 3.96891 2
      vertex 42.5609 3.96891 0
    endloop
  endfacet
  facet normal 0 1 -0
    outer loop
      vertex 46.0609 3.96891 0
      vertex 42.5609 3.96891 2
      vertex 46.0609 3.96891 2
    endloop
  endfacet
  facet normal 0 1 0
    outer loop
      vertex 42.5609 3.96891 2
      vertex 46.0609 3.96891 0
      vertex 42.5609 3.96891 0
    endloop
  endfacet
  facet normal -0.866025 0.5 0
    outer loop
      vertex 46.0609 3.96891 0
      vertex 47.8109 7 2
      vertex 47.8109 7 0
    endloop
  endfacet
  facet normal -0.866025 0.5 0
    outer loop
      vertex 47.8109 7 2
      vertex 46.0609 3.96891 0
      vertex 46.0609 3.96891 2
    endloop
  endfacet
  facet normal 0 1 -0
    outer loop
      vertex 12.4811 10.6189 0
      vertex 8.98109 10.6189 2
      vertex 12.4811 10.6189 2
    endloop
  endfacet
  facet normal 0 1 0
    outer loop
      vertex 8.98109 10.6189 2
      vertex 12.4811 10.6189 0
      vertex 8.98109 10.6189 0
    endloop
  endfacet
  facet normal -0.866026 0.499999 0
    outer loop
      vertex 12.4811 10.6189 0
      vertex 14.2311 13.65 2
      vertex 14.2311 13.65 0
    endloop
  endfacet
  facet normal -0.866026 0.499999 0
    outer loop
      vertex 14.2311 13.65 2
      vertex 12.4811 10.6189 0
      vertex 12.4811 10.6189 2
    endloop
  endfacet
  facet normal 0 -1 0
    outer loop
      vertex 8.98109 16.6811 0
      vertex 12.4811 16.6811 2
      vertex 8.98109 16.6811 2
    endloop
  endfacet
  facet normal 0 -1 -0
    outer loop
      vertex 12.4811 16.6811 2
      vertex 8.98109 16.6811 0
      vertex 12.4811 16.6811 0
    endloop
  endfacet
  facet normal -0.866026 -0.499999 0
    outer loop
      vertex 14.2311 13.65 0
      vertex 12.4811 16.6811 2
      vertex 12.4811 16.6811 0
    endloop
  endfacet
  facet normal -0.866026 -0.499999 0
    outer loop
      vertex 12.4811 16.6811 2
      vertex 14.2311 13.65 0
      vertex 14.2311 13.65 2
    endloop
  endfacet
  facet normal 0.866026 -0.499999 0
    outer loop
      vertex 7.23109 13.65 2
      vertex 8.98109 16.6811 0
      vertex 8.98109 16.6811 2
    endloop
  endfacet
  facet normal 0.866026 -0.499999 0
    outer loop
      vertex 8.98109 16.6811 0
      vertex 7.23109 13.65 2
      vertex 7.23109 13.65 0
    endloop
  endfacet
  facet normal 0.866026 0.499999 0
    outer loop
      vertex 8.98109 10.6189 2
      vertex 7.23109 13.65 0
      vertex 7.23109 13.65 2
    endloop
  endfacet
  facet normal 0.866026 0.499999 0
    outer loop
      vertex 7.23109 13.65 0
      vertex 8.98109 10.6189 2
      vertex 8.98109 10.6189 0
    endloop
  endfacet
  facet normal 0 1 -0
    outer loop
      vertex 19.9433 10.6189 0
      vertex 16.4433 10.6189 2
      vertex 19.9433 10.6189 2
    endloop
  endfacet
  facet normal 0 1 0
    outer loop
      vertex 16.4433 10.6189 2
      vertex 19.9433 10.6189 0
      vertex 16.4433 10.6189 0
    endloop
  endfacet
  facet normal -0.866026 0.499999 0
    outer loop
      vertex 19.9433 10.6189 0
      vertex 21.6933 13.65 2
      vertex 21.6933 13.65 0
    endloop
  endfacet
  facet normal -0.866026 0.499999 0
    outer loop
      vertex 21.6933 13.65 2
      vertex 19.9433 10.6189 0
      vertex 19.9433 10.6189 2
    endloop
  endfacet
  facet normal 0 -1 0
    outer loop
      vertex 16.4433 16.6811 0
      vertex 19.9433 16.6811 2
      vertex 16.4433 16.6811 2
    endloop
  endfacet
  facet normal 0 -1 -0
    outer loop
      vertex 19.9433 16.6811 2
      vertex 16.4433 16.6811 0
      vertex 19.9433 16.6811 0
    endloop
  endfacet
  facet normal -0.866026 -0.499999 0
    outer loop
      vertex 21.6933 13.65 0
      vertex 19.9433 16.6811 2
      vertex 19.9433 16.6811 0
    endloop
  endfacet
  facet normal -0.866026 -0.499999 0
    outer loop
      vertex 19.9433 16.6811 2
      vertex 21.6933 13.65 0
      vertex 21.6933 13.65 2
    endloop
  endfacet
  facet normal 0.866026 -0.499999 0
    outer loop
      vertex 14.6933 13.65 2
      vertex 16.4433 16.6811 0
      vertex 16.4433 16.6811 2
    endloop
  endfacet
  facet normal 0.866026 -0.499999 0
    outer loop
      vertex 16.4433 16.6811 0
      vertex 14.6933 13.65 2
      vertex 14.6933 13.65 0
    endloop
  endfacet
  facet normal 0.866026 0.499999 0
    outer loop
      vertex 16.4433 10.6189 2
      vertex 14.6933 13.65 0
      vertex 14.6933 13.65 2
    endloop
  endfacet
  facet normal 0.866026 0.499999 0
    outer loop
      vertex 14.6933 13.65 0
      vertex 16.4433 10.6189 2
      vertex 16.4433 10.6189 0
    endloop
  endfacet
  facet normal 0 1 -0
    outer loop
      vertex 27.4054 10.6189 0
      vertex 23.9054 10.6189 2
      vertex 27.4054 10.6189 2
    endloop
  endfacet
  facet normal 0 1 0
    outer loop
      vertex 23.9054 10.6189 2
      vertex 27.4054 10.6189 0
      vertex 23.9054 10.6189 0
    endloop
  endfacet
  facet normal -0.866026 0.499999 0
    outer loop
      vertex 27.4054 10.6189 0
      vertex 29.1554 13.65 2
      vertex 29.1554 13.65 0
    endloop
  endfacet
  facet normal -0.866026 0.499999 0
    outer loop
      vertex 29.1554 13.65 2
      vertex 27.4054 10.6189 0
      vertex 27.4054 10.6189 2
    endloop
  endfacet
  facet normal 0 -1 0
    outer loop
      vertex 23.9054 16.6811 0
      vertex 27.4054 16.6811 2
      vertex 23.9054 16.6811 2
    endloop
  endfacet
  facet normal 0 -1 -0
    outer loop
      vertex 27.4054 16.6811 2
      vertex 23.9054 16.6811 0
      vertex 27.4054 16.6811 0
    endloop
  endfacet
  facet normal -0.866026 -0.499999 0
    outer loop
      vertex 29.1554 13.65 0
      vertex 27.4054 16.6811 2
      vertex 27.4054 16.6811 0
    endloop
  endfacet
  facet normal -0.866026 -0.499999 0
    outer loop
      vertex 27.4054 16.6811 2
      vertex 29.1554 13.65 0
      vertex 29.1554 13.65 2
    endloop
  endfacet
  facet normal 0.866026 -0.499999 0
    outer loop
      vertex 22.1554 13.65 2
      vertex 23.9054 16.6811 0
      vertex 23.9054 16.6811 2
    endloop
  endfacet
  facet normal 0.866026 -0.499999 0
    outer loop
      vertex 23.9054 16.6811 0
      vertex 22.1554 13.65 2
      vertex 22.1554 13.65 0
    endloop
  endfacet
  facet normal 0.866026 0.499999 0
    outer loop
      vertex 23.9054 10.6189 2
      vertex 22.1554 13.65 0
      vertex 22.1554 13.65 2
    endloop
  endfacet
  facet normal 0.866026 0.499999 0
    outer loop
      vertex 22.1554 13.65 0
      vertex 23.9054 10.6189 2
      vertex 23.9054 10.6189 0
    endloop
  endfacet
  facet normal 0 1 -0
    outer loop
      vertex 34.8676 10.6189 0
      vertex 31.3676 10.6189 2
      vertex 34.8676 10.6189 2
    endloop
  endfacet
  facet normal 0 1 0
    outer loop
      vertex 31.3676 10.6189 2
      vertex 34.8676 10.6189 0
      vertex 31.3676 10.6189 0
    endloop
  endfacet
  facet normal -0.866026 0.499999 0
    outer loop
      vertex 34.8676 10.6189 0
      vertex 36.6176 13.65 2
      vertex 36.6176 13.65 0
    endloop
  endfacet
  facet normal -0.866026 0.499999 0
    outer loop
      vertex 36.6176 13.65 2
      vertex 34.8676 10.6189 0
      vertex 34.8676 10.6189 2
    endloop
  endfacet
  facet normal 0 -1 0
    outer loop
      vertex 31.3676 16.6811 0
      vertex 34.8676 16.6811 2
      vertex 31.3676 16.6811 2
    endloop
  endfacet
  facet normal 0 -1 -0
    outer loop
      vertex 34.8676 16.6811 2
      vertex 31.3676 16.6811 0
      vertex 34.8676 16.6811 0
    endloop
  endfacet
  facet normal -0.866026 -0.499999 0
    outer loop
      vertex 36.6176 13.65 0
      vertex 34.8676 16.6811 2
      vertex 34.8676 16.6811 0
    endloop
  endfacet
  facet normal -0.866026 -0.499999 0
    outer loop
      vertex 34.8676 16.6811 2
      vertex 36.6176 13.65 0
      vertex 36.6176 13.65 2
    endloop
  endfacet
  facet normal 0.866026 -0.499999 0
    outer loop
      vertex 29.6176 13.65 2
      vertex 31.3676 16.6811 0
      vertex 31.3676 16.6811 2
    endloop
  endfacet
  facet normal 0.866026 -0.499999 0
    outer loop
      vertex 31.3676 16.6811 0
      vertex 29.6176 13.65 2
      vertex 29.6176 13.65 0
    endloop
  endfacet
  facet normal 0.866026 0.499999 0
    outer loop
      vertex 31.3676 10.6189 2
      vertex 29.6176 13.65 0
      vertex 29.6176 13.65 2
    endloop
  endfacet
  facet normal 0.866026 0.499999 0
    outer loop
      vertex 29.6176 13.65 0
      vertex 31.3676 10.6189 2
      vertex 31.3676 10.6189 0
    endloop
  endfacet
  facet normal 0 1 -0
    outer loop
      vertex 42.3298 10.6189 0
      vertex 38.8298 10.6189 2
      vertex 42.3298 10.6189 2
    endloop
  endfacet
  facet normal 0 1 0
    outer loop
      vertex 38.8298 10.6189 2
      vertex 42.3298 10.6189 0
      vertex 38.8298 10.6189 0
    endloop
  endfacet
  facet normal -0.866026 0.499999 0
    outer loop
      vertex 42.3298 10.6189 0
      vertex 44.0798 13.65 2
      vertex 44.0798 13.65 0
    endloop
  endfacet
  facet normal -0.866026 0.499999 0
    outer loop
      vertex 44.0798 13.65 2
      vertex 42.3298 10.6189 0
      vertex 42.3298 10.6189 2
    endloop
  endfacet
  facet normal 0 -1 0
    outer loop
      vertex 38.8298 16.6811 0
      vertex 42.3298 16.6811 2
      vertex 38.8298 16.6811 2
    endloop
  endfacet
  facet normal 0 -1 -0
    outer loop
      vertex 42.3298 16.6811 2
      vertex 38.8298 16.6811 0
      vertex 42.3298 16.6811 0
    endloop
  endfacet
  facet normal -0.866026 -0.499999 0
    outer loop
      vertex 44.0798 13.65 0
      vertex 42.3298 16.6811 2
      vertex 42.3298 16.6811 0
    endloop
  endfacet
  facet normal -0.866026 -0.499999 0
    outer loop
      vertex 42.3298 16.6811 2
      vertex 44.0798 13.65 0
      vertex 44.0798 13.65 2
    endloop
  endfacet
  facet normal 0.866026 -0.499999 0
    outer loop
      vertex 37.0798 13.65 2
      vertex 38.8298 16.6811 0
      vertex 38.8298 16.6811 2
    endloop
  endfacet
  facet normal 0.866026 -0.499999 0
    outer loop
      vertex 38.8298 16.6811 0
      vertex 37.0798 13.65 2
      vertex 37.0798 13.65 0
    endloop
  endfacet
  facet normal 0.866026 0.499999 0
    outer loop
      vertex 38.8298 10.6189 2
      vertex 37.0798 13.65 0
      vertex 37.0798 13.65 2
    endloop
  endfacet
  facet normal 0.866026 0.499999 0
    outer loop
      vertex 37.0798 13.65 0
      vertex 38.8298 10.6189 2
      vertex 38.8298 10.6189 0
    endloop
  endfacet
  facet normal 0 1 -0
    outer loop
      vertex 49.792 10.6189 0
      vertex 46.292 10.6189 2
      vertex 49.792 10.6189 2
    endloop
  endfacet
  facet normal 0 1 0
    outer loop
      vertex 46.292 10.6189 2
      vertex 49.792 10.6189 0
      vertex 46.292 10.6189 0
    endloop
  endfacet
  facet normal -0.866026 0.499999 0
    outer loop
      vertex 49.792 10.6189 0
      vertex 51.542 13.65 2
      vertex 51.542 13.65 0
    endloop
  endfacet
  facet normal -0.866026 0.499999 0
    outer loop
      vertex 51.542 13.65 2
      vertex 49.792 10.6189 0
      vertex 49.792 10.6189 2
    endloop
  endfacet
  facet normal 0 -1 0
    outer loop
      vertex 46.292 16.6811 0
      vertex 49.792 16.6811 2
      vertex 46.292 16.6811 2
    endloop
  endfacet
  facet normal 0 -1 -0
    outer loop
      vertex 49.792 16.6811 2
      vertex 46.292 16.6811 0
      vertex 49.792 16.6811 0
    endloop
  endfacet
  facet normal -0.866026 -0.499999 0
    outer loop
      vertex 51.542 13.65 0
      vertex 49.792 16.6811 2
      vertex 49.792 16.6811 0
    endloop
  endfacet
  facet normal -0.866026 -0.499999 0
    outer loop
      vertex 49.792 16.6811 2
      vertex 51.542 13.65 0
      vertex 51.542 13.65 2
    endloop
  endfacet
  facet normal 0.866026 -0.499999 0
    outer loop
      vertex 44.542 13.65 2
      vertex 46.292 16.6811 0
      vertex 46.292 16.6811 2
    endloop
  endfacet
  facet normal 0.866026 -0.499999 0
    outer loop
      vertex 46.292 16.6811 0
      vertex 44.542 13.65 2
      vertex 44.542 13.65 0
    endloop
  endfacet
  facet normal 0.866026 0.499999 0
    outer loop
      vertex 46.292 10.6189 2
      vertex 44.542 13.65 0
      vertex 44.542 13.65 2
    endloop
  endfacet
  facet normal 0.866026 0.499999 0
    outer loop
      vertex 44.542 13.65 0
      vertex 46.292 10.6189 2
      vertex 46.292 10.6189 0
    endloop
  endfacet
  facet normal 0 1 -0
    outer loop
      vertex 16.2122 17.2689 0
      vertex 12.7122 17.2689 2
      vertex 16.2122 17.2689 2
    endloop
  endfacet
  facet normal 0 1 0
    outer loop
      vertex 12.7122 17.2689 2
      vertex 16.2122 17.2689 0
      vertex 12.7122 17.2689 0
    endloop
  endfacet
  facet normal -0.866026 0.499999 0
    outer loop
      vertex 16.2122 17.2689 0
      vertex 17.9622 20.3 2
      vertex 17.9622 20.3 0
    endloop
  endfacet
  facet normal -0.866026 0.499999 0
    outer loop
      vertex 17.9622 20.3 2
      vertex 16.2122 17.2689 0
      vertex 16.2122 17.2689 2
    endloop
  endfacet
  facet normal 0 -1 0
    outer loop
      vertex 12.7122 23.3311 0
      vertex 16.2122 23.3311 2
      vertex 12.7122 23.3311 2
    endloop
  endfacet
  facet normal 0 -1 -0
    outer loop
      vertex 16.2122 23.3311 2
      vertex 12.7122 23.3311 0
      vertex 16.2122 23.3311 0
    endloop
  endfacet
  facet normal -0.866026 -0.499999 0
    outer loop
      vertex 17.9622 20.3 0
      vertex 16.2122 23.3311 2
      vertex 16.2122 23.3311 0
    endloop
  endfacet
  facet normal -0.866026 -0.499999 0
    outer loop
      vertex 16.2122 23.3311 2
      vertex 17.9622 20.3 0
      vertex 17.9622 20.3 2
    endloop
  endfacet
  facet normal 0.866026 -0.499999 0
    outer loop
      vertex 10.9622 20.3 2
      vertex 12.7122 23.3311 0
      vertex 12.7122 23.3311 2
    endloop
  endfacet
  facet normal 0.866026 -0.499999 0
    outer loop
      vertex 12.7122 23.3311 0
      vertex 10.9622 20.3 2
      vertex 10.9622 20.3 0
    endloop
  endfacet
  facet normal 0.866026 0.499999 0
    outer loop
      vertex 12.7122 17.2689 2
      vertex 10.9622 20.3 0
      vertex 10.9622 20.3 2
    endloop
  endfacet
  facet normal 0.866026 0.499999 0
    outer loop
      vertex 10.9622 20.3 0
      vertex 12.7122 17.2689 2
      vertex 12.7122 17.2689 0
    endloop
  endfacet
  facet normal 0 1 -0
    outer loop
      vertex 23.6744 17.2689 0
      vertex 20.1744 17.2689 2
      vertex 23.6744 17.2689 2
    endloop
  endfacet
  facet normal 0 1 0
    outer loop
      vertex 20.1744 17.2689 2
      vertex 23.6744 17.2689 0
      vertex 20.1744 17.2689 0
    endloop
  endfacet
  facet normal -0.866026 0.499999 0
    outer loop
      vertex 23.6744 17.2689 0
      vertex 25.4244 20.3 2
      vertex 25.4244 20.3 0
    endloop
  endfacet
  facet normal -0.866026 0.499999 0
    outer loop
      vertex 25.4244 20.3 2
      vertex 23.6744 17.2689 0
      vertex 23.6744 17.2689 2
    endloop
  endfacet
  facet normal 0 -1 0
    outer loop
      vertex 20.1744 23.3311 0
      vertex 23.6744 23.3311 2
      vertex 20.1744 23.3311 2
    endloop
  endfacet
  facet normal 0 -1 -0
    outer loop
      vertex 23.6744 23.3311 2
      vertex 20.1744 23.3311 0
      vertex 23.6744 23.3311 0
    endloop
  endfacet
  facet normal -0.866026 -0.499999 0
    outer loop
      vertex 25.4244 20.3 0
      vertex 23.6744 23.3311 2
      vertex 23.6744 23.3311 0
    endloop
  endfacet
  facet normal -0.866026 -0.499999 0
    outer loop
      vertex 23.6744 23.3311 2
      vertex 25.4244 20.3 0
      vertex 25.4244 20.3 2
    endloop
  endfacet
  facet normal 0.866026 -0.499999 0
    outer loop
      vertex 18.4244 20.3 2
      vertex 20.1744 23.3311 0
      vertex 20.1744 23.3311 2
    endloop
  endfacet
  facet normal 0.866026 -0.499999 0
    outer loop
      vertex 20.1744 23.3311 0
      vertex 18.4244 20.3 2
      vertex 18.4244 20.3 0
    endloop
  endfacet
  facet normal 0.866026 0.499999 0
    outer loop
      vertex 20.1744 17.2689 2
      vertex 18.4244 20.3 0
      vertex 18.4244 20.3 2
    endloop
  endfacet
  facet normal 0.866026 0.499999 0
    outer loop
      vertex 18.4244 20.3 0
      vertex 20.1744 17.2689 2
      vertex 20.1744 17.2689 0
    endloop
  endfacet
  facet normal 0 1 -0
    outer loop
      vertex 31.1365 17.2689 0
      vertex 27.6365 17.2689 2
      vertex 31.1365 17.2689 2
    endloop
  endfacet
  facet normal 0 1 0
    outer loop
      vertex 27.6365 17.2689 2
      vertex 31.1365 17.2689 0
      vertex 27.6365 17.2689 0
    endloop
  endfacet
  facet normal -0.866026 0.499999 0
    outer loop
      vertex 31.1365 17.2689 0
      vertex 32.8865 20.3 2
      vertex 32.8865 20.3 0
    endloop
  endfacet
  facet normal -0.866026 0.499999 0
    outer loop
      vertex 32.8865 20.3 2
      vertex 31.1365 17.2689 0
      vertex 31.1365 17.2689 2
    endloop
  endfacet
  facet normal 0 -1 0
    outer loop
      vertex 27.6365 23.3311 0
      vertex 31.1365 23.3311 2
      vertex 27.6365 23.3311 2
    endloop
  endfacet
  facet normal 0 -1 -0
    outer loop
      vertex 31.1365 23.3311 2
      vertex 27.6365 23.3311 0
      vertex 31.1365 23.3311 0
    endloop
  endfacet
  facet normal -0.866026 -0.499999 0
    outer loop
      vertex 32.8865 20.3 0
      vertex 31.1365 23.3311 2
      vertex 31.1365 23.3311 0
    endloop
  endfacet
  facet normal -0.866026 -0.499999 0
    outer loop
      vertex 31.1365 23.3311 2
      vertex 32.8865 20.3 0
      vertex 32.8865 20.3 2
    endloop
  endfacet
  facet normal 0.866026 -0.499999 0
    outer loop
      vertex 25.8865 20.3 2
      vertex 27.6365 23.3311 0
      vertex 27.6365 23.3311 2
    endloop
  endfacet
  facet normal 0.866026 -0.499999 0
    outer loop
      vertex 27.6365 23.3311 0
      vertex 25.8865 20.3 2
      vertex 25.8865 20.3 0
    endloop
  endfacet
  facet normal 0.866026 0.499999 0
    outer loop
      vertex 27.6365 17.2689 2
      vertex 25.8865 20.3 0
      vertex 25.8865 20.3 2
    endloop
  endfacet
  facet normal 0.866026 0.499999 0
    outer loop
      vertex 25.8865 20.3 0
      vertex 27.6365 17.2689 2
      vertex 27.6365 17.2689 0
    endloop
  endfacet
  facet normal 0 1 -0
    outer loop
      vertex 38.5987 17.2689 0
      vertex 35.0987 17.2689 2
      vertex 38.5987 17.2689 2
    endloop
  endfacet
  facet normal 0 1 0
    outer loop
      vertex 35.0987 17.2689 2
      vertex 38.5987 17.2689 0
      vertex 35.0987 17.2689 0
    endloop
  endfacet
  facet normal -0.866026 0.499999 0
    outer loop
      vertex 38.5987 17.2689 0
      vertex 40.3487 20.3 2
      vertex 40.3487 20.3 0
    endloop
  endfacet
  facet normal -0.866026 0.499999 0
    outer loop
      vertex 40.3487 20.3 2
      vertex 38.5987 17.2689 0
      vertex 38.5987 17.2689 2
    endloop
  endfacet
  facet normal 0 -1 0
    outer loop
      vertex 35.0987 23.3311 0
      vertex 38.5987 23.3311 2
      vertex 35.0987 23.3311 2
    endloop
  endfacet
  facet normal 0 -1 -0
    outer loop
      vertex 38.5987 23.3311 2
      vertex 35.0987 23.3311 0
      vertex 38.5987 23.3311 0
    endloop
  endfacet
  facet normal -0.866026 -0.499999 0
    outer loop
      vertex 40.3487 20.3 0
      vertex 38.5987 23.3311 2
      vertex 38.5987 23.3311 0
    endloop
  endfacet
  facet normal -0.866026 -0.499999 0
    outer loop
      vertex 38.5987 23.3311 2
      vertex 40.3487 20.3 0
      vertex 40.3487 20.3 2
    endloop
  endfacet
  facet normal 0.866026 -0.499999 0
    outer loop
      vertex 33.3487 20.3 2
      vertex 35.0987 23.3311 0
      vertex 35.0987 23.3311 2
    endloop
  endfacet
  facet normal 0.866026 -0.499999 0
    outer loop
      vertex 35.0987 23.3311 0
      vertex 33.3487 20.3 2
      vertex 33.3487 20.3 0
    endloop
  endfacet
  facet normal 0.866026 0.499999 0
    outer loop
      vertex 35.0987 17.2689 2
      vertex 33.3487 20.3 0
      vertex 33.3487 20.3 2
    endloop
  endfacet
  facet normal 0.866026 0.499999 0
    outer loop
      vertex 33.3487 20.3 0
      vertex 35.0987 17.2689 2
      vertex 35.0987 17.2689 0
    endloop
  endfacet
  facet normal 0 1 -0
    outer loop
      vertex 46.0609 17.2689 0
      vertex 42.5609 17.2689 2
      vertex 46.0609 17.2689 2
    endloop
  endfacet
  facet normal 0 1 0
    outer loop
      vertex 42.5609 17.2689 2
      vertex 46.0609 17.2689 0
      vertex 42.5609 17.2689 0
    endloop
  endfacet
  facet normal -0.866026 0.499999 0
    outer loop
      vertex 46.0609 17.2689 0
      vertex 47.8109 20.3 2
      vertex 47.8109 20.3 0
    endloop
  endfacet
  facet normal -0.866026 0.499999 0
    outer loop
      vertex 47.8109 20.3 2
      vertex 46.0609 17.2689 0
      vertex 46.0609 17.2689 2
    endloop
  endfacet
  facet normal 0 -1 0
    outer loop
      vertex 42.5609 23.3311 0
      vertex 46.0609 23.3311 2
      vertex 42.5609 23.3311 2
    endloop
  endfacet
  facet normal 0 -1 -0
    outer loop
      vertex 46.0609 23.3311 2
      vertex 42.5609 23.3311 0
      vertex 46.0609 23.3311 0
    endloop
  endfacet
  facet normal -0.866026 -0.499999 0
    outer loop
      vertex 47.8109 20.3 0
      vertex 46.0609 23.3311 2
      vertex 46.0609 23.3311 0
    endloop
  endfacet
  facet normal -0.866026 -0.499999 0
    outer loop
      vertex 46.0609 23.3311 2
      vertex 47.8109 20.3 0
      vertex 47.8109 20.3 2
    endloop
  endfacet
  facet normal 0.866026 -0.499999 0
    outer loop
      vertex 40.8109 20.3 2
      vertex 42.5609 23.3311 0
      vertex 42.5609 23.3311 2
    endloop
  endfacet
  facet normal 0.866026 -0.499999 0
    outer loop
      vertex 42.5609 23.3311 0
      vertex 40.8109 20.3 2
      vertex 40.8109 20.3 0
    endloop
  endfacet
  facet normal 0.866026 0.499999 0
    outer loop
      vertex 42.5609 17.2689 2
      vertex 40.8109 20.3 0
      vertex 40.8109 20.3 2
    endloop
  endfacet
  facet normal 0.866026 0.499999 0
    outer loop
      vertex 40.8109 20.3 0
      vertex 42.5609 17.2689 2
      vertex 42.5609 17.2689 0
    endloop
  endfacet
  facet normal 0 1 -0
    outer loop
      vertex 53.5231 17.2689 0
      vertex 50.0231 17.2689 2
      vertex 53.5231 17.2689 2
    endloop
  endfacet
  facet normal 0 1 0
    outer loop
      vertex 50.0231 17.2689 2
      vertex 53.5231 17.2689 0
      vertex 50.0231 17.2689 0
    endloop
  endfacet
  facet normal -0.866026 0.499999 0
    outer loop
      vertex 53.5231 17.2689 0
      vertex 55.2731 20.3 2
      vertex 55.2731 20.3 0
    endloop
  endfacet
  facet normal -0.866026 0.499999 0
    outer loop
      vertex 55.2731 20.3 2
      vertex 53.5231 17.2689 0
      vertex 53.5231 17.2689 2
    endloop
  endfacet
  facet normal 0 -1 0
    outer loop
      vertex 50.0231 23.3311 0
      vertex 53.5231 23.3311 2
      vertex 50.0231 23.3311 2
    endloop
  endfacet
  facet normal 0 -1 -0
    outer loop
      vertex 53.5231 23.3311 2
      vertex 50.0231 23.3311 0
      vertex 53.5231 23.3311 0
    endloop
  endfacet
  facet normal -0.866026 -0.499999 0
    outer loop
      vertex 55.2731 20.3 0
      vertex 53.5231 23.3311 2
      vertex 53.5231 23.3311 0
    endloop
  endfacet
  facet normal -0.866026 -0.499999 0
    outer loop
      vertex 53.5231 23.3311 2
      vertex 55.2731 20.3 0
      vertex 55.2731 20.3 2
    endloop
  endfacet
  facet normal 0.866026 -0.499999 0
    outer loop
      vertex 48.2731 20.3 2
      vertex 50.0231 23.3311 0
      vertex 50.0231 23.3311 2
    endloop
  endfacet
  facet normal 0.866026 -0.499999 0
    outer loop
      vertex 50.0231 23.3311 0
      vertex 48.2731 20.3 2
      vertex 48.2731 20.3 0
    endloop
  endfacet
  facet normal 0.866026 0.499999 0
    outer loop
      vertex 50.0231 17.2689 2
      vertex 48.2731 20.3 0
      vertex 48.2731 20.3 2
    endloop
  endfacet
  facet normal 0.866026 0.499999 0
    outer loop
      vertex 48.2731 20.3 0
      vertex 50.0231 17.2689 2
      vertex 50.0231 17.2689 0
    endloop
  endfacet
  facet normal 0 1 -0
    outer loop
      vertex 12.4811 23.9189 0
      vertex 8.98109 23.9189 2
      vertex 12.4811 23.9189 2
    endloop
  endfacet
  facet normal 0 1 0
    outer loop
      vertex 8.98109 23.9189 2
      vertex 12.4811 23.9189 0
      vertex 8.98109 23.9189 0
    endloop
  endfacet
  facet normal -0.866026 0.499999 0
    outer loop
      vertex 12.4811 23.9189 0
      vertex 14.2311 26.95 2
      vertex 14.2311 26.95 0
    endloop
  endfacet
  facet normal -0.866026 0.499999 0
    outer loop
      vertex 14.2311 26.95 2
      vertex 12.4811 23.9189 0
      vertex 12.4811 23.9189 2
    endloop
  endfacet
  facet normal 0 -1 0
    outer loop
      vertex 8.98109 29.9811 0
      vertex 12.4811 29.9811 2
      vertex 8.98109 29.9811 2
    endloop
  endfacet
  facet normal 0 -1 -0
    outer loop
      vertex 12.4811 29.9811 2
      vertex 8.98109 29.9811 0
      vertex 12.4811 29.9811 0
    endloop
  endfacet
  facet normal -0.866026 -0.499999 0
    outer loop
      vertex 14.2311 26.95 0
      vertex 12.4811 29.9811 2
      vertex 12.4811 29.9811 0
    endloop
  endfacet
  facet normal -0.866026 -0.499999 0
    outer loop
      vertex 12.4811 29.9811 2
      vertex 14.2311 26.95 0
      vertex 14.2311 26.95 2
    endloop
  endfacet
  facet normal 0.866026 -0.499999 0
    outer loop
      vertex 7.23109 26.95 2
      vertex 8.98109 29.9811 0
      vertex 8.98109 29.9811 2
    endloop
  endfacet
  facet normal 0.866026 -0.499999 0
    outer loop
      vertex 8.98109 29.9811 0
      vertex 7.23109 26.95 2
      vertex 7.23109 26.95 0
    endloop
  endfacet
  facet normal 0.866026 0.499999 0
    outer loop
      vertex 8.98109 23.9189 2
      vertex 7.23109 26.95 0
      vertex 7.23109 26.95 2
    endloop
  endfacet
  facet normal 0.866026 0.499999 0
    outer loop
      vertex 7.23109 26.95 0
      vertex 8.98109 23.9189 2
      vertex 8.98109 23.9189 0
    endloop
  endfacet
  facet normal 0 1 -0
    outer loop
      vertex 19.9433 23.9189 0
      vertex 16.4433 23.9189 2
      vertex 19.9433 23.9189 2
    endloop
  endfacet
  facet normal 0 1 0
    outer loop
      vertex 16.4433 23.9189 2
      vertex 19.9433 23.9189 0
      vertex 16.4433 23.9189 0
    endloop
  endfacet
  facet normal -0.866026 0.499999 0
    outer loop
      vertex 19.9433 23.9189 0
      vertex 21.6933 26.95 2
      vertex 21.6933 26.95 0
    endloop
  endfacet
  facet normal -0.866026 0.499999 0
    outer loop
      vertex 21.6933 26.95 2
      vertex 19.9433 23.9189 0
      vertex 19.9433 23.9189 2
    endloop
  endfacet
  facet normal 0 -1 0
    outer loop
      vertex 16.4433 29.9811 0
      vertex 19.9433 29.9811 2
      vertex 16.4433 29.9811 2
    endloop
  endfacet
  facet normal 0 -1 -0
    outer loop
      vertex 19.9433 29.9811 2
      vertex 16.4433 29.9811 0
      vertex 19.9433 29.9811 0
    endloop
  endfacet
  facet normal -0.866026 -0.499999 0
    outer loop
      vertex 21.6933 26.95 0
      vertex 19.9433 29.9811 2
      vertex 19.9433 29.9811 0
    endloop
  endfacet
  facet normal -0.866026 -0.499999 0
    outer loop
      vertex 19.9433 29.9811 2
      vertex 21.6933 26.95 0
      vertex 21.6933 26.95 2
    endloop
  endfacet
  facet normal 0.866026 -0.499999 0
    outer loop
      vertex 14.6933 26.95 2
      vertex 16.4433 29.9811 0
      vertex 16.4433 29.9811 2
    endloop
  endfacet
  facet normal 0.866026 -0.499999 0
    outer loop
      vertex 16.4433 29.9811 0
      vertex 14.6933 26.95 2
      vertex 14.6933 26.95 0
    endloop
  endfacet
  facet normal 0.866026 0.499999 0
    outer loop
      vertex 16.4433 23.9189 2
      vertex 14.6933 26.95 0
      vertex 14.6933 26.95 2
    endloop
  endfacet
  facet normal 0.866026 0.499999 0
    outer loop
      vertex 14.6933 26.95 0
      vertex 16.4433 23.9189 2
      vertex 16.4433 23.9189 0
    endloop
  endfacet
  facet normal 0 1 -0
    outer loop
      vertex 27.4054 23.9189 0
      vertex 23.9054 23.9189 2
      vertex 27.4054 23.9189 2
    endloop
  endfacet
  facet normal 0 1 0
    outer loop
      vertex 23.9054 23.9189 2
      vertex 27.4054 23.9189 0
      vertex 23.9054 23.9189 0
    endloop
  endfacet
  facet normal -0.866026 0.499999 0
    outer loop
      vertex 27.4054 23.9189 0
      vertex 29.1554 26.95 2
      vertex 29.1554 26.95 0
    endloop
  endfacet
  facet normal -0.866026 0.499999 0
    outer loop
      vertex 29.1554 26.95 2
      vertex 27.4054 23.9189 0
      vertex 27.4054 23.9189 2
    endloop
  endfacet
  facet normal 0 -1 0
    outer loop
      vertex 23.9054 29.9811 0
      vertex 27.4054 29.9811 2
      vertex 23.9054 29.9811 2
    endloop
  endfacet
  facet normal 0 -1 -0
    outer loop
      vertex 27.4054 29.9811 2
      vertex 23.9054 29.9811 0
      vertex 27.4054 29.9811 0
    endloop
  endfacet
  facet normal -0.866026 -0.499999 0
    outer loop
      vertex 29.1554 26.95 0
      vertex 27.4054 29.9811 2
      vertex 27.4054 29.9811 0
    endloop
  endfacet
  facet normal -0.866026 -0.499999 0
    outer loop
      vertex 27.4054 29.9811 2
      vertex 29.1554 26.95 0
      vertex 29.1554 26.95 2
    endloop
  endfacet
  facet normal 0.866026 -0.499999 0
    outer loop
      vertex 22.1554 26.95 2
      vertex 23.9054 29.9811 0
      vertex 23.9054 29.9811 2
    endloop
  endfacet
  facet normal 0.866026 -0.499999 0
    outer loop
      vertex 23.9054 29.9811 0
      vertex 22.1554 26.95 2
      vertex 22.1554 26.95 0
    endloop
  endfacet
  facet normal 0.866026 0.499999 0
    outer loop
      vertex 23.9054 23.9189 2
      vertex 22.1554 26.95 0
      vertex 22.1554 26.95 2
    endloop
  endfacet
  facet normal 0.866026 0.499999 0
    outer loop
      vertex 22.1554 26.95 0
      vertex 23.9054 23.9189 2
      vertex 23.9054 23.9189 0
    endloop
  endfacet
  facet normal 0 1 -0
    outer loop
      vertex 34.8676 23.9189 0
      vertex 31.3676 23.9189 2
      vertex 34.8676 23.9189 2
    endloop
  endfacet
  facet normal 0 1 0
    outer loop
      vertex 31.3676 23.9189 2
      vertex 34.8676 23.9189 0
      vertex 31.3676 23.9189 0
    endloop
  endfacet
  facet normal -0.866026 0.499999 0
    outer loop
      vertex 34.8676 23.9189 0
      vertex 36.6176 26.95 2
      vertex 36.6176 26.95 0
    endloop
  endfacet
  facet normal -0.866026 0.499999 0
    outer loop
      vertex 36.6176 26.95 2
      vertex 34.8676 23.9189 0
      vertex 34.8676 23.9189 2
    endloop
  endfacet
  facet normal 0 -1 0
    outer loop
      vertex 31.3676 29.9811 0
      vertex 34.8676 29.9811 2
      vertex 31.3676 29.9811 2
    endloop
  endfacet
  facet normal 0 -1 -0
    outer loop
      vertex 34.8676 29.9811 2
      vertex 31.3676 29.9811 0
      vertex 34.8676 29.9811 0
    endloop
  endfacet
  facet normal -0.866026 -0.499999 0
    outer loop
      vertex 36.6176 26.95 0
      vertex 34.8676 29.9811 2
      vertex 34.8676 29.9811 0
    endloop
  endfacet
  facet normal -0.866026 -0.499999 0
    outer loop
      vertex 34.8676 29.9811 2
      vertex 36.6176 26.95 0
      vertex 36.6176 26.95 2
    endloop
  endfacet
  facet normal 0.866026 -0.499999 0
    outer loop
      vertex 29.6176 26.95 2
      vertex 31.3676 29.9811 0
      vertex 31.3676 29.9811 2
    endloop
  endfacet
  facet normal 0.866026 -0.499999 0
    outer loop
      vertex 31.3676 29.9811 0
      vertex 29.6176 26.95 2
      vertex 29.6176 26.95 0
    endloop
  endfacet
  facet normal 0.866026 0.499999 0
    outer loop
      vertex 31.3676 23.9189 2
      vertex 29.6176 26.95 0
      vertex 29.6176 26.95 2
    endloop
  endfacet
  facet normal 0.866026 0.499999 0
    outer loop
      vertex 29.6176 26.95 0
      vertex 31.3676 23.9189 2
      vertex 31.3676 23.9189 0
    endloop
  endfacet
  facet normal 0 1 -0
    outer loop
      vertex 42.3298 23.9189 0
      vertex 38.8298 23.9189 2
      vertex 42.3298 23.9189 2
    endloop
  endfacet
  facet normal 0 1 0
    outer loop
      vertex 38.8298 23.9189 2
      vertex 42.3298 23.9189 0
      vertex 38.8298 23.9189 0
    endloop
  endfacet
  facet normal -0.866026 0.499999 0
    outer loop
      vertex 42.3298 23.9189 0
      vertex 44.0798 26.95 2
      vertex 44.0798 26.95 0
    endloop
  endfacet
  facet normal -0.866026 0.499999 0
    outer loop
      vertex 44.0798 26.95 2
      vertex 42.3298 23.9189 0
      vertex 42.3298 23.9189 2
    endloop
  endfacet
  facet normal 0 -1 0
    outer loop
      vertex 38.8298 29.9811 0
      vertex 42.3298 29.9811 2
      vertex 38.8298 29.9811 2
    endloop
  endfacet
  facet normal 0 -1 -0
    outer loop
      vertex 42.3298 29.9811 2
      vertex 38.8298 29.9811 0
      vertex 42.3298 29.9811 0
    endloop
  endfacet
  facet normal -0.866026 -0.499999 0
    outer loop
      vertex 44.0798 26.95 0
      vertex 42.3298 29.9811 2
      vertex 42.3298 29.9811 0
    endloop
  endfacet
  facet normal -0.866026 -0.499999 0
    outer loop
      vertex 42.3298 29.9811 2
      vertex 44.0798 26.95 0
      vertex 44.0798 26.95 2
    endloop
  endfacet
  facet normal 0.866026 -0.499999 0
    outer loop
      vertex 37.0798 26.95 2
      vertex 38.8298 29.9811 0
      vertex 38.8298 29.9811 2
    endloop
  endfacet
  facet normal 0.866026 -0.499999 0
    outer loop
      vertex 38.8298 29.9811 0
      vertex 37.0798 26.95 2
      vertex 37.0798 26.95 0
    endloop
  endfacet
  facet normal 0.866026 0.499999 0
    outer loop
      vertex 38.8298 23.9189 2
      vertex 37.0798 26.95 0
      vertex 37.0798 26.95 2
    endloop
  endfacet
  facet normal 0.866026 0.499999 0
    outer loop
      vertex 37.0798 26.95 0
      vertex 38.8298 23.9189 2
      vertex 38.8298 23.9189 0
    endloop
  endfacet
  facet normal 0 1 -0
    outer loop
      vertex 49.792 23.9189 0
      vertex 46.292 23.9189 2
      vertex 49.792 23.9189 2
    endloop
  endfacet
  facet normal 0 1 0
    outer loop
      vertex 46.292 23.9189 2
      vertex 49.792 23.9189 0
      vertex 46.292 23.9189 0
    endloop
  endfacet
  facet normal -0.866026 0.499999 0
    outer loop
      vertex 49.792 23.9189 0
      vertex 51.542 26.95 2
      vertex 51.542 26.95 0
    endloop
  endfacet
  facet normal -0.866026 0.499999 0
    outer loop
      vertex 51.542 26.95 2
      vertex 49.792 23.9189 0
      vertex 49.792 23.9189 2
    endloop
  endfacet
  facet normal 0 -1 0
    outer loop
      vertex 46.292 29.9811 0
      vertex 49.792 29.9811 2
      vertex 46.292 29.9811 2
    endloop
  endfacet
  facet normal 0 -1 -0
    outer loop
      vertex 49.792 29.9811 2
      vertex 46.292 29.9811 0
      vertex 49.792 29.9811 0
    endloop
  endfacet
  facet normal -0.866026 -0.499999 0
    outer loop
      vertex 51.542 26.95 0
      vertex 49.792 29.9811 2
      vertex 49.792 29.9811 0
    endloop
  endfacet
  facet normal -0.866026 -0.499999 0
    outer loop
      vertex 49.792 29.9811 2
      vertex 51.542 26.95 0
      vertex 51.542 26.95 2
    endloop
  endfacet
  facet normal 0.866026 -0.499999 0
    outer loop
      vertex 44.542 26.95 2
      vertex 46.292 29.9811 0
      vertex 46.292 29.9811 2
    endloop
  endfacet
  facet normal 0.866026 -0.499999 0
    outer loop
      vertex 46.292 29.9811 0
      vertex 44.542 26.95 2
      vertex 44.542 26.95 0
    endloop
  endfacet
  facet normal 0.866026 0.499999 0
    outer loop
      vertex 46.292 23.9189 2
      vertex 44.542 26.95 0
      vertex 44.542 26.95 2
    endloop
  endfacet
  facet normal 0.866026 0.499999 0
    outer loop
      vertex 44.542 26.95 0
      vertex 46.292 23.9189 2
      vertex 46.292 23.9189 0
    endloop
  endfacet
  facet normal 0 1 -0
    outer loop
      vertex 16.2122 30.5689 0
      vertex 12.7122 30.5689 2
      vertex 16.2122 30.5689 2
    endloop
  endfacet
  facet normal 0 1 0
    outer loop
      vertex 12.7122 30.5689 2
      vertex 16.2122 30.5689 0
      vertex 12.7122 30.5689 0
    endloop
  endfacet
  facet normal -0.866026 0.499999 0
    outer loop
      vertex 16.2122 30.5689 0
      vertex 17.9622 33.6 2
      vertex 17.9622 33.6 0
    endloop
  endfacet
  facet normal -0.866026 0.499999 0
    outer loop
      vertex 17.9622 33.6 2
      vertex 16.2122 30.5689 0
      vertex 16.2122 30.5689 2
    endloop
  endfacet
  facet normal 0 -1 0
    outer loop
      vertex 12.7122 36.6311 0
      vertex 16.2122 36.6311 2
      vertex 12.7122 36.6311 2
    endloop
  endfacet
  facet normal 0 -1 -0
    outer loop
      vertex 16.2122 36.6311 2
      vertex 12.7122 36.6311 0
      vertex 16.2122 36.6311 0
    endloop
  endfacet
  facet normal -0.866026 -0.499999 0
    outer loop
      vertex 17.9622 33.6 0
      vertex 16.2122 36.6311 2
      vertex 16.2122 36.6311 0
    endloop
  endfacet
  facet normal -0.866026 -0.499999 0
    outer loop
      vertex 16.2122 36.6311 2
      vertex 17.9622 33.6 0
      vertex 17.9622 33.6 2
    endloop
  endfacet
  facet normal 0.866026 -0.499999 0
    outer loop
      vertex 10.9622 33.6 2
      vertex 12.7122 36.6311 0
      vertex 12.7122 36.6311 2
    endloop
  endfacet
  facet normal 0.866026 -0.499999 0
    outer loop
      vertex 12.7122 36.6311 0
      vertex 10.9622 33.6 2
      vertex 10.9622 33.6 0
    endloop
  endfacet
  facet normal 0.866026 0.499999 0
    outer loop
      vertex 12.7122 30.5689 2
      vertex 10.9622 33.6 0
      vertex 10.9622 33.6 2
    endloop
  endfacet
  facet normal 0.866026 0.499999 0
    outer loop
      vertex 10.9622 33.6 0
      vertex 12.7122 30.5689 2
      vertex 12.7122 30.5689 0
    endloop
  endfacet
  facet normal 0 1 -0
    outer loop
      vertex 23.6744 30.5689 0
      vertex 20.1744 30.5689 2
      vertex 23.6744 30.5689 2
    endloop
  endfacet
  facet normal 0 1 0
    outer loop
      vertex 20.1744 30.5689 2
      vertex 23.6744 30.5689 0
      vertex 20.1744 30.5689 0
    endloop
  endfacet
  facet normal -0.866026 0.499999 0
    outer loop
      vertex 23.6744 30.5689 0
      vertex 25.4244 33.6 2
      vertex 25.4244 33.6 0
    endloop
  endfacet
  facet normal -0.866026 0.499999 0
    outer loop
      vertex 25.4244 33.6 2
      vertex 23.6744 30.5689 0
      vertex 23.6744 30.5689 2
    endloop
  endfacet
  facet normal 0 -1 0
    outer loop
      vertex 20.1744 36.6311 0
      vertex 23.6744 36.6311 2
      vertex 20.1744 36.6311 2
    endloop
  endfacet
  facet normal 0 -1 -0
    outer loop
      vertex 23.6744 36.6311 2
      vertex 20.1744 36.6311 0
      vertex 23.6744 36.6311 0
    endloop
  endfacet
  facet normal -0.866026 -0.499999 0
    outer loop
      vertex 25.4244 33.6 0
      vertex 23.6744 36.6311 2
      vertex 23.6744 36.6311 0
    endloop
  endfacet
  facet normal -0.866026 -0.499999 0
    outer loop
      vertex 23.6744 36.6311 2
      vertex 25.4244 33.6 0
      vertex 25.4244 33.6 2
    endloop
  endfacet
  facet normal 0.866026 -0.499999 0
    outer loop
      vertex 18.4244 33.6 2
      vertex 20.1744 36.6311 0
      vertex 20.1744 36.6311 2
    endloop
  endfacet
  facet normal 0.866026 -0.499999 0
    outer loop
      vertex 20.1744 36.6311 0
      vertex 18.4244 33.6 2
      vertex 18.4244 33.6 0
    endloop
  endfacet
  facet normal 0.866026 0.499999 0
    outer loop
      vertex 20.1744 30.5689 2
      vertex 18.4244 33.6 0
      vertex 18.4244 33.6 2
    endloop
  endfacet
  facet normal 0.866026 0.499999 0
    outer loop
      vertex 18.4244 33.6 0
      vertex 20.1744 30.5689 2
      vertex 20.1744 30.5689 0
    endloop
  endfacet
  facet normal 0 1 -0
    outer loop
      vertex 31.1365 30.5689 0
      vertex 27.6365 30.5689 2
      vertex 31.1365 30.5689 2
    endloop
  endfacet
  facet normal 0 1 0
    outer loop
      vertex 27.6365 30.5689 2
      vertex 31.1365 30.5689 0
      vertex 27.6365 30.5689 0
    endloop
  endfacet
  facet normal -0.866026 0.499999 0
    outer loop
      vertex 31.1365 30.5689 0
      vertex 32.8865 33.6 2
      vertex 32.8865 33.6 0
    endloop
  endfacet
  facet normal -0.866026 0.499999 0
    outer loop
      vertex 32.8865 33.6 2
      vertex 31.1365 30.5689 0
      vertex 31.1365 30.5689 2
    endloop
  endfacet
  facet normal 0 -1 0
    outer loop
      vertex 27.6365 36.6311 0
      vertex 31.1365 36.6311 2
      vertex 27.6365 36.6311 2
    endloop
  endfacet
  facet normal 0 -1 -0
    outer loop
      vertex 31.1365 36.6311 2
      vertex 27.6365 36.6311 0
      vertex 31.1365 36.6311 0
    endloop
  endfacet
  facet normal -0.866026 -0.499999 0
    outer loop
      vertex 32.8865 33.6 0
      vertex 31.1365 36.6311 2
      vertex 31.1365 36.6311 0
    endloop
  endfacet
  facet normal -0.866026 -0.499999 0
    outer loop
      vertex 31.1365 36.6311 2
      vertex 32.8865 33.6 0
      vertex 32.8865 33.6 2
    endloop
  endfacet
  facet normal 0.866026 -0.499999 0
    outer loop
      vertex 25.8865 33.6 2
      vertex 27.6365 36.6311 0
      vertex 27.6365 36.6311 2
    endloop
  endfacet
  facet normal 0.866026 -0.499999 0
    outer loop
      vertex 27.6365 36.6311 0
      vertex 25.8865 33.6 2
      vertex 25.8865 33.6 0
    endloop
  endfacet
  facet normal 0.866026 0.499999 0
    outer loop
      vertex 27.6365 30.5689 2
      vertex 25.8865 33.6 0
      vertex 25.8865 33.6 2
    endloop
  endfacet
  facet normal 0.866026 0.499999 0
    outer loop
      vertex 25.8865 33.6 0
      vertex 27.6365 30.5689 2
      vertex 27.6365 30.5689 0
    endloop
  endfacet
  facet normal 0 1 -0
    outer loop
      vertex 38.5987 30.5689 0
      vertex 35.0987 30.5689 2
      vertex 38.5987 30.5689 2
    endloop
  endfacet
  facet normal 0 1 0
    outer loop
      vertex 35.0987 30.5689 2
      vertex 38.5987 30.5689 0
      vertex 35.0987 30.5689 0
    endloop
  endfacet
  facet normal -0.866026 0.499999 0
    outer loop
      vertex 38.5987 30.5689 0
      vertex 40.3487 33.6 2
      vertex 40.3487 33.6 0
    endloop
  endfacet
  facet normal -0.866026 0.499999 0
    outer loop
      vertex 40.3487 33.6 2
      vertex 38.5987 30.5689 0
      vertex 38.5987 30.5689 2
    endloop
  endfacet
  facet normal 0 -1 0
    outer loop
      vertex 35.0987 36.6311 0
      vertex 38.5987 36.6311 2
      vertex 35.0987 36.6311 2
    endloop
  endfacet
  facet normal 0 -1 -0
    outer loop
      vertex 38.5987 36.6311 2
      vertex 35.0987 36.6311 0
      vertex 38.5987 36.6311 0
    endloop
  endfacet
  facet normal -0.866026 -0.499999 0
    outer loop
      vertex 40.3487 33.6 0
      vertex 38.5987 36.6311 2
      vertex 38.5987 36.6311 0
    endloop
  endfacet
  facet normal -0.866026 -0.499999 0
    outer loop
      vertex 38.5987 36.6311 2
      vertex 40.3487 33.6 0
      vertex 40.3487 33.6 2
    endloop
  endfacet
  facet normal 0.866026 -0.499999 0
    outer loop
      vertex 33.3487 33.6 2
      vertex 35.0987 36.6311 0
      vertex 35.0987 36.6311 2
    endloop
  endfacet
  facet normal 0.866026 -0.499999 0
    outer loop
      vertex 35.0987 36.6311 0
      vertex 33.3487 33.6 2
      vertex 33.3487 33.6 0
    endloop
  endfacet
  facet normal 0.866026 0.499999 0
    outer loop
      vertex 35.0987 30.5689 2
      vertex 33.3487 33.6 0
      vertex 33.3487 33.6 2
    endloop
  endfacet
  facet normal 0.866026 0.499999 0
    outer loop
      vertex 33.3487 33.6 0
      vertex 35.0987 30.5689 2
      vertex 35.0987 30.5689 0
    endloop
  endfacet
  facet normal 0 1 -0
    outer loop
      vertex 46.0609 30.5689 0
      vertex 42.5609 30.5689 2
      vertex 46.0609 30.5689 2
    endloop
  endfacet
  facet normal 0 1 0
    outer loop
      vertex 42.5609 30.5689 2
      vertex 46.0609 30.5689 0
      vertex 42.5609 30.5689 0
    endloop
  endfacet
  facet normal -0.866026 0.499999 0
    outer loop
      vertex 46.0609 30.5689 0
      vertex 47.8109 33.6 2
      vertex 47.8109 33.6 0
    endloop
  endfacet
  facet normal -0.866026 0.499999 0
    outer loop
      vertex 47.8109 33.6 2
      vertex 46.0609 30.5689 0
      vertex 46.0609 30.5689 2
    endloop
  endfacet
  facet normal 0 -1 0
    outer loop
      vertex 42.5609 36.6311 0
      vertex 46.0609 36.6311 2
      vertex 42.5609 36.6311 2
    endloop
  endfacet
  facet normal 0 -1 -0
    outer loop
      vertex 46.0609 36.6311 2
      vertex 42.5609 36.6311 0
      vertex 46.0609 36.6311 0
    endloop
  endfacet
  facet normal -0.866026 -0.499999 0
    outer loop
      vertex 47.8109 33.6 0
      vertex 46.0609 36.6311 2
      vertex 46.0609 36.6311 0
    endloop
  endfacet
  facet normal -0.866026 -0.499999 0
    outer loop
      vertex 46.0609 36.6311 2
      vertex 47.8109 33.6 0
      vertex 47.8109 33.6 2
    endloop
  endfacet
  facet normal 0.866026 -0.499999 0
    outer loop
      vertex 40.8109 33.6 2
      vertex 42.5609 36.6311 0
      vertex 42.5609 36.6311 2
    endloop
  endfacet
  facet normal 0.866026 -0.499999 0
    outer loop
      vertex 42.5609 36.6311 0
      vertex 40.8109 33.6 2
      vertex 40.8109 33.6 0
    endloop
  endfacet
  facet normal 0.866026 0.499999 0
    outer loop
      vertex 42.5609 30.5689 2
      vertex 40.8109 33.6 0
      vertex 40.8109 33.6 2
    endloop
  endfacet
  facet normal 0.866026 0.499999 0
    outer loop
      vertex 40.8109 33.6 0
      vertex 42.5609 30.5689 2
      vertex 42.5609 30.5689 0
    endloop
  endfacet
  facet normal 0 1 -0
    outer loop
      vertex 53.5231 30.5689 0
      vertex 50.0231 30.5689 2
      vertex 53.5231 30.5689 2
    endloop
  endfacet
  facet normal 0 1 0
    outer loop
      vertex 50.0231 30.5689 2
      vertex 53.5231 30.5689 0
      vertex 50.0231 30.5689 0
    endloop
  endfacet
  facet normal -0.866026 0.499999 0
    outer loop
      vertex 53.5231 30.5689 0
      vertex 55.2731 33.6 2
      vertex 55.2731 33.6 0
    endloop
  endfacet
  facet normal -0.866026 0.499999 0
    outer loop
      vertex 55.2731 33.6 2
      vertex 53.5231 30.5689 0
      vertex 53.5231 30.5689 2
    endloop
  endfacet
  facet normal 0 -1 0
    outer loop
      vertex 50.0231 36.6311 0
      vertex 53.5231 36.6311 2
      vertex 50.0231 36.6311 2
    endloop
  endfacet
  facet normal 0 -1 -0
    outer loop
      vertex 53.5231 36.6311 2
      vertex 50.0231 36.6311 0
      vertex 53.5231 36.6311 0
    endloop
  endfacet
  facet normal -0.866026 -0.499999 0
    outer loop
      vertex 55.2731 33.6 0
      vertex 53.5231 36.6311 2
      vertex 53.5231 36.6311 0
    endloop
  endfacet
  facet normal -0.866026 -0.499999 0
    outer loop
      vertex 53.5231 36.6311 2
      vertex 55.2731 33.6 0
      vertex 55.2731 33.6 2
    endloop
  endfacet
  facet normal 0.866026 -0.499999 0
    outer loop
      vertex 48.2731 33.6 2
      vertex 50.0231 36.6311 0
      vertex 50.0231 36.6311 2
    endloop
  endfacet
  facet normal 0.866026 -0.499999 0
    outer loop
      vertex 50.0231 36.6311 0
      vertex 48.2731 33.6 2
      vertex 48.2731 33.6 0
    endloop
  endfacet
  facet normal 0.866026 0.499999 0
    outer loop
      vertex 50.0231 30.5689 2
      vertex 48.2731 33.6 0
      vertex 48.2731 33.6 2
    endloop
  endfacet
  facet normal 0.866026 0.499999 0
    outer loop
      vertex 48.2731 33.6 0
      vertex 50.0231 30.5689 2
      vertex 50.0231 30.5689 0
    endloop
  endfacet
  facet normal 0 1 -0
    outer loop
      vertex 12.4811 37.2189 0
      vertex 8.98109 37.2189 2
      vertex 12.4811 37.2189 2
    endloop
  endfacet
  facet normal 0 1 0
    outer loop
      vertex 8.98109 37.2189 2
      vertex 12.4811 37.2189 0
      vertex 8.98109 37.2189 0
    endloop
  endfacet
  facet normal 0 -1 0
    outer loop
      vertex 8.98109 43.2811 0
      vertex 12.4811 43.2811 2
      vertex 8.98109 43.2811 2
    endloop
  endfacet
  facet normal 0 -1 -0
    outer loop
      vertex 12.4811 43.2811 2
      vertex 8.98109 43.2811 0
      vertex 12.4811 43.2811 0
    endloop
  endfacet
  facet normal -0.866026 -0.499999 0
    outer loop
      vertex 14.2311 40.25 0
      vertex 12.4811 43.2811 2
      vertex 12.4811 43.2811 0
    endloop
  endfacet
  facet normal -0.866026 -0.499999 0
    outer loop
      vertex 12.4811 43.2811 2
      vertex 14.2311 40.25 0
      vertex 14.2311 40.25 2
    endloop
  endfacet
  facet normal 0.866026 -0.499999 0
    outer loop
      vertex 7.23109 40.25 2
      vertex 8.98109 43.2811 0
      vertex 8.98109 43.2811 2
    endloop
  endfacet
  facet normal 0.866026 -0.499999 0
    outer loop
      vertex 8.98109 43.2811 0
      vertex 7.23109 40.25 2
      vertex 7.23109 40.25 0
    endloop
  endfacet
  facet normal 0.866026 0.499999 0
    outer loop
      vertex 8.98109 37.2189 2
      vertex 7.23109 40.25 0
      vertex 7.23109 40.25 2
    endloop
  endfacet
  facet normal 0.866026 0.499999 0
    outer loop
      vertex 7.23109 40.25 0
      vertex 8.98109 37.2189 2
      vertex 8.98109 37.2189 0
    endloop
  endfacet
  facet normal -0.866026 0.499999 0
    outer loop
      vertex 12.4811 37.2189 0
      vertex 14.2311 40.25 2
      vertex 14.2311 40.25 0
    endloop
  endfacet
  facet normal -0.866026 0.499999 0
    outer loop
      vertex 14.2311 40.25 2
      vertex 12.4811 37.2189 0
      vertex 12.4811 37.2189 2
    endloop
  endfacet
  facet normal 0 1 -0
    outer loop
      vertex 19.9433 37.2189 0
      vertex 16.4433 37.2189 2
      vertex 19.9433 37.2189 2
    endloop
  endfacet
  facet normal 0 1 0
    outer loop
      vertex 16.4433 37.2189 2
      vertex 19.9433 37.2189 0
      vertex 16.4433 37.2189 0
    endloop
  endfacet
  facet normal 0 -1 0
    outer loop
      vertex 16.4433 43.2811 0
      vertex 19.9433 43.2811 2
      vertex 16.4433 43.2811 2
    endloop
  endfacet
  facet normal 0 -1 -0
    outer loop
      vertex 19.9433 43.2811 2
      vertex 16.4433 43.2811 0
      vertex 19.9433 43.2811 0
    endloop
  endfacet
  facet normal -0.866026 -0.499999 0
    outer loop
      vertex 21.6933 40.25 0
      vertex 19.9433 43.2811 2
      vertex 19.9433 43.2811 0
    endloop
  endfacet
  facet normal -0.866026 -0.499999 0
    outer loop
      vertex 19.9433 43.2811 2
      vertex 21.6933 40.25 0
      vertex 21.6933 40.25 2
    endloop
  endfacet
  facet normal 0.866026 -0.499999 0
    outer loop
      vertex 14.6933 40.25 2
      vertex 16.4433 43.2811 0
      vertex 16.4433 43.2811 2
    endloop
  endfacet
  facet normal 0.866026 -0.499999 0
    outer loop
      vertex 16.4433 43.2811 0
      vertex 14.6933 40.25 2
      vertex 14.6933 40.25 0
    endloop
  endfacet
  facet normal 0.866026 0.499999 0
    outer loop
      vertex 16.4433 37.2189 2
      vertex 14.6933 40.25 0
      vertex 14.6933 40.25 2
    endloop
  endfacet
  facet normal 0.866026 0.499999 0
    outer loop
      vertex 14.6933 40.25 0
      vertex 16.4433 37.2189 2
      vertex 16.4433 37.2189 0
    endloop
  endfacet
  facet normal -0.866026 0.499999 0
    outer loop
      vertex 19.9433 37.2189 0
      vertex 21.6933 40.25 2
      vertex 21.6933 40.25 0
    endloop
  endfacet
  facet normal -0.866026 0.499999 0
    outer loop
      vertex 21.6933 40.25 2
      vertex 19.9433 37.2189 0
      vertex 19.9433 37.2189 2
    endloop
  endfacet
  facet normal 0 -1 0
    outer loop
      vertex 23.9054 43.2811 0
      vertex 27.4054 43.2811 2
      vertex 23.9054 43.2811 2
    endloop
  endfacet
  facet normal 0 -1 -0
    outer loop
      vertex 27.4054 43.2811 2
      vertex 23.9054 43.2811 0
      vertex 27.4054 43.2811 0
    endloop
  endfacet
  facet normal -0.866026 -0.499999 0
    outer loop
      vertex 29.1554 40.25 0
      vertex 27.4054 43.2811 2
      vertex 27.4054 43.2811 0
    endloop
  endfacet
  facet normal -0.866026 -0.499999 0
    outer loop
      vertex 27.4054 43.2811 2
      vertex 29.1554 40.25 0
      vertex 29.1554 40.25 2
    endloop
  endfacet
  facet normal 0.866026 -0.499999 0
    outer loop
      vertex 22.1554 40.25 2
      vertex 23.9054 43.2811 0
      vertex 23.9054 43.2811 2
    endloop
  endfacet
  facet normal 0.866026 -0.499999 0
    outer loop
      vertex 23.9054 43.2811 0
      vertex 22.1554 40.25 2
      vertex 22.1554 40.25 0
    endloop
  endfacet
  facet normal 0.866026 0.499999 0
    outer loop
      vertex 23.9054 37.2189 2
      vertex 22.1554 40.25 0
      vertex 22.1554 40.25 2
    endloop
  endfacet
  facet normal 0.866026 0.499999 0
    outer loop
      vertex 22.1554 40.25 0
      vertex 23.9054 37.2189 2
      vertex 23.9054 37.2189 0
    endloop
  endfacet
  facet normal 0 1 -0
    outer loop
      vertex 27.4054 37.2189 0
      vertex 23.9054 37.2189 2
      vertex 27.4054 37.2189 2
    endloop
  endfacet
  facet normal 0 1 0
    outer loop
      vertex 23.9054 37.2189 2
      vertex 27.4054 37.2189 0
      vertex 23.9054 37.2189 0
    endloop
  endfacet
  facet normal -0.866026 0.499999 0
    outer loop
      vertex 27.4054 37.2189 0
      vertex 29.1554 40.25 2
      vertex 29.1554 40.25 0
    endloop
  endfacet
  facet normal -0.866026 0.499999 0
    outer loop
      vertex 29.1554 40.25 2
      vertex 27.4054 37.2189 0
      vertex 27.4054 37.2189 2
    endloop
  endfacet
  facet normal 0 1 -0
    outer loop
      vertex 34.8676 37.2189 0
      vertex 31.3676 37.2189 2
      vertex 34.8676 37.2189 2
    endloop
  endfacet
  facet normal 0 1 0
    outer loop
      vertex 31.3676 37.2189 2
      vertex 34.8676 37.2189 0
      vertex 31.3676 37.2189 0
    endloop
  endfacet
  facet normal 0 -1 0
    outer loop
      vertex 31.3676 43.2811 0
      vertex 34.8676 43.2811 2
      vertex 31.3676 43.2811 2
    endloop
  endfacet
  facet normal 0 -1 -0
    outer loop
      vertex 34.8676 43.2811 2
      vertex 31.3676 43.2811 0
      vertex 34.8676 43.2811 0
    endloop
  endfacet
  facet normal -0.866026 -0.499999 0
    outer loop
      vertex 36.6176 40.25 0
      vertex 34.8676 43.2811 2
      vertex 34.8676 43.2811 0
    endloop
  endfacet
  facet normal -0.866026 -0.499999 0
    outer loop
      vertex 34.8676 43.2811 2
      vertex 36.6176 40.25 0
      vertex 36.6176 40.25 2
    endloop
  endfacet
  facet normal 0.866026 -0.499999 0
    outer loop
      vertex 29.6176 40.25 2
      vertex 31.3676 43.2811 0
      vertex 31.3676 43.2811 2
    endloop
  endfacet
  facet normal 0.866026 -0.499999 0
    outer loop
      vertex 31.3676 43.2811 0
      vertex 29.6176 40.25 2
      vertex 29.6176 40.25 0
    endloop
  endfacet
  facet normal 0.866026 0.499999 0
    outer loop
      vertex 31.3676 37.2189 2
      vertex 29.6176 40.25 0
      vertex 29.6176 40.25 2
    endloop
  endfacet
  facet normal 0.866026 0.499999 0
    outer loop
      vertex 29.6176 40.25 0
      vertex 31.3676 37.2189 2
      vertex 31.3676 37.2189 0
    endloop
  endfacet
  facet normal -0.866026 0.499999 0
    outer loop
      vertex 34.8676 37.2189 0
      vertex 36.6176 40.25 2
      vertex 36.6176 40.25 0
    endloop
  endfacet
  facet normal -0.866026 0.499999 0
    outer loop
      vertex 36.6176 40.25 2
      vertex 34.8676 37.2189 0
      vertex 34.8676 37.2189 2
    endloop
  endfacet
  facet normal 0 1 -0
    outer loop
      vertex 42.3298 37.2189 0
      vertex 38.8298 37.2189 2
      vertex 42.3298 37.2189 2
    endloop
  endfacet
  facet normal 0 1 0
    outer loop
      vertex 38.8298 37.2189 2
      vertex 42.3298 37.2189 0
      vertex 38.8298 37.2189 0
    endloop
  endfacet
  facet normal 0 -1 0
    outer loop
      vertex 38.8298 43.2811 0
      vertex 42.3298 43.2811 2
      vertex 38.8298 43.2811 2
    endloop
  endfacet
  facet normal 0 -1 -0
    outer loop
      vertex 42.3298 43.2811 2
      vertex 38.8298 43.2811 0
      vertex 42.3298 43.2811 0
    endloop
  endfacet
  facet normal -0.866026 -0.499999 0
    outer loop
      vertex 44.0798 40.25 0
      vertex 42.3298 43.2811 2
      vertex 42.3298 43.2811 0
    endloop
  endfacet
  facet normal -0.866026 -0.499999 0
    outer loop
      vertex 42.3298 43.2811 2
      vertex 44.0798 40.25 0
      vertex 44.0798 40.25 2
    endloop
  endfacet
  facet normal 0.866026 -0.499999 0
    outer loop
      vertex 37.0798 40.25 2
      vertex 38.8298 43.2811 0
      vertex 38.8298 43.2811 2
    endloop
  endfacet
  facet normal 0.866026 -0.499999 0
    outer loop
      vertex 38.8298 43.2811 0
      vertex 37.0798 40.25 2
      vertex 37.0798 40.25 0
    endloop
  endfacet
  facet normal 0.866026 0.499999 0
    outer loop
      vertex 38.8298 37.2189 2
      vertex 37.0798 40.25 0
      vertex 37.0798 40.25 2
    endloop
  endfacet
  facet normal 0.866026 0.499999 0
    outer loop
      vertex 37.0798 40.25 0
      vertex 38.8298 37.2189 2
      vertex 38.8298 37.2189 0
    endloop
  endfacet
  facet normal -0.866026 0.499999 0
    outer loop
      vertex 42.3298 37.2189 0
      vertex 44.0798 40.25 2
      vertex 44.0798 40.25 0
    endloop
  endfacet
  facet normal -0.866026 0.499999 0
    outer loop
      vertex 44.0798 40.25 2
      vertex 42.3298 37.2189 0
      vertex 42.3298 37.2189 2
    endloop
  endfacet
  facet normal 0 1 -0
    outer loop
      vertex 49.792 37.2189 0
      vertex 46.292 37.2189 2
      vertex 49.792 37.2189 2
    endloop
  endfacet
  facet normal 0 1 0
    outer loop
      vertex 46.292 37.2189 2
      vertex 49.792 37.2189 0
      vertex 46.292 37.2189 0
    endloop
  endfacet
  facet normal 0 -1 0
    outer loop
      vertex 46.292 43.2811 0
      vertex 49.792 43.2811 2
      vertex 46.292 43.2811 2
    endloop
  endfacet
  facet normal 0 -1 -0
    outer loop
      vertex 49.792 43.2811 2
      vertex 46.292 43.2811 0
      vertex 49.792 43.2811 0
    endloop
  endfacet
  facet normal -0.866026 -0.499999 0
    outer loop
      vertex 51.542 40.25 0
      vertex 49.792 43.2811 2
      vertex 49.792 43.2811 0
    endloop
  endfacet
  facet normal -0.866026 -0.499999 0
    outer loop
      vertex 49.792 43.2811 2
      vertex 51.542 40.25 0
      vertex 51.542 40.25 2
    endloop
  endfacet
  facet normal 0.866026 -0.499999 0
    outer loop
      vertex 44.542 40.25 2
      vertex 46.292 43.2811 0
      vertex 46.292 43.2811 2
    endloop
  endfacet
  facet normal 0.866026 -0.499999 0
    outer loop
      vertex 46.292 43.2811 0
      vertex 44.542 40.25 2
      vertex 44.542 40.25 0
    endloop
  endfacet
  facet normal 0.866026 0.499999 0
    outer loop
      vertex 46.292 37.2189 2
      vertex 44.542 40.25 0
      vertex 44.542 40.25 2
    endloop
  endfacet
  facet normal 0.866026 0.499999 0
    outer loop
      vertex 44.542 40.25 0
      vertex 46.292 37.2189 2
      vertex 46.292 37.2189 0
    endloop
  endfacet
  facet normal -0.866026 0.499999 0
    outer loop
      vertex 49.792 37.2189 0
      vertex 51.542 40.25 2
      vertex 51.542 40.25 0
    endloop
  endfacet
  facet normal -0.866026 0.499999 0
    outer loop
      vertex 51.542 40.25 2
      vertex 49.792 37.2189 0
      vertex 49.792 37.2189 2
    endloop
  endfacet
  facet normal 0 1 -0
    outer loop
      vertex 16.2122 43.8689 0
      vertex 12.7122 43.8689 2
      vertex 16.2122 43.8689 2
    endloop
  endfacet
  facet normal 0 1 0
    outer loop
      vertex 12.7122 43.8689 2
      vertex 16.2122 43.8689 0
      vertex 12.7122 43.8689 0
    endloop
  endfacet
  facet normal -0.866026 0.499999 0
    outer loop
      vertex 16.2122 43.8689 0
      vertex 17.9622 46.9 2
      vertex 17.9622 46.9 0
    endloop
  endfacet
  facet normal -0.866026 0.499999 0
    outer loop
      vertex 17.9622 46.9 2
      vertex 16.2122 43.8689 0
      vertex 16.2122 43.8689 2
    endloop
  endfacet
  facet normal 0 -1 0
    outer loop
      vertex 12.7122 49.9311 0
      vertex 16.2122 49.9311 2
      vertex 12.7122 49.9311 2
    endloop
  endfacet
  facet normal 0 -1 -0
    outer loop
      vertex 16.2122 49.9311 2
      vertex 12.7122 49.9311 0
      vertex 16.2122 49.9311 0
    endloop
  endfacet
  facet normal -0.866026 -0.499999 0
    outer loop
      vertex 17.9622 46.9 0
      vertex 16.2122 49.9311 2
      vertex 16.2122 49.9311 0
    endloop
  endfacet
  facet normal -0.866026 -0.499999 0
    outer loop
      vertex 16.2122 49.9311 2
      vertex 17.9622 46.9 0
      vertex 17.9622 46.9 2
    endloop
  endfacet
  facet normal 0.866026 -0.499999 0
    outer loop
      vertex 10.9622 46.9 2
      vertex 12.7122 49.9311 0
      vertex 12.7122 49.9311 2
    endloop
  endfacet
  facet normal 0.866026 -0.499999 0
    outer loop
      vertex 12.7122 49.9311 0
      vertex 10.9622 46.9 2
      vertex 10.9622 46.9 0
    endloop
  endfacet
  facet normal 0.866026 0.499999 0
    outer loop
      vertex 12.7122 43.8689 2
      vertex 10.9622 46.9 0
      vertex 10.9622 46.9 2
    endloop
  endfacet
  facet normal 0.866026 0.499999 0
    outer loop
      vertex 10.9622 46.9 0
      vertex 12.7122 43.8689 2
      vertex 12.7122 43.8689 0
    endloop
  endfacet
  facet normal 0 1 -0
    outer loop
      vertex 23.6744 43.8689 0
      vertex 20.1744 43.8689 2
      vertex 23.6744 43.8689 2
    endloop
  endfacet
  facet normal 0 1 0
    outer loop
      vertex 20.1744 43.8689 2
      vertex 23.6744 43.8689 0
      vertex 20.1744 43.8689 0
    endloop
  endfacet
  facet normal -0.866026 0.499999 0
    outer loop
      vertex 23.6744 43.8689 0
      vertex 25.4244 46.9 2
      vertex 25.4244 46.9 0
    endloop
  endfacet
  facet normal -0.866026 0.499999 0
    outer loop
      vertex 25.4244 46.9 2
      vertex 23.6744 43.8689 0
      vertex 23.6744 43.8689 2
    endloop
  endfacet
  facet normal 0 -1 0
    outer loop
      vertex 20.1744 49.9311 0
      vertex 23.6744 49.9311 2
      vertex 20.1744 49.9311 2
    endloop
  endfacet
  facet normal 0 -1 -0
    outer loop
      vertex 23.6744 49.9311 2
      vertex 20.1744 49.9311 0
      vertex 23.6744 49.9311 0
    endloop
  endfacet
  facet normal -0.866026 -0.499999 0
    outer loop
      vertex 25.4244 46.9 0
      vertex 23.6744 49.9311 2
      vertex 23.6744 49.9311 0
    endloop
  endfacet
  facet normal -0.866026 -0.499999 0
    outer loop
      vertex 23.6744 49.9311 2
      vertex 25.4244 46.9 0
      vertex 25.4244 46.9 2
    endloop
  endfacet
  facet normal 0.866026 -0.499999 0
    outer loop
      vertex 18.4244 46.9 2
      vertex 20.1744 49.9311 0
      vertex 20.1744 49.9311 2
    endloop
  endfacet
  facet normal 0.866026 -0.499999 0
    outer loop
      vertex 20.1744 49.9311 0
      vertex 18.4244 46.9 2
      vertex 18.4244 46.9 0
    endloop
  endfacet
  facet normal 0.866026 0.499999 0
    outer loop
      vertex 20.1744 43.8689 2
      vertex 18.4244 46.9 0
      vertex 18.4244 46.9 2
    endloop
  endfacet
  facet normal 0.866026 0.499999 0
    outer loop
      vertex 18.4244 46.9 0
      vertex 20.1744 43.8689 2
      vertex 20.1744 43.8689 0
    endloop
  endfacet
  facet normal 0 1 -0
    outer loop
      vertex 31.1365 43.8689 0
      vertex 27.6365 43.8689 2
      vertex 31.1365 43.8689 2
    endloop
  endfacet
  facet normal 0 1 0
    outer loop
      vertex 27.6365 43.8689 2
      vertex 31.1365 43.8689 0
      vertex 27.6365 43.8689 0
    endloop
  endfacet
  facet normal -0.866026 0.499999 0
    outer loop
      vertex 31.1365 43.8689 0
      vertex 32.8865 46.9 2
      vertex 32.8865 46.9 0
    endloop
  endfacet
  facet normal -0.866026 0.499999 0
    outer loop
      vertex 32.8865 46.9 2
      vertex 31.1365 43.8689 0
      vertex 31.1365 43.8689 2
    endloop
  endfacet
  facet normal 0 -1 0
    outer loop
      vertex 27.6365 49.9311 0
      vertex 31.1365 49.9311 2
      vertex 27.6365 49.9311 2
    endloop
  endfacet
  facet normal 0 -1 -0
    outer loop
      vertex 31.1365 49.9311 2
      vertex 27.6365 49.9311 0
      vertex 31.1365 49.9311 0
    endloop
  endfacet
  facet normal -0.866026 -0.499999 0
    outer loop
      vertex 32.8865 46.9 0
      vertex 31.1365 49.9311 2
      vertex 31.1365 49.9311 0
    endloop
  endfacet
  facet normal -0.866026 -0.499999 0
    outer loop
      vertex 31.1365 49.9311 2
      vertex 32.8865 46.9 0
      vertex 32.8865 46.9 2
    endloop
  endfacet
  facet normal 0.866026 -0.499999 0
    outer loop
      vertex 25.8865 46.9 2
      vertex 27.6365 49.9311 0
      vertex 27.6365 49.9311 2
    endloop
  endfacet
  facet normal 0.866026 -0.499999 0
    outer loop
      vertex 27.6365 49.9311 0
      vertex 25.8865 46.9 2
      vertex 25.8865 46.9 0
    endloop
  endfacet
  facet normal 0.866026 0.499999 0
    outer loop
      vertex 27.6365 43.8689 2
      vertex 25.8865 46.9 0
      vertex 25.8865 46.9 2
    endloop
  endfacet
  facet normal 0.866026 0.499999 0
    outer loop
      vertex 25.8865 46.9 0
      vertex 27.6365 43.8689 2
      vertex 27.6365 43.8689 0
    endloop
  endfacet
  facet normal 0 1 -0
    outer loop
      vertex 38.5987 43.8689 0
      vertex 35.0987 43.8689 2
      vertex 38.5987 43.8689 2
    endloop
  endfacet
  facet normal 0 1 0
    outer loop
      vertex 35.0987 43.8689 2
      vertex 38.5987 43.8689 0
      vertex 35.0987 43.8689 0
    endloop
  endfacet
  facet normal -0.866026 0.499999 0
    outer loop
      vertex 38.5987 43.8689 0
      vertex 40.3487 46.9 2
      vertex 40.3487 46.9 0
    endloop
  endfacet
  facet normal -0.866026 0.499999 0
    outer loop
      vertex 40.3487 46.9 2
      vertex 38.5987 43.8689 0
      vertex 38.5987 43.8689 2
    endloop
  endfacet
  facet normal 0 -1 0
    outer loop
      vertex 35.0987 49.9311 0
      vertex 38.5987 49.9311 2
      vertex 35.0987 49.9311 2
    endloop
  endfacet
  facet normal 0 -1 -0
    outer loop
      vertex 38.5987 49.9311 2
      vertex 35.0987 49.9311 0
      vertex 38.5987 49.9311 0
    endloop
  endfacet
  facet normal -0.866026 -0.499999 0
    outer loop
      vertex 40.3487 46.9 0
      vertex 38.5987 49.9311 2
      vertex 38.5987 49.9311 0
    endloop
  endfacet
  facet normal -0.866026 -0.499999 0
    outer loop
      vertex 38.5987 49.9311 2
      vertex 40.3487 46.9 0
      vertex 40.3487 46.9 2
    endloop
  endfacet
  facet normal 0.866026 -0.499999 0
    outer loop
      vertex 33.3487 46.9 2
      vertex 35.0987 49.9311 0
      vertex 35.0987 49.9311 2
    endloop
  endfacet
  facet normal 0.866026 -0.499999 0
    outer loop
      vertex 35.0987 49.9311 0
      vertex 33.3487 46.9 2
      vertex 33.3487 46.9 0
    endloop
  endfacet
  facet normal 0.866026 0.499999 0
    outer loop
      vertex 35.0987 43.8689 2
      vertex 33.3487 46.9 0
      vertex 33.3487 46.9 2
    endloop
  endfacet
  facet normal 0.866026 0.499999 0
    outer loop
      vertex 33.3487 46.9 0
      vertex 35.0987 43.8689 2
      vertex 35.0987 43.8689 0
    endloop
  endfacet
  facet normal 0 1 -0
    outer loop
      vertex 46.0609 43.8689 0
      vertex 42.5609 43.8689 2
      vertex 46.0609 43.8689 2
    endloop
  endfacet
  facet normal 0 1 0
    outer loop
      vertex 42.5609 43.8689 2
      vertex 46.0609 43.8689 0
      vertex 42.5609 43.8689 0
    endloop
  endfacet
  facet normal -0.866026 0.499999 0
    outer loop
      vertex 46.0609 43.8689 0
      vertex 47.8109 46.9 2
      vertex 47.8109 46.9 0
    endloop
  endfacet
  facet normal -0.866026 0.499999 0
    outer loop
      vertex 47.8109 46.9 2
      vertex 46.0609 43.8689 0
      vertex 46.0609 43.8689 2
    endloop
  endfacet
  facet normal 0 -1 0
    outer loop
      vertex 42.5609 49.9311 0
      vertex 46.0609 49.9311 2
      vertex 42.5609 49.9311 2
    endloop
  endfacet
  facet normal 0 -1 -0
    outer loop
      vertex 46.0609 49.9311 2
      vertex 42.5609 49.9311 0
      vertex 46.0609 49.9311 0
    endloop
  endfacet
  facet normal -0.866026 -0.499999 0
    outer loop
      vertex 47.8109 46.9 0
      vertex 46.0609 49.9311 2
      vertex 46.0609 49.9311 0
    endloop
  endfacet
  facet normal -0.866026 -0.499999 0
    outer loop
      vertex 46.0609 49.9311 2
      vertex 47.8109 46.9 0
      vertex 47.8109 46.9 2
    endloop
  endfacet
  facet normal 0.866026 -0.499999 0
    outer loop
      vertex 40.8109 46.9 2
      vertex 42.5609 49.9311 0
      vertex 42.5609 49.9311 2
    endloop
  endfacet
  facet normal 0.866026 -0.499999 0
    outer loop
      vertex 42.5609 49.9311 0
      vertex 40.8109 46.9 2
      vertex 40.8109 46.9 0
    endloop
  endfacet
  facet normal 0.866026 0.499999 0
    outer loop
      vertex 42.5609 43.8689 2
      vertex 40.8109 46.9 0
      vertex 40.8109 46.9 2
    endloop
  endfacet
  facet normal 0.866026 0.499999 0
    outer loop
      vertex 40.8109 46.9 0
      vertex 42.5609 43.8689 2
      vertex 42.5609 43.8689 0
    endloop
  endfacet
  facet normal 0 1 -0
    outer loop
      vertex 53.5231 43.8689 0
      vertex 50.0231 43.8689 2
      vertex 53.5231 43.8689 2
    endloop
  endfacet
  facet normal 0 1 0
    outer loop
      vertex 50.0231 43.8689 2
      vertex 53.5231 43.8689 0
      vertex 50.0231 43.8689 0
    endloop
  endfacet
  facet normal -0.866026 0.499999 0
    outer loop
      vertex 53.5231 43.8689 0
      vertex 55.2731 46.9 2
      vertex 55.2731 46.9 0
    endloop
  endfacet
  facet normal -0.866026 0.499999 0
    outer loop
      vertex 55.2731 46.9 2
      vertex 53.5231 43.8689 0
      vertex 53.5231 43.8689 2
    endloop
  endfacet
  facet normal 0 -1 0
    outer loop
      vertex 50.0231 49.9311 0
      vertex 53.5231 49.9311 2
      vertex 50.0231 49.9311 2
    endloop
  endfacet
  facet normal 0 -1 -0
    outer loop
      vertex 53.5231 49.9311 2
      vertex 50.0231 49.9311 0
      vertex 53.5231 49.9311 0
    endloop
  endfacet
  facet normal -0.866026 -0.499999 0
    outer loop
      vertex 55.2731 46.9 0
      vertex 53.5231 49.9311 2
      vertex 53.5231 49.9311 0
    endloop
  endfacet
  facet normal -0.866026 -0.499999 0
    outer loop
      vertex 53.5231 49.9311 2
      vertex 55.2731 46.9 0
      vertex 55.2731 46.9 2
    endloop
  endfacet
  facet normal 0.866026 -0.499999 0
    outer loop
      vertex 48.2731 46.9 2
      vertex 50.0231 49.9311 0
      vertex 50.0231 49.9311 2
    endloop
  endfacet
  facet normal 0.866026 -0.499999 0
    outer loop
      vertex 50.0231 49.9311 0
      vertex 48.2731 46.9 2
      vertex 48.2731 46.9 0
    endloop
  endfacet
  facet normal 0.866026 0.499999 0
    outer loop
      vertex 50.0231 43.8689 2
      vertex 48.2731 46.9 0
      vertex 48.2731 46.9 2
    endloop
  endfacet
  facet normal 0.866026 0.499999 0
    outer loop
      vertex 48.2731 46.9 0
      vertex 50.0231 43.8689 2
      vertex 50.0231 43.8689 0
    endloop
  endfacet
  facet normal 0 1 -0
    outer loop
      vertex 12.4811 50.5189 0
      vertex 8.98109 50.5189 2
      vertex 12.4811 50.5189 2
    endloop
  endfacet
  facet normal 0 1 0
    outer loop
      vertex 8.98109 50.5189 2
      vertex 12.4811 50.5189 0
      vertex 8.98109 50.5189 0
    endloop
  endfacet
  facet normal -0.866026 0.499999 0
    outer loop
      vertex 12.4811 50.5189 0
      vertex 14.2311 53.55 2
      vertex 14.2311 53.55 0
    endloop
  endfacet
  facet normal -0.866026 0.499999 0
    outer loop
      vertex 14.2311 53.55 2
      vertex 12.4811 50.5189 0
      vertex 12.4811 50.5189 2
    endloop
  endfacet
  facet normal 0 -1 0
    outer loop
      vertex 8.98109 56.5811 0
      vertex 12.4811 56.5811 2
      vertex 8.98109 56.5811 2
    endloop
  endfacet
  facet normal 0 -1 -0
    outer loop
      vertex 12.4811 56.5811 2
      vertex 8.98109 56.5811 0
      vertex 12.4811 56.5811 0
    endloop
  endfacet
  facet normal -0.866026 -0.499999 0
    outer loop
      vertex 14.2311 53.55 0
      vertex 12.4811 56.5811 2
      vertex 12.4811 56.5811 0
    endloop
  endfacet
  facet normal -0.866026 -0.499999 0
    outer loop
      vertex 12.4811 56.5811 2
      vertex 14.2311 53.55 0
      vertex 14.2311 53.55 2
    endloop
  endfacet
  facet normal 0.866026 -0.499999 0
    outer loop
      vertex 7.23109 53.55 2
      vertex 8.98109 56.5811 0
      vertex 8.98109 56.5811 2
    endloop
  endfacet
  facet normal 0.866026 -0.499999 0
    outer loop
      vertex 8.98109 56.5811 0
      vertex 7.23109 53.55 2
      vertex 7.23109 53.55 0
    endloop
  endfacet
  facet normal 0.866026 0.499999 0
    outer loop
      vertex 8.98109 50.5189 2
      vertex 7.23109 53.55 0
      vertex 7.23109 53.55 2
    endloop
  endfacet
  facet normal 0.866026 0.499999 0
    outer loop
      vertex 7.23109 53.55 0
      vertex 8.98109 50.5189 2
      vertex 8.98109 50.5189 0
    endloop
  endfacet
  facet normal 0 1 -0
    outer loop
      vertex 19.9433 50.5189 0
      vertex 16.4433 50.5189 2
      vertex 19.9433 50.5189 2
    endloop
  endfacet
  facet normal 0 1 0
    outer loop
      vertex 16.4433 50.5189 2
      vertex 19.9433 50.5189 0
      vertex 16.4433 50.5189 0
    endloop
  endfacet
  facet normal -0.866026 0.499999 0
    outer loop
      vertex 19.9433 50.5189 0
      vertex 21.6933 53.55 2
      vertex 21.6933 53.55 0
    endloop
  endfacet
  facet normal -0.866026 0.499999 0
    outer loop
      vertex 21.6933 53.55 2
      vertex 19.9433 50.5189 0
      vertex 19.9433 50.5189 2
    endloop
  endfacet
  facet normal 0 -1 0
    outer loop
      vertex 16.4433 56.5811 0
      vertex 19.9433 56.5811 2
      vertex 16.4433 56.5811 2
    endloop
  endfacet
  facet normal 0 -1 -0
    outer loop
      vertex 19.9433 56.5811 2
      vertex 16.4433 56.5811 0
      vertex 19.9433 56.5811 0
    endloop
  endfacet
  facet normal -0.866026 -0.499999 0
    outer loop
      vertex 21.6933 53.55 0
      vertex 19.9433 56.5811 2
      vertex 19.9433 56.5811 0
    endloop
  endfacet
  facet normal -0.866026 -0.499999 0
    outer loop
      vertex 19.9433 56.5811 2
      vertex 21.6933 53.55 0
      vertex 21.6933 53.55 2
    endloop
  endfacet
  facet normal 0.866026 -0.499999 0
    outer loop
      vertex 14.6933 53.55 2
      vertex 16.4433 56.5811 0
      vertex 16.4433 56.5811 2
    endloop
  endfacet
  facet normal 0.866026 -0.499999 0
    outer loop
      vertex 16.4433 56.5811 0
      vertex 14.6933 53.55 2
      vertex 14.6933 53.55 0
    endloop
  endfacet
  facet normal 0.866026 0.499999 0
    outer loop
      vertex 16.4433 50.5189 2
      vertex 14.6933 53.55 0
      vertex 14.6933 53.55 2
    endloop
  endfacet
  facet normal 0.866026 0.499999 0
    outer loop
      vertex 14.6933 53.55 0
      vertex 16.4433 50.5189 2
      vertex 16.4433 50.5189 0
    endloop
  endfacet
  facet normal 0 1 -0
    outer loop
      vertex 27.4054 50.5189 0
      vertex 23.9054 50.5189 2
      vertex 27.4054 50.5189 2
    endloop
  endfacet
  facet normal 0 1 0
    outer loop
      vertex 23.9054 50.5189 2
      vertex 27.4054 50.5189 0
      vertex 23.9054 50.5189 0
    endloop
  endfacet
  facet normal -0.866026 0.499999 0
    outer loop
      vertex 27.4054 50.5189 0
      vertex 29.1554 53.55 2
      vertex 29.1554 53.55 0
    endloop
  endfacet
  facet normal -0.866026 0.499999 0
    outer loop
      vertex 29.1554 53.55 2
      vertex 27.4054 50.5189 0
      vertex 27.4054 50.5189 2
    endloop
  endfacet
  facet normal 0 -1 0
    outer loop
      vertex 23.9054 56.5811 0
      vertex 27.4054 56.5811 2
      vertex 23.9054 56.5811 2
    endloop
  endfacet
  facet normal 0 -1 -0
    outer loop
      vertex 27.4054 56.5811 2
      vertex 23.9054 56.5811 0
      vertex 27.4054 56.5811 0
    endloop
  endfacet
  facet normal -0.866026 -0.499999 0
    outer loop
      vertex 29.1554 53.55 0
      vertex 27.4054 56.5811 2
      vertex 27.4054 56.5811 0
    endloop
  endfacet
  facet normal -0.866026 -0.499999 0
    outer loop
      vertex 27.4054 56.5811 2
      vertex 29.1554 53.55 0
      vertex 29.1554 53.55 2
    endloop
  endfacet
  facet normal 0.866026 -0.499999 0
    outer loop
      vertex 22.1554 53.55 2
      vertex 23.9054 56.5811 0
      vertex 23.9054 56.5811 2
    endloop
  endfacet
  facet normal 0.866026 -0.499999 0
    outer loop
      vertex 23.9054 56.5811 0
      vertex 22.1554 53.55 2
      vertex 22.1554 53.55 0
    endloop
  endfacet
  facet normal 0.866026 0.499999 0
    outer loop
      vertex 23.9054 50.5189 2
      vertex 22.1554 53.55 0
      vertex 22.1554 53.55 2
    endloop
  endfacet
  facet normal 0.866026 0.499999 0
    outer loop
      vertex 22.1554 53.55 0
      vertex 23.9054 50.5189 2
      vertex 23.9054 50.5189 0
    endloop
  endfacet
  facet normal 0 1 -0
    outer loop
      vertex 34.8676 50.5189 0
      vertex 31.3676 50.5189 2
      vertex 34.8676 50.5189 2
    endloop
  endfacet
  facet normal 0 1 0
    outer loop
      vertex 31.3676 50.5189 2
      vertex 34.8676 50.5189 0
      vertex 31.3676 50.5189 0
    endloop
  endfacet
  facet normal -0.866026 0.499999 0
    outer loop
      vertex 34.8676 50.5189 0
      vertex 36.6176 53.55 2
      vertex 36.6176 53.55 0
    endloop
  endfacet
  facet normal -0.866026 0.499999 0
    outer loop
      vertex 36.6176 53.55 2
      vertex 34.8676 50.5189 0
      vertex 34.8676 50.5189 2
    endloop
  endfacet
  facet normal 0 -1 0
    outer loop
      vertex 31.3676 56.5811 0
      vertex 34.8676 56.5811 2
      vertex 31.3676 56.5811 2
    endloop
  endfacet
  facet normal 0 -1 -0
    outer loop
      vertex 34.8676 56.5811 2
      vertex 31.3676 56.5811 0
      vertex 34.8676 56.5811 0
    endloop
  endfacet
  facet normal -0.866026 -0.499999 0
    outer loop
      vertex 36.6176 53.55 0
      vertex 34.8676 56.5811 2
      vertex 34.8676 56.5811 0
    endloop
  endfacet
  facet normal -0.866026 -0.499999 0
    outer loop
      vertex 34.8676 56.5811 2
      vertex 36.6176 53.55 0
      vertex 36.6176 53.55 2
    endloop
  endfacet
  facet normal 0.866026 -0.499999 0
    outer loop
      vertex 29.6176 53.55 2
      vertex 31.3676 56.5811 0
      vertex 31.3676 56.5811 2
    endloop
  endfacet
  facet normal 0.866026 -0.499999 0
    outer loop
      vertex 31.3676 56.5811 0
      vertex 29.6176 53.55 2
      vertex 29.6176 53.55 0
    endloop
  endfacet
  facet normal 0.866026 0.499999 0
    outer loop
      vertex 31.3676 50.5189 2
      vertex 29.6176 53.55 0
      vertex 29.6176 53.55 2
    endloop
  endfacet
  facet normal 0.866026 0.499999 0
    outer loop
      vertex 29.6176 53.55 0
      vertex 31.3676 50.5189 2
      vertex 31.3676 50.5189 0
    endloop
  endfacet
  facet normal 0 1 -0
    outer loop
      vertex 42.3298 50.5189 0
      vertex 38.8298 50.5189 2
      vertex 42.3298 50.5189 2
    endloop
  endfacet
  facet normal 0 1 0
    outer loop
      vertex 38.8298 50.5189 2
      vertex 42.3298 50.5189 0
      vertex 38.8298 50.5189 0
    endloop
  endfacet
  facet normal -0.866026 0.499999 0
    outer loop
      vertex 42.3298 50.5189 0
      vertex 44.0798 53.55 2
      vertex 44.0798 53.55 0
    endloop
  endfacet
  facet normal -0.866026 0.499999 0
    outer loop
      vertex 44.0798 53.55 2
      vertex 42.3298 50.5189 0
      vertex 42.3298 50.5189 2
    endloop
  endfacet
  facet normal 0 -1 0
    outer loop
      vertex 38.8298 56.5811 0
      vertex 42.3298 56.5811 2
      vertex 38.8298 56.5811 2
    endloop
  endfacet
  facet normal 0 -1 -0
    outer loop
      vertex 42.3298 56.5811 2
      vertex 38.8298 56.5811 0
      vertex 42.3298 56.5811 0
    endloop
  endfacet
  facet normal -0.866026 -0.499999 0
    outer loop
      vertex 44.0798 53.55 0
      vertex 42.3298 56.5811 2
      vertex 42.3298 56.5811 0
    endloop
  endfacet
  facet normal -0.866026 -0.499999 0
    outer loop
      vertex 42.3298 56.5811 2
      vertex 44.0798 53.55 0
      vertex 44.0798 53.55 2
    endloop
  endfacet
  facet normal 0.866026 -0.499999 0
    outer loop
      vertex 37.0798 53.55 2
      vertex 38.8298 56.5811 0
      vertex 38.8298 56.5811 2
    endloop
  endfacet
  facet normal 0.866026 -0.499999 0
    outer loop
      vertex 38.8298 56.5811 0
      vertex 37.0798 53.55 2
      vertex 37.0798 53.55 0
    endloop
  endfacet
  facet normal 0.866026 0.499999 0
    outer loop
      vertex 38.8298 50.5189 2
      vertex 37.0798 53.55 0
      vertex 37.0798 53.55 2
    endloop
  endfacet
  facet normal 0.866026 0.499999 0
    outer loop
      vertex 37.0798 53.55 0
      vertex 38.8298 50.5189 2
      vertex 38.8298 50.5189 0
    endloop
  endfacet
  facet normal 0 1 -0
    outer loop
      vertex 49.792 50.5189 0
      vertex 46.292 50.5189 2
      vertex 49.792 50.5189 2
    endloop
  endfacet
  facet normal 0 1 0
    outer loop
      vertex 46.292 50.5189 2
      vertex 49.792 50.5189 0
      vertex 46.292 50.5189 0
    endloop
  endfacet
  facet normal -0.866026 0.499999 0
    outer loop
      vertex 49.792 50.5189 0
      vertex 51.542 53.55 2
      vertex 51.542 53.55 0
    endloop
  endfacet
  facet normal -0.866026 0.499999 0
    outer loop
      vertex 51.542 53.55 2
      vertex 49.792 50.5189 0
      vertex 49.792 50.5189 2
    endloop
  endfacet
  facet normal 0 -1 0
    outer loop
      vertex 46.292 56.5811 0
      vertex 49.792 56.5811 2
      vertex 46.292 56.5811 2
    endloop
  endfacet
  facet normal 0 -1 -0
    outer loop
      vertex 49.792 56.5811 2
      vertex 46.292 56.5811 0
      vertex 49.792 56.5811 0
    endloop
  endfacet
  facet normal -0.866026 -0.499999 0
    outer loop
      vertex 51.542 53.55 0
      vertex 49.792 56.5811 2
      vertex 49.792 56.5811 0
    endloop
  endfacet
  facet normal -0.866026 -0.499999 0
    outer loop
      vertex 49.792 56.5811 2
      vertex 51.542 53.55 0
      vertex 51.542 53.55 2
    endloop
  endfacet
  facet normal 0.866026 -0.499999 0
    outer loop
      vertex 44.542 53.55 2
      vertex 46.292 56.5811 0
      vertex 46.292 56.5811 2
    endloop
  endfacet
  facet normal 0.866026 -0.499999 0
    outer loop
      vertex 46.292 56.5811 0
      vertex 44.542 53.55 2
      vertex 44.542 53.55 0
    endloop
  endfacet
  facet normal 0.866026 0.499999 0
    outer loop
      vertex 46.292 50.5189 2
      vertex 44.542 53.55 0
      vertex 44.542 53.55 2
    endloop
  endfacet
  facet normal 0.866026 0.499999 0
    outer loop
      vertex 44.542 53.55 0
      vertex 46.292 50.5189 2
      vertex 46.292 50.5189 0
    endloop
  endfacet
  facet normal 0 1 -0
    outer loop
      vertex 16.2122 57.1689 0
      vertex 12.7122 57.1689 2
      vertex 16.2122 57.1689 2
    endloop
  endfacet
  facet normal 0 1 0
    outer loop
      vertex 12.7122 57.1689 2
      vertex 16.2122 57.1689 0
      vertex 12.7122 57.1689 0
    endloop
  endfacet
  facet normal -0.866026 0.499999 0
    outer loop
      vertex 16.2122 57.1689 0
      vertex 17.9622 60.2 2
      vertex 17.9622 60.2 0
    endloop
  endfacet
  facet normal -0.866026 0.499999 0
    outer loop
      vertex 17.9622 60.2 2
      vertex 16.2122 57.1689 0
      vertex 16.2122 57.1689 2
    endloop
  endfacet
  facet normal 0 -1 0
    outer loop
      vertex 12.7122 63.2311 0
      vertex 16.2122 63.2311 2
      vertex 12.7122 63.2311 2
    endloop
  endfacet
  facet normal 0 -1 -0
    outer loop
      vertex 16.2122 63.2311 2
      vertex 12.7122 63.2311 0
      vertex 16.2122 63.2311 0
    endloop
  endfacet
  facet normal -0.866026 -0.499999 0
    outer loop
      vertex 17.9622 60.2 0
      vertex 16.2122 63.2311 2
      vertex 16.2122 63.2311 0
    endloop
  endfacet
  facet normal -0.866026 -0.499999 0
    outer loop
      vertex 16.2122 63.2311 2
      vertex 17.9622 60.2 0
      vertex 17.9622 60.2 2
    endloop
  endfacet
  facet normal 0.866026 -0.499999 0
    outer loop
      vertex 10.9622 60.2 2
      vertex 12.7122 63.2311 0
      vertex 12.7122 63.2311 2
    endloop
  endfacet
  facet normal 0.866026 -0.499999 0
    outer loop
      vertex 12.7122 63.2311 0
      vertex 10.9622 60.2 2
      vertex 10.9622 60.2 0
    endloop
  endfacet
  facet normal 0.866026 0.499999 0
    outer loop
      vertex 12.7122 57.1689 2
      vertex 10.9622 60.2 0
      vertex 10.9622 60.2 2
    endloop
  endfacet
  facet normal 0.866026 0.499999 0
    outer loop
      vertex 10.9622 60.2 0
      vertex 12.7122 57.1689 2
      vertex 12.7122 57.1689 0
    endloop
  endfacet
  facet normal 0 1 -0
    outer loop
      vertex 23.6744 57.1689 0
      vertex 20.1744 57.1689 2
      vertex 23.6744 57.1689 2
    endloop
  endfacet
  facet normal 0 1 0
    outer loop
      vertex 20.1744 57.1689 2
      vertex 23.6744 57.1689 0
      vertex 20.1744 57.1689 0
    endloop
  endfacet
  facet normal -0.866026 0.499999 0
    outer loop
      vertex 23.6744 57.1689 0
      vertex 25.4244 60.2 2
      vertex 25.4244 60.2 0
    endloop
  endfacet
  facet normal -0.866026 0.499999 0
    outer loop
      vertex 25.4244 60.2 2
      vertex 23.6744 57.1689 0
      vertex 23.6744 57.1689 2
    endloop
  endfacet
  facet normal 0 -1 0
    outer loop
      vertex 20.1744 63.2311 0
      vertex 23.6744 63.2311 2
      vertex 20.1744 63.2311 2
    endloop
  endfacet
  facet normal 0 -1 -0
    outer loop
      vertex 23.6744 63.2311 2
      vertex 20.1744 63.2311 0
      vertex 23.6744 63.2311 0
    endloop
  endfacet
  facet normal -0.866026 -0.499999 0
    outer loop
      vertex 25.4244 60.2 0
      vertex 23.6744 63.2311 2
      vertex 23.6744 63.2311 0
    endloop
  endfacet
  facet normal -0.866026 -0.499999 0
    outer loop
      vertex 23.6744 63.2311 2
      vertex 25.4244 60.2 0
      vertex 25.4244 60.2 2
    endloop
  endfacet
  facet normal 0.866026 -0.499999 0
    outer loop
      vertex 18.4244 60.2 2
      vertex 20.1744 63.2311 0
      vertex 20.1744 63.2311 2
    endloop
  endfacet
  facet normal 0.866026 -0.499999 0
    outer loop
      vertex 20.1744 63.2311 0
      vertex 18.4244 60.2 2
      vertex 18.4244 60.2 0
    endloop
  endfacet
  facet normal 0.866026 0.499999 0
    outer loop
      vertex 20.1744 57.1689 2
      vertex 18.4244 60.2 0
      vertex 18.4244 60.2 2
    endloop
  endfacet
  facet normal 0.866026 0.499999 0
    outer loop
      vertex 18.4244 60.2 0
      vertex 20.1744 57.1689 2
      vertex 20.1744 57.1689 0
    endloop
  endfacet
  facet normal 0 1 -0
    outer loop
      vertex 31.1365 57.1689 0
      vertex 27.6365 57.1689 2
      vertex 31.1365 57.1689 2
    endloop
  endfacet
  facet normal 0 1 0
    outer loop
      vertex 27.6365 57.1689 2
      vertex 31.1365 57.1689 0
      vertex 27.6365 57.1689 0
    endloop
  endfacet
  facet normal -0.866026 0.499999 0
    outer loop
      vertex 31.1365 57.1689 0
      vertex 32.8865 60.2 2
      vertex 32.8865 60.2 0
    endloop
  endfacet
  facet normal -0.866026 0.499999 0
    outer loop
      vertex 32.8865 60.2 2
      vertex 31.1365 57.1689 0
      vertex 31.1365 57.1689 2
    endloop
  endfacet
  facet normal 0 -1 0
    outer loop
      vertex 27.6365 63.2311 0
      vertex 31.1365 63.2311 2
      vertex 27.6365 63.2311 2
    endloop
  endfacet
  facet normal 0 -1 -0
    outer loop
      vertex 31.1365 63.2311 2
      vertex 27.6365 63.2311 0
      vertex 31.1365 63.2311 0
    endloop
  endfacet
  facet normal -0.866026 -0.499999 0
    outer loop
      vertex 32.8865 60.2 0
      vertex 31.1365 63.2311 2
      vertex 31.1365 63.2311 0
    endloop
  endfacet
  facet normal -0.866026 -0.499999 0
    outer loop
      vertex 31.1365 63.2311 2
      vertex 32.8865 60.2 0
      vertex 32.8865 60.2 2
    endloop
  endfacet
  facet normal 0.866026 -0.499999 0
    outer loop
      vertex 25.8865 60.2 2
      vertex 27.6365 63.2311 0
      vertex 27.6365 63.2311 2
    endloop
  endfacet
  facet normal 0.866026 -0.499999 0
    outer loop
      vertex 27.6365 63.2311 0
      vertex 25.8865 60.2 2
      vertex 25.8865 60.2 0
    endloop
  endfacet
  facet normal 0.866026 0.499999 0
    outer loop
      vertex 27.6365 57.1689 2
      vertex 25.8865 60.2 0
      vertex 25.8865 60.2 2
    endloop
  endfacet
  facet normal 0.866026 0.499999 0
    outer loop
      vertex 25.8865 60.2 0
      vertex 27.6365 57.1689 2
      vertex 27.6365 57.1689 0
    endloop
  endfacet
  facet normal 0 1 -0
    outer loop
      vertex 38.5987 57.1689 0
      vertex 35.0987 57.1689 2
      vertex 38.5987 57.1689 2
    endloop
  endfacet
  facet normal 0 1 0
    outer loop
      vertex 35.0987 57.1689 2
      vertex 38.5987 57.1689 0
      vertex 35.0987 57.1689 0
    endloop
  endfacet
  facet normal -0.866026 0.499999 0
    outer loop
      vertex 38.5987 57.1689 0
      vertex 40.3487 60.2 2
      vertex 40.3487 60.2 0
    endloop
  endfacet
  facet normal -0.866026 0.499999 0
    outer loop
      vertex 40.3487 60.2 2
      vertex 38.5987 57.1689 0
      vertex 38.5987 57.1689 2
    endloop
  endfacet
  facet normal 0 -1 0
    outer loop
      vertex 35.0987 63.2311 0
      vertex 38.5987 63.2311 2
      vertex 35.0987 63.2311 2
    endloop
  endfacet
  facet normal 0 -1 -0
    outer loop
      vertex 38.5987 63.2311 2
      vertex 35.0987 63.2311 0
      vertex 38.5987 63.2311 0
    endloop
  endfacet
  facet normal -0.866026 -0.499999 0
    outer loop
      vertex 40.3487 60.2 0
      vertex 38.5987 63.2311 2
      vertex 38.5987 63.2311 0
    endloop
  endfacet
  facet normal -0.866026 -0.499999 0
    outer loop
      vertex 38.5987 63.2311 2
      vertex 40.3487 60.2 0
      vertex 40.3487 60.2 2
    endloop
  endfacet
  facet normal 0.866026 -0.499999 0
    outer loop
      vertex 33.3487 60.2 2
      vertex 35.0987 63.2311 0
      vertex 35.0987 63.2311 2
    endloop
  endfacet
  facet normal 0.866026 -0.499999 0
    outer loop
      vertex 35.0987 63.2311 0
      vertex 33.3487 60.2 2
      vertex 33.3487 60.2 0
    endloop
  endfacet
  facet normal 0.866026 0.499999 0
    outer loop
      vertex 35.0987 57.1689 2
      vertex 33.3487 60.2 0
      vertex 33.3487 60.2 2
    endloop
  endfacet
  facet normal 0.866026 0.499999 0
    outer loop
      vertex 33.3487 60.2 0
      vertex 35.0987 57.1689 2
      vertex 35.0987 57.1689 0
    endloop
  endfacet
  facet normal 0 1 -0
    outer loop
      vertex 46.0609 57.1689 0
      vertex 42.5609 57.1689 2
      vertex 46.0609 57.1689 2
    endloop
  endfacet
  facet normal 0 1 0
    outer loop
      vertex 42.5609 57.1689 2
      vertex 46.0609 57.1689 0
      vertex 42.5609 57.1689 0
    endloop
  endfacet
  facet normal -0.866026 0.499999 0
    outer loop
      vertex 46.0609 57.1689 0
      vertex 47.8109 60.2 2
      vertex 47.8109 60.2 0
    endloop
  endfacet
  facet normal -0.866026 0.499999 0
    outer loop
      vertex 47.8109 60.2 2
      vertex 46.0609 57.1689 0
      vertex 46.0609 57.1689 2
    endloop
  endfacet
  facet normal 0 -1 0
    outer loop
      vertex 42.5609 63.2311 0
      vertex 46.0609 63.2311 2
      vertex 42.5609 63.2311 2
    endloop
  endfacet
  facet normal 0 -1 -0
    outer loop
      vertex 46.0609 63.2311 2
      vertex 42.5609 63.2311 0
      vertex 46.0609 63.2311 0
    endloop
  endfacet
  facet normal -0.866026 -0.499999 0
    outer loop
      vertex 47.8109 60.2 0
      vertex 46.0609 63.2311 2
      vertex 46.0609 63.2311 0
    endloop
  endfacet
  facet normal -0.866026 -0.499999 0
    outer loop
      vertex 46.0609 63.2311 2
      vertex 47.8109 60.2 0
      vertex 47.8109 60.2 2
    endloop
  endfacet
  facet normal 0.866026 -0.499999 0
    outer loop
      vertex 40.8109 60.2 2
      vertex 42.5609 63.2311 0
      vertex 42.5609 63.2311 2
    endloop
  endfacet
  facet normal 0.866026 -0.499999 0
    outer loop
      vertex 42.5609 63.2311 0
      vertex 40.8109 60.2 2
      vertex 40.8109 60.2 0
    endloop
  endfacet
  facet normal 0.866026 0.499999 0
    outer loop
      vertex 42.5609 57.1689 2
      vertex 40.8109 60.2 0
      vertex 40.8109 60.2 2
    endloop
  endfacet
  facet normal 0.866026 0.499999 0
    outer loop
      vertex 40.8109 60.2 0
      vertex 42.5609 57.1689 2
      vertex 42.5609 57.1689 0
    endloop
  endfacet
  facet normal 0 1 -0
    outer loop
      vertex 53.5231 57.1689 0
      vertex 50.0231 57.1689 2
      vertex 53.5231 57.1689 2
    endloop
  endfacet
  facet normal 0 1 0
    outer loop
      vertex 50.0231 57.1689 2
      vertex 53.5231 57.1689 0
      vertex 50.0231 57.1689 0
    endloop
  endfacet
  facet normal -0.866026 0.499999 0
    outer loop
      vertex 53.5231 57.1689 0
      vertex 55.2731 60.2 2
      vertex 55.2731 60.2 0
    endloop
  endfacet
  facet normal -0.866026 0.499999 0
    outer loop
      vertex 55.2731 60.2 2
      vertex 53.5231 57.1689 0
      vertex 53.5231 57.1689 2
    endloop
  endfacet
  facet normal 0 -1 0
    outer loop
      vertex 50.0231 63.2311 0
      vertex 53.5231 63.2311 2
      vertex 50.0231 63.2311 2
    endloop
  endfacet
  facet normal 0 -1 -0
    outer loop
      vertex 53.5231 63.2311 2
      vertex 50.0231 63.2311 0
      vertex 53.5231 63.2311 0
    endloop
  endfacet
  facet normal -0.866026 -0.499999 0
    outer loop
      vertex 55.2731 60.2 0
      vertex 53.5231 63.2311 2
      vertex 53.5231 63.2311 0
    endloop
  endfacet
  facet normal -0.866026 -0.499999 0
    outer loop
      vertex 53.5231 63.2311 2
      vertex 55.2731 60.2 0
      vertex 55.2731 60.2 2
    endloop
  endfacet
  facet normal 0.866026 -0.499999 0
    outer loop
      vertex 48.2731 60.2 2
      vertex 50.0231 63.2311 0
      vertex 50.0231 63.2311 2
    endloop
  endfacet
  facet normal 0.866026 -0.499999 0
    outer loop
      vertex 50.0231 63.2311 0
      vertex 48.2731 60.2 2
      vertex 48.2731 60.2 0
    endloop
  endfacet
  facet normal 0.866026 0.499999 0
    outer loop
      vertex 50.0231 57.1689 2
      vertex 48.2731 60.2 0
      vertex 48.2731 60.2 2
    endloop
  endfacet
  facet normal 0.866026 0.499999 0
    outer loop
      vertex 48.2731 60.2 0
      vertex 50.0231 57.1689 2
      vertex 50.0231 57.1689 0
    endloop
  endfacet
  facet normal 0 1 -0
    outer loop
      vertex 16.2122 63.8189 0
      vertex 12.7122 63.8189 2
      vertex 16.2122 63.8189 2
    endloop
  endfacet
  facet normal 0 1 0
    outer loop
      vertex 12.7122 63.8189 2
      vertex 16.2122 63.8189 0
      vertex 12.7122 63.8189 0
    endloop
  endfacet
  facet normal -0.866026 0.499999 0
    outer loop
      vertex 16.2122 63.8189 0
      vertex 17.9622 66.85 2
      vertex 17.9622 66.85 0
    endloop
  endfacet
  facet normal -0.866026 0.499999 0
    outer loop
      vertex 17.9622 66.85 2
      vertex 16.2122 63.8189 0
      vertex 16.2122 63.8189 2
    endloop
  endfacet
  facet normal 0 -1 0
    outer loop
      vertex 12.7122 69.8811 0
      vertex 16.2122 69.8811 2
      vertex 12.7122 69.8811 2
    endloop
  endfacet
  facet normal 0 -1 -0
    outer loop
      vertex 16.2122 69.8811 2
      vertex 12.7122 69.8811 0
      vertex 16.2122 69.8811 0
    endloop
  endfacet
  facet normal -0.866026 -0.499999 0
    outer loop
      vertex 17.9622 66.85 0
      vertex 16.2122 69.8811 2
      vertex 16.2122 69.8811 0
    endloop
  endfacet
  facet normal -0.866026 -0.499999 0
    outer loop
      vertex 16.2122 69.8811 2
      vertex 17.9622 66.85 0
      vertex 17.9622 66.85 2
    endloop
  endfacet
  facet normal 0.866026 -0.499999 0
    outer loop
      vertex 10.9622 66.85 2
      vertex 12.7122 69.8811 0
      vertex 12.7122 69.8811 2
    endloop
  endfacet
  facet normal 0.866026 -0.499999 0
    outer loop
      vertex 12.7122 69.8811 0
      vertex 10.9622 66.85 2
      vertex 10.9622 66.85 0
    endloop
  endfacet
  facet normal 0.866026 0.499999 0
    outer loop
      vertex 12.7122 63.8189 2
      vertex 10.9622 66.85 0
      vertex 10.9622 66.85 2
    endloop
  endfacet
  facet normal 0.866026 0.499999 0
    outer loop
      vertex 10.9622 66.85 0
      vertex 12.7122 63.8189 2
      vertex 12.7122 63.8189 0
    endloop
  endfacet
  facet normal 0 1 -0
    outer loop
      vertex 23.6744 63.8189 0
      vertex 20.1744 63.8189 2
      vertex 23.6744 63.8189 2
    endloop
  endfacet
  facet normal 0 1 0
    outer loop
      vertex 20.1744 63.8189 2
      vertex 23.6744 63.8189 0
      vertex 20.1744 63.8189 0
    endloop
  endfacet
  facet normal -0.866026 0.499999 0
    outer loop
      vertex 23.6744 63.8189 0
      vertex 25.4244 66.85 2
      vertex 25.4244 66.85 0
    endloop
  endfacet
  facet normal -0.866026 0.499999 0
    outer loop
      vertex 25.4244 66.85 2
      vertex 23.6744 63.8189 0
      vertex 23.6744 63.8189 2
    endloop
  endfacet
  facet normal 0 -1 0
    outer loop
      vertex 20.1744 69.8811 0
      vertex 23.6744 69.8811 2
      vertex 20.1744 69.8811 2
    endloop
  endfacet
  facet normal 0 -1 -0
    outer loop
      vertex 23.6744 69.8811 2
      vertex 20.1744 69.8811 0
      vertex 23.6744 69.8811 0
    endloop
  endfacet
  facet normal -0.866026 -0.499999 0
    outer loop
      vertex 25.4244 66.85 0
      vertex 23.6744 69.8811 2
      vertex 23.6744 69.8811 0
    endloop
  endfacet
  facet normal -0.866026 -0.499999 0
    outer loop
      vertex 23.6744 69.8811 2
      vertex 25.4244 66.85 0
      vertex 25.4244 66.85 2
    endloop
  endfacet
  facet normal 0.866026 -0.499999 0
    outer loop
      vertex 18.4244 66.85 2
      vertex 20.1744 69.8811 0
      vertex 20.1744 69.8811 2
    endloop
  endfacet
  facet normal 0.866026 -0.499999 0
    outer loop
      vertex 20.1744 69.8811 0
      vertex 18.4244 66.85 2
      vertex 18.4244 66.85 0
    endloop
  endfacet
  facet normal 0.866026 0.499999 0
    outer loop
      vertex 20.1744 63.8189 2
      vertex 18.4244 66.85 0
      vertex 18.4244 66.85 2
    endloop
  endfacet
  facet normal 0.866026 0.499999 0
    outer loop
      vertex 18.4244 66.85 0
      vertex 20.1744 63.8189 2
      vertex 20.1744 63.8189 0
    endloop
  endfacet
  facet normal 0 1 -0
    outer loop
      vertex 31.1365 63.8189 0
      vertex 27.6365 63.8189 2
      vertex 31.1365 63.8189 2
    endloop
  endfacet
  facet normal 0 1 0
    outer loop
      vertex 27.6365 63.8189 2
      vertex 31.1365 63.8189 0
      vertex 27.6365 63.8189 0
    endloop
  endfacet
  facet normal -0.866026 0.499999 0
    outer loop
      vertex 31.1365 63.8189 0
      vertex 32.8865 66.85 2
      vertex 32.8865 66.85 0
    endloop
  endfacet
  facet normal -0.866026 0.499999 0
    outer loop
      vertex 32.8865 66.85 2
      vertex 31.1365 63.8189 0
      vertex 31.1365 63.8189 2
    endloop
  endfacet
  facet normal 0 -1 0
    outer loop
      vertex 27.6365 69.8811 0
      vertex 31.1365 69.8811 2
      vertex 27.6365 69.8811 2
    endloop
  endfacet
  facet normal 0 -1 -0
    outer loop
      vertex 31.1365 69.8811 2
      vertex 27.6365 69.8811 0
      vertex 31.1365 69.8811 0
    endloop
  endfacet
  facet normal -0.866026 -0.499999 0
    outer loop
      vertex 32.8865 66.85 0
      vertex 31.1365 69.8811 2
      vertex 31.1365 69.8811 0
    endloop
  endfacet
  facet normal -0.866026 -0.499999 0
    outer loop
      vertex 31.1365 69.8811 2
      vertex 32.8865 66.85 0
      vertex 32.8865 66.85 2
    endloop
  endfacet
  facet normal 0.866026 -0.499999 0
    outer loop
      vertex 25.8865 66.85 2
      vertex 27.6365 69.8811 0
      vertex 27.6365 69.8811 2
    endloop
  endfacet
  facet normal 0.866026 -0.499999 0
    outer loop
      vertex 27.6365 69.8811 0
      vertex 25.8865 66.85 2
      vertex 25.8865 66.85 0
    endloop
  endfacet
  facet normal 0.866026 0.499999 0
    outer loop
      vertex 27.6365 63.8189 2
      vertex 25.8865 66.85 0
      vertex 25.8865 66.85 2
    endloop
  endfacet
  facet normal 0.866026 0.499999 0
    outer loop
      vertex 25.8865 66.85 0
      vertex 27.6365 63.8189 2
      vertex 27.6365 63.8189 0
    endloop
  endfacet
  facet normal 0 1 -0
    outer loop
      vertex 38.5987 63.8189 0
      vertex 35.0987 63.8189 2
      vertex 38.5987 63.8189 2
    endloop
  endfacet
  facet normal 0 1 0
    outer loop
      vertex 35.0987 63.8189 2
      vertex 38.5987 63.8189 0
      vertex 35.0987 63.8189 0
    endloop
  endfacet
  facet normal -0.866026 0.499999 0
    outer loop
      vertex 38.5987 63.8189 0
      vertex 40.3487 66.85 2
      vertex 40.3487 66.85 0
    endloop
  endfacet
  facet normal -0.866026 0.499999 0
    outer loop
      vertex 40.3487 66.85 2
      vertex 38.5987 63.8189 0
      vertex 38.5987 63.8189 2
    endloop
  endfacet
  facet normal 0 -1 0
    outer loop
      vertex 35.0987 69.8811 0
      vertex 38.5987 69.8811 2
      vertex 35.0987 69.8811 2
    endloop
  endfacet
  facet normal 0 -1 -0
    outer loop
      vertex 38.5987 69.8811 2
      vertex 35.0987 69.8811 0
      vertex 38.5987 69.8811 0
    endloop
  endfacet
  facet normal -0.866026 -0.499999 0
    outer loop
      vertex 40.3487 66.85 0
      vertex 38.5987 69.8811 2
      vertex 38.5987 69.8811 0
    endloop
  endfacet
  facet normal -0.866026 -0.499999 0
    outer loop
      vertex 38.5987 69.8811 2
      vertex 40.3487 66.85 0
      vertex 40.3487 66.85 2
    endloop
  endfacet
  facet normal 0.866026 -0.499999 0
    outer loop
      vertex 33.3487 66.85 2
      vertex 35.0987 69.8811 0
      vertex 35.0987 69.8811 2
    endloop
  endfacet
  facet normal 0.866026 -0.499999 0
    outer loop
      vertex 35.0987 69.8811 0
      vertex 33.3487 66.85 2
      vertex 33.3487 66.85 0
    endloop
  endfacet
  facet normal 0.866026 0.499999 0
    outer loop
      vertex 35.0987 63.8189 2
      vertex 33.3487 66.85 0
      vertex 33.3487 66.85 2
    endloop
  endfacet
  facet normal 0.866026 0.499999 0
    outer loop
      vertex 33.3487 66.85 0
      vertex 35.0987 63.8189 2
      vertex 35.0987 63.8189 0
    endloop
  endfacet
  facet normal 0 1 -0
    outer loop
      vertex 46.0609 63.8189 0
      vertex 42.5609 63.8189 2
      vertex 46.0609 63.8189 2
    endloop
  endfacet
  facet normal 0 1 0
    outer loop
      vertex 42.5609 63.8189 2
      vertex 46.0609 63.8189 0
      vertex 42.5609 63.8189 0
    endloop
  endfacet
  facet normal -0.866026 0.499999 0
    outer loop
      vertex 46.0609 63.8189 0
      vertex 47.8109 66.85 2
      vertex 47.8109 66.85 0
    endloop
  endfacet
  facet normal -0.866026 0.499999 0
    outer loop
      vertex 47.8109 66.85 2
      vertex 46.0609 63.8189 0
      vertex 46.0609 63.8189 2
    endloop
  endfacet
  facet normal 0 -1 0
    outer loop
      vertex 42.5609 69.8811 0
      vertex 46.0609 69.8811 2
      vertex 42.5609 69.8811 2
    endloop
  endfacet
  facet normal 0 -1 -0
    outer loop
      vertex 46.0609 69.8811 2
      vertex 42.5609 69.8811 0
      vertex 46.0609 69.8811 0
    endloop
  endfacet
  facet normal -0.866026 -0.499999 0
    outer loop
      vertex 47.8109 66.85 0
      vertex 46.0609 69.8811 2
      vertex 46.0609 69.8811 0
    endloop
  endfacet
  facet normal -0.866026 -0.499999 0
    outer loop
      vertex 46.0609 69.8811 2
      vertex 47.8109 66.85 0
      vertex 47.8109 66.85 2
    endloop
  endfacet
  facet normal 0.866026 -0.499999 0
    outer loop
      vertex 40.8109 66.85 2
      vertex 42.5609 69.8811 0
      vertex 42.5609 69.8811 2
    endloop
  endfacet
  facet normal 0.866026 -0.499999 0
    outer loop
      vertex 42.5609 69.8811 0
      vertex 40.8109 66.85 2
      vertex 40.8109 66.85 0
    endloop
  endfacet
  facet normal 0.866026 0.499999 0
    outer loop
      vertex 42.5609 63.8189 2
      vertex 40.8109 66.85 0
      vertex 40.8109 66.85 2
    endloop
  endfacet
  facet normal 0.866026 0.499999 0
    outer loop
      vertex 40.8109 66.85 0
      vertex 42.5609 63.8189 2
      vertex 42.5609 63.8189 0
    endloop
  endfacet
  facet normal 1 -0 0
    outer loop
      vertex 60 0 28
      vertex 60 75 0
      vertex 60 75 28
    endloop
  endfacet
  facet normal 1 0 0
    outer loop
      vertex 60 75 0
      vertex 60 0 28
      vertex 60 0 0
    endloop
  endfacet
  facet normal 0 0 1
    outer loop
      vertex 60 75 28
      vertex 58 73 28
      vertex 60 0 28
    endloop
  endfacet
  facet normal 0 0 1
    outer loop
      vertex 60 75 28
      vertex 2 73 28
      vertex 58 73 28
    endloop
  endfacet
  facet normal 0 0 1
    outer loop
      vertex 2 73 28
      vertex 0 75 28
      vertex 2 2 28
    endloop
  endfacet
  facet normal -0 0 1
    outer loop
      vertex 0 75 28
      vertex 2 73 28
      vertex 60 75 28
    endloop
  endfacet
  facet normal -0 0 1
    outer loop
      vertex 58 2 28
      vertex 60 0 28
      vertex 58 73 28
    endloop
  endfacet
  facet normal -0 0 1
    outer loop
      vertex 2 2 28
      vertex 60 0 28
      vertex 58 2 28
    endloop
  endfacet
  facet normal 0 0 1
    outer loop
      vertex 2 2 28
      vertex 0 0 28
      vertex 60 0 28
    endloop
  endfacet
  facet normal 0 0 1
    outer loop
      vertex 0 0 28
      vertex 2 2 28
      vertex 0 75 28
    endloop
  endfacet
  facet normal 0 0 -1
    outer loop
      vertex 16.2122 63.8189 0
      vertex 20.1744 63.8189 0
      vertex 16.2122 63.2311 0
    endloop
  endfacet
  facet normal 0 0 -1
    outer loop
      vertex 20.1744 63.8189 0
      vertex 16.2122 63.8189 0
      vertex 17.9622 66.85 0
    endloop
  endfacet
  facet normal 0 0 -1
    outer loop
      vertex 12.7122 63.2311 0
      vertex 16.2122 63.8189 0
      vertex 16.2122 63.2311 0
    endloop
  endfacet
  facet normal 0 0 -1
    outer loop
      vertex 12.7122 63.2311 0
      vertex 12.7122 63.8189 0
      vertex 16.2122 63.8189 0
    endloop
  endfacet
  facet normal 0 0 -1
    outer loop
      vertex 10.9622 60.2 0
      vertex 12.7122 63.8189 0
      vertex 12.7122 63.2311 0
    endloop
  endfacet
  facet normal -0 0 -1
    outer loop
      vertex 12.7122 63.8189 0
      vertex 10.9622 60.2 0
      vertex 10.9622 66.85 0
    endloop
  endfacet
  facet normal 0 0 -1
    outer loop
      vertex 23.6744 63.8189 0
      vertex 27.6365 63.8189 0
      vertex 23.6744 63.2311 0
    endloop
  endfacet
  facet normal 0 0 -1
    outer loop
      vertex 27.6365 63.8189 0
      vertex 23.6744 63.8189 0
      vertex 25.4244 66.85 0
    endloop
  endfacet
  facet normal 0 0 -1
    outer loop
      vertex 20.1744 63.2311 0
      vertex 23.6744 63.8189 0
      vertex 23.6744 63.2311 0
    endloop
  endfacet
  facet normal 0 0 -1
    outer loop
      vertex 20.1744 63.2311 0
      vertex 20.1744 63.8189 0
      vertex 23.6744 63.8189 0
    endloop
  endfacet
  facet normal 0 0 -1
    outer loop
      vertex 17.9622 60.2 0
      vertex 20.1744 63.2311 0
      vertex 18.4244 60.2 0
    endloop
  endfacet
  facet normal 0 0 -1
    outer loop
      vertex 16.2122 63.2311 0
      vertex 20.1744 63.2311 0
      vertex 17.9622 60.2 0
    endloop
  endfacet
  facet normal 0 0 -1
    outer loop
      vertex 31.1365 63.8189 0
      vertex 35.0987 63.8189 0
      vertex 31.1365 63.2311 0
    endloop
  endfacet
  facet normal 0 0 -1
    outer loop
      vertex 35.0987 63.8189 0
      vertex 31.1365 63.8189 0
      vertex 32.8865 66.85 0
    endloop
  endfacet
  facet normal 0 0 -1
    outer loop
      vertex 27.6365 63.2311 0
      vertex 31.1365 63.8189 0
      vertex 31.1365 63.2311 0
    endloop
  endfacet
  facet normal 0 0 -1
    outer loop
      vertex 27.6365 63.2311 0
      vertex 27.6365 63.8189 0
      vertex 31.1365 63.8189 0
    endloop
  endfacet
  facet normal 0 0 -1
    outer loop
      vertex 25.4244 60.2 0
      vertex 27.6365 63.2311 0
      vertex 25.8865 60.2 0
    endloop
  endfacet
  facet normal 0 0 -1
    outer loop
      vertex 23.6744 63.2311 0
      vertex 27.6365 63.2311 0
      vertex 25.4244 60.2 0
    endloop
  endfacet
  facet normal 0 0 -1
    outer loop
      vertex 38.5987 63.8189 0
      vertex 42.5609 63.8189 0
      vertex 38.5987 63.2311 0
    endloop
  endfacet
  facet normal 0 0 -1
    outer loop
      vertex 42.5609 63.8189 0
      vertex 38.5987 63.8189 0
      vertex 40.3487 66.85 0
    endloop
  endfacet
  facet normal 0 0 -1
    outer loop
      vertex 35.0987 63.2311 0
      vertex 38.5987 63.8189 0
      vertex 38.5987 63.2311 0
    endloop
  endfacet
  facet normal 0 0 -1
    outer loop
      vertex 35.0987 63.2311 0
      vertex 35.0987 63.8189 0
      vertex 38.5987 63.8189 0
    endloop
  endfacet
  facet normal 0 0 -1
    outer loop
      vertex 32.8865 60.2 0
      vertex 35.0987 63.2311 0
      vertex 33.3487 60.2 0
    endloop
  endfacet
  facet normal 0 0 -1
    outer loop
      vertex 31.1365 63.2311 0
      vertex 35.0987 63.2311 0
      vertex 32.8865 60.2 0
    endloop
  endfacet
  facet normal 0 0 -1
    outer loop
      vertex 46.0609 63.8189 0
      vertex 50.0231 63.2311 0
      vertex 46.0609 63.2311 0
    endloop
  endfacet
  facet normal 0 0 -1
    outer loop
      vertex 50.0231 63.2311 0
      vertex 46.0609 63.8189 0
      vertex 47.8109 66.85 0
    endloop
  endfacet
  facet normal 0 0 -1
    outer loop
      vertex 42.5609 63.2311 0
      vertex 46.0609 63.8189 0
      vertex 46.0609 63.2311 0
    endloop
  endfacet
  facet normal 0 0 -1
    outer loop
      vertex 42.5609 63.2311 0
      vertex 42.5609 63.8189 0
      vertex 46.0609 63.8189 0
    endloop
  endfacet
  facet normal 0 0 -1
    outer loop
      vertex 40.3487 60.2 0
      vertex 42.5609 63.2311 0
      vertex 40.8109 60.2 0
    endloop
  endfacet
  facet normal 0 0 -1
    outer loop
      vertex 38.5987 63.2311 0
      vertex 42.5609 63.2311 0
      vertex 40.3487 60.2 0
    endloop
  endfacet
  facet normal 0 0 -1
    outer loop
      vertex 53.5231 49.9311 0
      vertex 55.2731 60.2 0
      vertex 55.2731 46.9 0
    endloop
  endfacet
  facet normal 0 0 -1
    outer loop
      vertex 53.5231 49.9311 0
      vertex 53.5231 57.1689 0
      vertex 55.2731 60.2 0
    endloop
  endfacet
  facet normal 0 0 -1
    outer loop
      vertex 53.5231 49.9311 0
      vertex 51.542 53.55 0
      vertex 53.5231 57.1689 0
    endloop
  endfacet
  facet normal 0 0 -1
    outer loop
      vertex 49.792 50.5189 0
      vertex 53.5231 49.9311 0
      vertex 50.0231 49.9311 0
    endloop
  endfacet
  facet normal 0 0 -1
    outer loop
      vertex 53.5231 49.9311 0
      vertex 49.792 50.5189 0
      vertex 51.542 53.55 0
    endloop
  endfacet
  facet normal 0 0 -1
    outer loop
      vertex 46.0609 49.9311 0
      vertex 50.0231 49.9311 0
      vertex 48.2731 46.9 0
    endloop
  endfacet
  facet normal 0 0 -1
    outer loop
      vertex 46.0609 49.9311 0
      vertex 48.2731 46.9 0
      vertex 47.8109 46.9 0
    endloop
  endfacet
  facet normal 0 0 -1
    outer loop
      vertex 50.0231 49.9311 0
      vertex 46.0609 49.9311 0
      vertex 49.792 50.5189 0
    endloop
  endfacet
  facet normal -0 0 -1
    outer loop
      vertex 49.792 50.5189 0
      vertex 46.0609 49.9311 0
      vertex 46.292 50.5189 0
    endloop
  endfacet
  facet normal 0 0 -1
    outer loop
      vertex 42.3298 50.5189 0
      vertex 46.292 50.5189 0
      vertex 46.0609 49.9311 0
    endloop
  endfacet
  facet normal 0 0 -1
    outer loop
      vertex 46.292 50.5189 0
      vertex 42.3298 50.5189 0
      vertex 44.542 53.55 0
    endloop
  endfacet
  facet normal 0 0 -1
    outer loop
      vertex 42.3298 50.5189 0
      vertex 46.0609 49.9311 0
      vertex 42.5609 49.9311 0
    endloop
  endfacet
  facet normal -0 0 -1
    outer loop
      vertex 44.542 53.55 0
      vertex 42.3298 50.5189 0
      vertex 44.0798 53.55 0
    endloop
  endfacet
  facet normal 0 0 -1
    outer loop
      vertex 38.5987 49.9311 0
      vertex 42.5609 49.9311 0
      vertex 40.8109 46.9 0
    endloop
  endfacet
  facet normal 0 0 -1
    outer loop
      vertex 38.5987 49.9311 0
      vertex 40.8109 46.9 0
      vertex 40.3487 46.9 0
    endloop
  endfacet
  facet normal 0 0 -1
    outer loop
      vertex 42.5609 49.9311 0
      vertex 38.5987 49.9311 0
      vertex 42.3298 50.5189 0
    endloop
  endfacet
  facet normal -0 0 -1
    outer loop
      vertex 42.3298 50.5189 0
      vertex 38.5987 49.9311 0
      vertex 38.8298 50.5189 0
    endloop
  endfacet
  facet normal 0 0 -1
    outer loop
      vertex 34.8676 50.5189 0
      vertex 38.8298 50.5189 0
      vertex 38.5987 49.9311 0
    endloop
  endfacet
  facet normal 0 0 -1
    outer loop
      vertex 38.8298 50.5189 0
      vertex 34.8676 50.5189 0
      vertex 37.0798 53.55 0
    endloop
  endfacet
  facet normal 0 0 -1
    outer loop
      vertex 34.8676 50.5189 0
      vertex 38.5987 49.9311 0
      vertex 35.0987 49.9311 0
    endloop
  endfacet
  facet normal -0 0 -1
    outer loop
      vertex 37.0798 53.55 0
      vertex 34.8676 50.5189 0
      vertex 36.6176 53.55 0
    endloop
  endfacet
  facet normal 0 0 -1
    outer loop
      vertex 31.1365 49.9311 0
      vertex 35.0987 49.9311 0
      vertex 33.3487 46.9 0
    endloop
  endfacet
  facet normal 0 0 -1
    outer loop
      vertex 31.1365 49.9311 0
      vertex 33.3487 46.9 0
      vertex 32.8865 46.9 0
    endloop
  endfacet
  facet normal 0 0 -1
    outer loop
      vertex 35.0987 49.9311 0
      vertex 31.1365 49.9311 0
      vertex 34.8676 50.5189 0
    endloop
  endfacet
  facet normal -0 0 -1
    outer loop
      vertex 34.8676 50.5189 0
      vertex 31.1365 49.9311 0
      vertex 31.3676 50.5189 0
    endloop
  endfacet
  facet normal 0 0 -1
    outer loop
      vertex 27.4054 50.5189 0
      vertex 31.3676 50.5189 0
      vertex 31.1365 49.9311 0
    endloop
  endfacet
  facet normal 0 0 -1
    outer loop
      vertex 31.3676 50.5189 0
      vertex 27.4054 50.5189 0
      vertex 29.6176 53.55 0
    endloop
  endfacet
  facet normal 0 0 -1
    outer loop
      vertex 27.4054 50.5189 0
      vertex 31.1365 49.9311 0
      vertex 27.6365 49.9311 0
    endloop
  endfacet
  facet normal -0 0 -1
    outer loop
      vertex 29.6176 53.55 0
      vertex 27.4054 50.5189 0
      vertex 29.1554 53.55 0
    endloop
  endfacet
  facet normal 0 0 -1
    outer loop
      vertex 23.6744 49.9311 0
      vertex 27.6365 49.9311 0
      vertex 25.8865 46.9 0
    endloop
  endfacet
  facet normal 0 0 -1
    outer loop
      vertex 23.6744 49.9311 0
      vertex 25.8865 46.9 0
      vertex 25.4244 46.9 0
    endloop
  endfacet
  facet normal 0 0 -1
    outer loop
      vertex 27.6365 49.9311 0
      vertex 23.6744 49.9311 0
      vertex 27.4054 50.5189 0
    endloop
  endfacet
  facet normal -0 0 -1
    outer loop
      vertex 27.4054 50.5189 0
      vertex 23.6744 49.9311 0
      vertex 23.9054 50.5189 0
    endloop
  endfacet
  facet normal 0 0 -1
    outer loop
      vertex 19.9433 50.5189 0
      vertex 23.9054 50.5189 0
      vertex 23.6744 49.9311 0
    endloop
  endfacet
  facet normal 0 0 -1
    outer loop
      vertex 23.9054 50.5189 0
      vertex 19.9433 50.5189 0
      vertex 22.1554 53.55 0
    endloop
  endfacet
  facet normal 0 0 -1
    outer loop
      vertex 19.9433 50.5189 0
      vertex 23.6744 49.9311 0
      vertex 20.1744 49.9311 0
    endloop
  endfacet
  facet normal -0 0 -1
    outer loop
      vertex 22.1554 53.55 0
      vertex 19.9433 50.5189 0
      vertex 21.6933 53.55 0
    endloop
  endfacet
  facet normal 0 0 -1
    outer loop
      vertex 16.2122 49.9311 0
      vertex 20.1744 49.9311 0
      vertex 18.4244 46.9 0
    endloop
  endfacet
  facet normal 0 0 -1
    outer loop
      vertex 16.2122 49.9311 0
      vertex 18.4244 46.9 0
      vertex 17.9622 46.9 0
    endloop
  endfacet
  facet normal 0 0 -1
    outer loop
      vertex 20.1744 49.9311 0
      vertex 16.2122 49.9311 0
      vertex 19.9433 50.5189 0
    endloop
  endfacet
  facet normal -0 0 -1
    outer loop
      vertex 19.9433 50.5189 0
      vertex 16.2122 49.9311 0
      vertex 16.4433 50.5189 0
    endloop
  endfacet
  facet normal 0 0 -1
    outer loop
      vertex 12.4811 50.5189 0
      vertex 16.4433 50.5189 0
      vertex 16.2122 49.9311 0
    endloop
  endfacet
  facet normal 0 0 -1
    outer loop
      vertex 16.4433 50.5189 0
      vertex 12.4811 50.5189 0
      vertex 14.6933 53.55 0
    endloop
  endfacet
  facet normal 0 0 -1
    outer loop
      vertex 12.4811 50.5189 0
      vertex 16.2122 49.9311 0
      vertex 12.7122 49.9311 0
    endloop
  endfacet
  facet normal -0 0 -1
    outer loop
      vertex 14.6933 53.55 0
      vertex 12.4811 50.5189 0
      vertex 14.2311 53.55 0
    endloop
  endfacet
  facet normal 0 0 -1
    outer loop
      vertex 8.98109 50.5189 0
      vertex 12.7122 49.9311 0
      vertex 10.9622 46.9 0
    endloop
  endfacet
  facet normal 0 0 -1
    outer loop
      vertex 8.98109 50.5189 0
      vertex 10.9622 46.9 0
      vertex 8.98109 43.2811 0
    endloop
  endfacet
  facet normal 0 0 -1
    outer loop
      vertex 12.7122 49.9311 0
      vertex 8.98109 50.5189 0
      vertex 12.4811 50.5189 0
    endloop
  endfacet
  facet normal 0 0 -1
    outer loop
      vertex 7.23109 40.25 0
      vertex 8.98109 50.5189 0
      vertex 8.98109 43.2811 0
    endloop
  endfacet
  facet normal -0 0 -1
    outer loop
      vertex 8.98109 50.5189 0
      vertex 7.23109 40.25 0
      vertex 7.23109 53.55 0
    endloop
  endfacet
  facet normal 0 0 -1
    outer loop
      vertex 53.5231 36.6311 0
      vertex 55.2731 46.9 0
      vertex 55.2731 33.6 0
    endloop
  endfacet
  facet normal 0 0 -1
    outer loop
      vertex 53.5231 36.6311 0
      vertex 53.5231 43.8689 0
      vertex 55.2731 46.9 0
    endloop
  endfacet
  facet normal 0 0 -1
    outer loop
      vertex 53.5231 36.6311 0
      vertex 51.542 40.25 0
      vertex 53.5231 43.8689 0
    endloop
  endfacet
  facet normal 0 0 -1
    outer loop
      vertex 49.792 37.2189 0
      vertex 53.5231 36.6311 0
      vertex 50.0231 36.6311 0
    endloop
  endfacet
  facet normal 0 0 -1
    outer loop
      vertex 53.5231 36.6311 0
      vertex 49.792 37.2189 0
      vertex 51.542 40.25 0
    endloop
  endfacet
  facet normal 0 0 -1
    outer loop
      vertex 46.0609 36.6311 0
      vertex 50.0231 36.6311 0
      vertex 48.2731 33.6 0
    endloop
  endfacet
  facet normal 0 0 -1
    outer loop
      vertex 46.0609 36.6311 0
      vertex 48.2731 33.6 0
      vertex 47.8109 33.6 0
    endloop
  endfacet
  facet normal 0 0 -1
    outer loop
      vertex 50.0231 36.6311 0
      vertex 46.0609 36.6311 0
      vertex 49.792 37.2189 0
    endloop
  endfacet
  facet normal -0 0 -1
    outer loop
      vertex 49.792 37.2189 0
      vertex 46.0609 36.6311 0
      vertex 46.292 37.2189 0
    endloop
  endfacet
  facet normal 0 0 -1
    outer loop
      vertex 42.3298 37.2189 0
      vertex 46.292 37.2189 0
      vertex 46.0609 36.6311 0
    endloop
  endfacet
  facet normal 0 0 -1
    outer loop
      vertex 46.292 37.2189 0
      vertex 42.3298 37.2189 0
      vertex 44.542 40.25 0
    endloop
  endfacet
  facet normal 0 0 -1
    outer loop
      vertex 42.3298 37.2189 0
      vertex 46.0609 36.6311 0
      vertex 42.5609 36.6311 0
    endloop
  endfacet
  facet normal -0 0 -1
    outer loop
      vertex 44.542 40.25 0
      vertex 42.3298 37.2189 0
      vertex 44.0798 40.25 0
    endloop
  endfacet
  facet normal 0 0 -1
    outer loop
      vertex 38.5987 36.6311 0
      vertex 42.5609 36.6311 0
      vertex 40.8109 33.6 0
    endloop
  endfacet
  facet normal 0 0 -1
    outer loop
      vertex 38.5987 36.6311 0
      vertex 40.8109 33.6 0
      vertex 40.3487 33.6 0
    endloop
  endfacet
  facet normal 0 0 -1
    outer loop
      vertex 42.5609 36.6311 0
      vertex 38.5987 36.6311 0
      vertex 42.3298 37.2189 0
    endloop
  endfacet
  facet normal -0 0 -1
    outer loop
      vertex 42.3298 37.2189 0
      vertex 38.5987 36.6311 0
      vertex 38.8298 37.2189 0
    endloop
  endfacet
  facet normal 0 0 -1
    outer loop
      vertex 34.8676 37.2189 0
      vertex 38.8298 37.2189 0
      vertex 38.5987 36.6311 0
    endloop
  endfacet
  facet normal 0 0 -1
    outer loop
      vertex 38.8298 37.2189 0
      vertex 34.8676 37.2189 0
      vertex 37.0798 40.25 0
    endloop
  endfacet
  facet normal 0 0 -1
    outer loop
      vertex 34.8676 37.2189 0
      vertex 38.5987 36.6311 0
      vertex 35.0987 36.6311 0
    endloop
  endfacet
  facet normal -0 0 -1
    outer loop
      vertex 37.0798 40.25 0
      vertex 34.8676 37.2189 0
      vertex 36.6176 40.25 0
    endloop
  endfacet
  facet normal 0 0 -1
    outer loop
      vertex 31.1365 36.6311 0
      vertex 35.0987 36.6311 0
      vertex 33.3487 33.6 0
    endloop
  endfacet
  facet normal 0 0 -1
    outer loop
      vertex 31.1365 36.6311 0
      vertex 33.3487 33.6 0
      vertex 32.8865 33.6 0
    endloop
  endfacet
  facet normal 0 0 -1
    outer loop
      vertex 35.0987 36.6311 0
      vertex 31.1365 36.6311 0
      vertex 34.8676 37.2189 0
    endloop
  endfacet
  facet normal -0 0 -1
    outer loop
      vertex 34.8676 37.2189 0
      vertex 31.1365 36.6311 0
      vertex 31.3676 37.2189 0
    endloop
  endfacet
  facet normal 0 0 -1
    outer loop
      vertex 27.4054 37.2189 0
      vertex 31.3676 37.2189 0
      vertex 31.1365 36.6311 0
    endloop
  endfacet
  facet normal 0 0 -1
    outer loop
      vertex 31.3676 37.2189 0
      vertex 27.4054 37.2189 0
      vertex 29.6176 40.25 0
    endloop
  endfacet
  facet normal 0 0 -1
    outer loop
      vertex 27.4054 37.2189 0
      vertex 31.1365 36.6311 0
      vertex 27.6365 36.6311 0
    endloop
  endfacet
  facet normal -0 0 -1
    outer loop
      vertex 29.6176 40.25 0
      vertex 27.4054 37.2189 0
      vertex 29.1554 40.25 0
    endloop
  endfacet
  facet normal 0 0 -1
    outer loop
      vertex 23.6744 36.6311 0
      vertex 27.6365 36.6311 0
      vertex 25.8865 33.6 0
    endloop
  endfacet
  facet normal 0 0 -1
    outer loop
      vertex 23.6744 36.6311 0
      vertex 25.8865 33.6 0
      vertex 25.4244 33.6 0
    endloop
  endfacet
  facet normal 0 0 -1
    outer loop
      vertex 27.6365 36.6311 0
      vertex 23.6744 36.6311 0
      vertex 27.4054 37.2189 0
    endloop
  endfacet
  facet normal -0 0 -1
    outer loop
      vertex 27.4054 37.2189 0
      vertex 23.6744 36.6311 0
      vertex 23.9054 37.2189 0
    endloop
  endfacet
  facet normal 0 0 -1
    outer loop
      vertex 19.9433 37.2189 0
      vertex 23.9054 37.2189 0
      vertex 23.6744 36.6311 0
    endloop
  endfacet
  facet normal 0 0 -1
    outer loop
      vertex 23.9054 37.2189 0
      vertex 19.9433 37.2189 0
      vertex 22.1554 40.25 0
    endloop
  endfacet
  facet normal 0 0 -1
    outer loop
      vertex 19.9433 37.2189 0
      vertex 23.6744 36.6311 0
      vertex 20.1744 36.6311 0
    endloop
  endfacet
  facet normal -0 0 -1
    outer loop
      vertex 22.1554 40.25 0
      vertex 19.9433 37.2189 0
      vertex 21.6933 40.25 0
    endloop
  endfacet
  facet normal 0 0 -1
    outer loop
      vertex 16.2122 36.6311 0
      vertex 20.1744 36.6311 0
      vertex 18.4244 33.6 0
    endloop
  endfacet
  facet normal 0 0 -1
    outer loop
      vertex 16.2122 36.6311 0
      vertex 18.4244 33.6 0
      vertex 17.9622 33.6 0
    endloop
  endfacet
  facet normal 0 0 -1
    outer loop
      vertex 20.1744 36.6311 0
      vertex 16.2122 36.6311 0
      vertex 19.9433 37.2189 0
    endloop
  endfacet
  facet normal -0 0 -1
    outer loop
      vertex 19.9433 37.2189 0
      vertex 16.2122 36.6311 0
      vertex 16.4433 37.2189 0
    endloop
  endfacet
  facet normal 0 0 -1
    outer loop
      vertex 12.4811 37.2189 0
      vertex 16.4433 37.2189 0
      vertex 16.2122 36.6311 0
    endloop
  endfacet
  facet normal 0 0 -1
    outer loop
      vertex 16.4433 37.2189 0
      vertex 12.4811 37.2189 0
      vertex 14.6933 40.25 0
    endloop
  endfacet
  facet normal 0 0 -1
    outer loop
      vertex 12.4811 37.2189 0
      vertex 16.2122 36.6311 0
      vertex 12.7122 36.6311 0
    endloop
  endfacet
  facet normal -0 0 -1
    outer loop
      vertex 14.6933 40.25 0
      vertex 12.4811 37.2189 0
      vertex 14.2311 40.25 0
    endloop
  endfacet
  facet normal 0 0 -1
    outer loop
      vertex 8.98109 37.2189 0
      vertex 12.7122 36.6311 0
      vertex 10.9622 33.6 0
    endloop
  endfacet
  facet normal 0 0 -1
    outer loop
      vertex 8.98109 37.2189 0
      vertex 10.9622 33.6 0
      vertex 8.98109 29.9811 0
    endloop
  endfacet
  facet normal 0 0 -1
    outer loop
      vertex 12.7122 36.6311 0
      vertex 8.98109 37.2189 0
      vertex 12.4811 37.2189 0
    endloop
  endfacet
  facet normal 0 0 -1
    outer loop
      vertex 7.23109 26.95 0
      vertex 8.98109 37.2189 0
      vertex 8.98109 29.9811 0
    endloop
  endfacet
  facet normal -0 0 -1
    outer loop
      vertex 8.98109 37.2189 0
      vertex 7.23109 26.95 0
      vertex 7.23109 40.25 0
    endloop
  endfacet
  facet normal 0 0 -1
    outer loop
      vertex 53.5231 23.3311 0
      vertex 55.2731 33.6 0
      vertex 55.2731 20.3 0
    endloop
  endfacet
  facet normal 0 0 -1
    outer loop
      vertex 53.5231 23.3311 0
      vertex 53.5231 30.5689 0
      vertex 55.2731 33.6 0
    endloop
  endfacet
  facet normal 0 0 -1
    outer loop
      vertex 53.5231 23.3311 0
      vertex 51.542 26.95 0
      vertex 53.5231 30.5689 0
    endloop
  endfacet
  facet normal 0 0 -1
    outer loop
      vertex 49.792 23.9189 0
      vertex 53.5231 23.3311 0
      vertex 50.0231 23.3311 0
    endloop
  endfacet
  facet normal 0 0 -1
    outer loop
      vertex 53.5231 23.3311 0
      vertex 49.792 23.9189 0
      vertex 51.542 26.95 0
    endloop
  endfacet
  facet normal 0 0 -1
    outer loop
      vertex 46.0609 23.3311 0
      vertex 50.0231 23.3311 0
      vertex 48.2731 20.3 0
    endloop
  endfacet
  facet normal 0 0 -1
    outer loop
      vertex 46.0609 23.3311 0
      vertex 48.2731 20.3 0
      vertex 47.8109 20.3 0
    endloop
  endfacet
  facet normal 0 0 -1
    outer loop
      vertex 50.0231 23.3311 0
      vertex 46.0609 23.3311 0
      vertex 49.792 23.9189 0
    endloop
  endfacet
  facet normal -0 0 -1
    outer loop
      vertex 49.792 23.9189 0
      vertex 46.0609 23.3311 0
      vertex 46.292 23.9189 0
    endloop
  endfacet
  facet normal 0 0 -1
    outer loop
      vertex 42.3298 23.9189 0
      vertex 46.292 23.9189 0
      vertex 46.0609 23.3311 0
    endloop
  endfacet
  facet normal 0 0 -1
    outer loop
      vertex 46.292 23.9189 0
      vertex 42.3298 23.9189 0
      vertex 44.542 26.95 0
    endloop
  endfacet
  facet normal 0 0 -1
    outer loop
      vertex 42.3298 23.9189 0
      vertex 46.0609 23.3311 0
      vertex 42.5609 23.3311 0
    endloop
  endfacet
  facet normal -0 0 -1
    outer loop
      vertex 44.542 26.95 0
      vertex 42.3298 23.9189 0
      vertex 44.0798 26.95 0
    endloop
  endfacet
  facet normal 0 0 -1
    outer loop
      vertex 38.5987 23.3311 0
      vertex 42.5609 23.3311 0
      vertex 40.8109 20.3 0
    endloop
  endfacet
  facet normal 0 0 -1
    outer loop
      vertex 38.5987 23.3311 0
      vertex 40.8109 20.3 0
      vertex 40.3487 20.3 0
    endloop
  endfacet
  facet normal 0 0 -1
    outer loop
      vertex 42.5609 23.3311 0
      vertex 38.5987 23.3311 0
      vertex 42.3298 23.9189 0
    endloop
  endfacet
  facet normal -0 0 -1
    outer loop
      vertex 42.3298 23.9189 0
      vertex 38.5987 23.3311 0
      vertex 38.8298 23.9189 0
    endloop
  endfacet
  facet normal 0 0 -1
    outer loop
      vertex 34.8676 23.9189 0
      vertex 38.8298 23.9189 0
      vertex 38.5987 23.3311 0
    endloop
  endfacet
  facet normal 0 0 -1
    outer loop
      vertex 38.8298 23.9189 0
      vertex 34.8676 23.9189 0
      vertex 37.0798 26.95 0
    endloop
  endfacet
  facet normal 0 0 -1
    outer loop
      vertex 34.8676 23.9189 0
      vertex 38.5987 23.3311 0
      vertex 35.0987 23.3311 0
    endloop
  endfacet
  facet normal -0 0 -1
    outer loop
      vertex 37.0798 26.95 0
      vertex 34.8676 23.9189 0
      vertex 36.6176 26.95 0
    endloop
  endfacet
  facet normal 0 0 -1
    outer loop
      vertex 31.1365 23.3311 0
      vertex 35.0987 23.3311 0
      vertex 33.3487 20.3 0
    endloop
  endfacet
  facet normal 0 0 -1
    outer loop
      vertex 31.1365 23.3311 0
      vertex 33.3487 20.3 0
      vertex 32.8865 20.3 0
    endloop
  endfacet
  facet normal 0 0 -1
    outer loop
      vertex 35.0987 23.3311 0
      vertex 31.1365 23.3311 0
      vertex 34.8676 23.9189 0
    endloop
  endfacet
  facet normal -0 0 -1
    outer loop
      vertex 34.8676 23.9189 0
      vertex 31.1365 23.3311 0
      vertex 31.3676 23.9189 0
    endloop
  endfacet
  facet normal 0 0 -1
    outer loop
      vertex 27.4054 23.9189 0
      vertex 31.3676 23.9189 0
      vertex 31.1365 23.3311 0
    endloop
  endfacet
  facet normal 0 0 -1
    outer loop
      vertex 31.3676 23.9189 0
      vertex 27.4054 23.9189 0
      vertex 29.6176 26.95 0
    endloop
  endfacet
  facet normal 0 0 -1
    outer loop
      vertex 27.4054 23.9189 0
      vertex 31.1365 23.3311 0
      vertex 27.6365 23.3311 0
    endloop
  endfacet
  facet normal -0 0 -1
    outer loop
      vertex 29.6176 26.95 0
      vertex 27.4054 23.9189 0
      vertex 29.1554 26.95 0
    endloop
  endfacet
  facet normal 0 0 -1
    outer loop
      vertex 23.6744 23.3311 0
      vertex 27.6365 23.3311 0
      vertex 25.8865 20.3 0
    endloop
  endfacet
  facet normal 0 0 -1
    outer loop
      vertex 23.6744 23.3311 0
      vertex 25.8865 20.3 0
      vertex 25.4244 20.3 0
    endloop
  endfacet
  facet normal 0 0 -1
    outer loop
      vertex 27.6365 23.3311 0
      vertex 23.6744 23.3311 0
      vertex 27.4054 23.9189 0
    endloop
  endfacet
  facet normal -0 0 -1
    outer loop
      vertex 27.4054 23.9189 0
      vertex 23.6744 23.3311 0
      vertex 23.9054 23.9189 0
    endloop
  endfacet
  facet normal 0 0 -1
    outer loop
      vertex 19.9433 23.9189 0
      vertex 23.9054 23.9189 0
      vertex 23.6744 23.3311 0
    endloop
  endfacet
  facet normal 0 0 -1
    outer loop
      vertex 23.9054 23.9189 0
      vertex 19.9433 23.9189 0
      vertex 22.1554 26.95 0
    endloop
  endfacet
  facet normal 0 0 -1
    outer loop
      vertex 19.9433 23.9189 0
      vertex 23.6744 23.3311 0
      vertex 20.1744 23.3311 0
    endloop
  endfacet
  facet normal -0 0 -1
    outer loop
      vertex 22.1554 26.95 0
      vertex 19.9433 23.9189 0
      vertex 21.6933 26.95 0
    endloop
  endfacet
  facet normal 0 0 -1
    outer loop
      vertex 16.2122 23.3311 0
      vertex 20.1744 23.3311 0
      vertex 18.4244 20.3 0
    endloop
  endfacet
  facet normal 0 0 -1
    outer loop
      vertex 16.2122 23.3311 0
      vertex 18.4244 20.3 0
      vertex 17.9622 20.3 0
    endloop
  endfacet
  facet normal 0 0 -1
    outer loop
      vertex 20.1744 23.3311 0
      vertex 16.2122 23.3311 0
      vertex 19.9433 23.9189 0
    endloop
  endfacet
  facet normal -0 0 -1
    outer loop
      vertex 19.9433 23.9189 0
      vertex 16.2122 23.3311 0
      vertex 16.4433 23.9189 0
    endloop
  endfacet
  facet normal 0 0 -1
    outer loop
      vertex 12.4811 23.9189 0
      vertex 16.4433 23.9189 0
      vertex 16.2122 23.3311 0
    endloop
  endfacet
  facet normal 0 0 -1
    outer loop
      vertex 16.4433 23.9189 0
      vertex 12.4811 23.9189 0
      vertex 14.6933 26.95 0
    endloop
  endfacet
  facet normal 0 0 -1
    outer loop
      vertex 12.4811 23.9189 0
      vertex 16.2122 23.3311 0
      vertex 12.7122 23.3311 0
    endloop
  endfacet
  facet normal -0 0 -1
    outer loop
      vertex 14.6933 26.95 0
      vertex 12.4811 23.9189 0
      vertex 14.2311 26.95 0
    endloop
  endfacet
  facet normal 0 0 -1
    outer loop
      vertex 8.98109 23.9189 0
      vertex 12.7122 23.3311 0
      vertex 10.9622 20.3 0
    endloop
  endfacet
  facet normal 0 0 -1
    outer loop
      vertex 8.98109 23.9189 0
      vertex 10.9622 20.3 0
      vertex 8.98109 16.6811 0
    endloop
  endfacet
  facet normal 0 0 -1
    outer loop
      vertex 12.7122 23.3311 0
      vertex 8.98109 23.9189 0
      vertex 12.4811 23.9189 0
    endloop
  endfacet
  facet normal 0 0 -1
    outer loop
      vertex 7.23109 13.65 0
      vertex 8.98109 23.9189 0
      vertex 8.98109 16.6811 0
    endloop
  endfacet
  facet normal -0 0 -1
    outer loop
      vertex 8.98109 23.9189 0
      vertex 7.23109 13.65 0
      vertex 7.23109 26.95 0
    endloop
  endfacet
  facet normal 0 0 -1
    outer loop
      vertex 55.2731 33.6 0
      vertex 60 0 0
      vertex 55.2731 20.3 0
    endloop
  endfacet
  facet normal 0 0 -1
    outer loop
      vertex 60 0 0
      vertex 53.5231 17.2689 0
      vertex 55.2731 20.3 0
    endloop
  endfacet
  facet normal 0 0 -1
    outer loop
      vertex 60 0 0
      vertex 51.542 13.65 0
      vertex 53.5231 17.2689 0
    endloop
  endfacet
  facet normal 0 0 -1
    outer loop
      vertex 60 0 0
      vertex 49.792 10.6189 0
      vertex 51.542 13.65 0
    endloop
  endfacet
  facet normal 0 0 -1
    outer loop
      vertex 60 0 0
      vertex 47.8109 7 0
      vertex 49.792 10.6189 0
    endloop
  endfacet
  facet normal 0 0 -1
    outer loop
      vertex 60 0 0
      vertex 46.0609 3.96891 0
      vertex 47.8109 7 0
    endloop
  endfacet
  facet normal 0 0 -1
    outer loop
      vertex 60 0 0
      vertex 42.5609 3.96891 0
      vertex 46.0609 3.96891 0
    endloop
  endfacet
  facet normal 0 0 -1
    outer loop
      vertex 42.5609 3.96891 0
      vertex 40.3487 7 0
      vertex 40.8109 7 0
    endloop
  endfacet
  facet normal 0 0 -1
    outer loop
      vertex 42.5609 3.96891 0
      vertex 38.5987 3.96891 0
      vertex 40.3487 7 0
    endloop
  endfacet
  facet normal 0 0 -1
    outer loop
      vertex 60 0 0
      vertex 38.5987 3.96891 0
      vertex 42.5609 3.96891 0
    endloop
  endfacet
  facet normal 0 0 -1
    outer loop
      vertex 60 0 0
      vertex 35.0987 3.96891 0
      vertex 38.5987 3.96891 0
    endloop
  endfacet
  facet normal 0 0 -1
    outer loop
      vertex 35.0987 3.96891 0
      vertex 32.8865 7 0
      vertex 33.3487 7 0
    endloop
  endfacet
  facet normal 0 0 -1
    outer loop
      vertex 35.0987 3.96891 0
      vertex 31.1365 3.96891 0
      vertex 32.8865 7 0
    endloop
  endfacet
  facet normal 0 0 -1
    outer loop
      vertex 60 0 0
      vertex 31.1365 3.96891 0
      vertex 35.0987 3.96891 0
    endloop
  endfacet
  facet normal 0 0 -1
    outer loop
      vertex 60 0 0
      vertex 27.6365 3.96891 0
      vertex 31.1365 3.96891 0
    endloop
  endfacet
  facet normal 0 0 -1
    outer loop
      vertex 27.6365 3.96891 0
      vertex 25.4244 7 0
      vertex 25.8865 7 0
    endloop
  endfacet
  facet normal 0 0 -1
    outer loop
      vertex 27.6365 3.96891 0
      vertex 23.6744 3.96891 0
      vertex 25.4244 7 0
    endloop
  endfacet
  facet normal 0 0 -1
    outer loop
      vertex 0 0 0
      vertex 27.6365 3.96891 0
      vertex 60 0 0
    endloop
  endfacet
  facet normal -0 0 -1
    outer loop
      vertex 27.6365 3.96891 0
      vertex 0 0 0
      vertex 23.6744 3.96891 0
    endloop
  endfacet
  facet normal 0 0 -1
    outer loop
      vertex 20.1744 3.96891 0
      vertex 17.9622 7 0
      vertex 18.4244 7 0
    endloop
  endfacet
  facet normal 0 0 -1
    outer loop
      vertex 20.1744 3.96891 0
      vertex 16.2122 3.96891 0
      vertex 17.9622 7 0
    endloop
  endfacet
  facet normal -0 0 -1
    outer loop
      vertex 23.6744 3.96891 0
      vertex 0 0 0
      vertex 20.1744 3.96891 0
    endloop
  endfacet
  facet normal -0 0 -1
    outer loop
      vertex 20.1744 3.96891 0
      vertex 0 0 0
      vertex 16.2122 3.96891 0
    endloop
  endfacet
  facet normal 0 0 -1
    outer loop
      vertex 0 0 0
      vertex 8.98109 10.6189 0
      vertex 10.9622 7 0
    endloop
  endfacet
  facet normal 0 0 -1
    outer loop
      vertex 0 0 0
      vertex 7.23109 26.95 0
      vertex 7.23109 13.65 0
    endloop
  endfacet
  facet normal -0 0 -1
    outer loop
      vertex 7.23109 26.95 0
      vertex 0 0 0
      vertex 7.23109 40.25 0
    endloop
  endfacet
  facet normal 0 0 -1
    outer loop
      vertex 0 75 0
      vertex 7.23109 40.25 0
      vertex 0 0 0
    endloop
  endfacet
  facet normal -0 0 -1
    outer loop
      vertex 8.98109 10.6189 0
      vertex 0 0 0
      vertex 7.23109 13.65 0
    endloop
  endfacet
  facet normal -0 0 -1
    outer loop
      vertex 12.7122 3.96891 0
      vertex 0 0 0
      vertex 10.9622 7 0
    endloop
  endfacet
  facet normal -0 0 -1
    outer loop
      vertex 16.2122 3.96891 0
      vertex 0 0 0
      vertex 12.7122 3.96891 0
    endloop
  endfacet
  facet normal 0 0 -1
    outer loop
      vertex 60 0 0
      vertex 55.2731 33.6 0
      vertex 60 75 0
    endloop
  endfacet
  facet normal 0 0 -1
    outer loop
      vertex 55.2731 46.9 0
      vertex 60 75 0
      vertex 55.2731 33.6 0
    endloop
  endfacet
  facet normal 0 0 -1
    outer loop
      vertex 55.2731 60.2 0
      vertex 60 75 0
      vertex 55.2731 46.9 0
    endloop
  endfacet
  facet normal 0 0 -1
    outer loop
      vertex 53.5231 63.2311 0
      vertex 60 75 0
      vertex 55.2731 60.2 0
    endloop
  endfacet
  facet normal 0 0 -1
    outer loop
      vertex 47.8109 66.85 0
      vertex 53.5231 63.2311 0
      vertex 50.0231 63.2311 0
    endloop
  endfacet
  facet normal 0 0 -1
    outer loop
      vertex 47.8109 60.2 0
      vertex 50.0231 63.2311 0
      vertex 48.2731 60.2 0
    endloop
  endfacet
  facet normal 0 0 -1
    outer loop
      vertex 46.0609 63.2311 0
      vertex 50.0231 63.2311 0
      vertex 47.8109 60.2 0
    endloop
  endfacet
  facet normal 0 0 -1
    outer loop
      vertex 53.5231 63.2311 0
      vertex 47.8109 66.85 0
      vertex 60 75 0
    endloop
  endfacet
  facet normal 0 0 -1
    outer loop
      vertex 46.0609 69.8811 0
      vertex 60 75 0
      vertex 47.8109 66.85 0
    endloop
  endfacet
  facet normal 0 0 -1
    outer loop
      vertex 42.5609 69.8811 0
      vertex 60 75 0
      vertex 46.0609 69.8811 0
    endloop
  endfacet
  facet normal 0 0 -1
    outer loop
      vertex 42.5609 63.8189 0
      vertex 40.3487 66.85 0
      vertex 40.8109 66.85 0
    endloop
  endfacet
  facet normal 0 0 -1
    outer loop
      vertex 40.3487 66.85 0
      vertex 42.5609 69.8811 0
      vertex 40.8109 66.85 0
    endloop
  endfacet
  facet normal 0 0 -1
    outer loop
      vertex 38.5987 69.8811 0
      vertex 42.5609 69.8811 0
      vertex 40.3487 66.85 0
    endloop
  endfacet
  facet normal 0 0 -1
    outer loop
      vertex 38.5987 69.8811 0
      vertex 60 75 0
      vertex 42.5609 69.8811 0
    endloop
  endfacet
  facet normal 0 0 -1
    outer loop
      vertex 35.0987 69.8811 0
      vertex 60 75 0
      vertex 38.5987 69.8811 0
    endloop
  endfacet
  facet normal 0 0 -1
    outer loop
      vertex 35.0987 63.8189 0
      vertex 32.8865 66.85 0
      vertex 33.3487 66.85 0
    endloop
  endfacet
  facet normal 0 0 -1
    outer loop
      vertex 32.8865 66.85 0
      vertex 35.0987 69.8811 0
      vertex 33.3487 66.85 0
    endloop
  endfacet
  facet normal 0 0 -1
    outer loop
      vertex 31.1365 69.8811 0
      vertex 35.0987 69.8811 0
      vertex 32.8865 66.85 0
    endloop
  endfacet
  facet normal 0 0 -1
    outer loop
      vertex 31.1365 69.8811 0
      vertex 60 75 0
      vertex 35.0987 69.8811 0
    endloop
  endfacet
  facet normal 0 0 -1
    outer loop
      vertex 27.6365 69.8811 0
      vertex 60 75 0
      vertex 31.1365 69.8811 0
    endloop
  endfacet
  facet normal 0 0 -1
    outer loop
      vertex 27.6365 63.8189 0
      vertex 25.4244 66.85 0
      vertex 25.8865 66.85 0
    endloop
  endfacet
  facet normal 0 0 -1
    outer loop
      vertex 25.4244 66.85 0
      vertex 27.6365 69.8811 0
      vertex 25.8865 66.85 0
    endloop
  endfacet
  facet normal 0 0 -1
    outer loop
      vertex 23.6744 69.8811 0
      vertex 27.6365 69.8811 0
      vertex 25.4244 66.85 0
    endloop
  endfacet
  facet normal 0 0 -1
    outer loop
      vertex 0 75 0
      vertex 27.6365 69.8811 0
      vertex 23.6744 69.8811 0
    endloop
  endfacet
  facet normal 0 0 -1
    outer loop
      vertex 0 75 0
      vertex 23.6744 69.8811 0
      vertex 20.1744 69.8811 0
    endloop
  endfacet
  facet normal 0 0 -1
    outer loop
      vertex 20.1744 63.8189 0
      vertex 17.9622 66.85 0
      vertex 18.4244 66.85 0
    endloop
  endfacet
  facet normal 0 0 -1
    outer loop
      vertex 17.9622 66.85 0
      vertex 20.1744 69.8811 0
      vertex 18.4244 66.85 0
    endloop
  endfacet
  facet normal 0 0 -1
    outer loop
      vertex 16.2122 69.8811 0
      vertex 20.1744 69.8811 0
      vertex 17.9622 66.85 0
    endloop
  endfacet
  facet normal 0 0 -1
    outer loop
      vertex 0 75 0
      vertex 20.1744 69.8811 0
      vertex 16.2122 69.8811 0
    endloop
  endfacet
  facet normal 0 0 -1
    outer loop
      vertex 0 75 0
      vertex 16.2122 69.8811 0
      vertex 12.7122 69.8811 0
    endloop
  endfacet
  facet normal 0 0 -1
    outer loop
      vertex 0 75 0
      vertex 8.98109 56.5811 0
      vertex 7.23109 53.55 0
    endloop
  endfacet
  facet normal 0 0 -1
    outer loop
      vertex 27.6365 69.8811 0
      vertex 0 75 0
      vertex 60 75 0
    endloop
  endfacet
  facet normal 0 0 -1
    outer loop
      vertex 10.9622 66.85 0
      vertex 0 75 0
      vertex 12.7122 69.8811 0
    endloop
  endfacet
  facet normal 0 0 -1
    outer loop
      vertex 8.98109 56.5811 0
      vertex 0 75 0
      vertex 10.9622 66.85 0
    endloop
  endfacet
  facet normal 0 0 -1
    outer loop
      vertex 7.23109 40.25 0
      vertex 0 75 0
      vertex 7.23109 53.55 0
    endloop
  endfacet
  facet normal 0 0 -1
    outer loop
      vertex 49.792 16.6811 0
      vertex 53.5231 17.2689 0
      vertex 51.542 13.65 0
    endloop
  endfacet
  facet normal -0 0 -1
    outer loop
      vertex 53.5231 17.2689 0
      vertex 49.792 16.6811 0
      vertex 50.0231 17.2689 0
    endloop
  endfacet
  facet normal 0 0 -1
    outer loop
      vertex 46.0609 17.2689 0
      vertex 50.0231 17.2689 0
      vertex 49.792 16.6811 0
    endloop
  endfacet
  facet normal 0 0 -1
    outer loop
      vertex 50.0231 17.2689 0
      vertex 46.0609 17.2689 0
      vertex 48.2731 20.3 0
    endloop
  endfacet
  facet normal 0 0 -1
    outer loop
      vertex 46.0609 17.2689 0
      vertex 49.792 16.6811 0
      vertex 46.292 16.6811 0
    endloop
  endfacet
  facet normal -0 0 -1
    outer loop
      vertex 48.2731 20.3 0
      vertex 46.0609 17.2689 0
      vertex 47.8109 20.3 0
    endloop
  endfacet
  facet normal 0 0 -1
    outer loop
      vertex 42.3298 16.6811 0
      vertex 46.292 16.6811 0
      vertex 44.542 13.65 0
    endloop
  endfacet
  facet normal 0 0 -1
    outer loop
      vertex 42.3298 16.6811 0
      vertex 44.542 13.65 0
      vertex 44.0798 13.65 0
    endloop
  endfacet
  facet normal 0 0 -1
    outer loop
      vertex 46.292 16.6811 0
      vertex 42.3298 16.6811 0
      vertex 46.0609 17.2689 0
    endloop
  endfacet
  facet normal -0 0 -1
    outer loop
      vertex 46.0609 17.2689 0
      vertex 42.3298 16.6811 0
      vertex 42.5609 17.2689 0
    endloop
  endfacet
  facet normal 0 0 -1
    outer loop
      vertex 38.5987 17.2689 0
      vertex 42.5609 17.2689 0
      vertex 42.3298 16.6811 0
    endloop
  endfacet
  facet normal 0 0 -1
    outer loop
      vertex 42.5609 17.2689 0
      vertex 38.5987 17.2689 0
      vertex 40.8109 20.3 0
    endloop
  endfacet
  facet normal 0 0 -1
    outer loop
      vertex 38.5987 17.2689 0
      vertex 42.3298 16.6811 0
      vertex 38.8298 16.6811 0
    endloop
  endfacet
  facet normal -0 0 -1
    outer loop
      vertex 40.8109 20.3 0
      vertex 38.5987 17.2689 0
      vertex 40.3487 20.3 0
    endloop
  endfacet
  facet normal 0 0 -1
    outer loop
      vertex 34.8676 16.6811 0
      vertex 38.8298 16.6811 0
      vertex 37.0798 13.65 0
    endloop
  endfacet
  facet normal 0 0 -1
    outer loop
      vertex 34.8676 16.6811 0
      vertex 37.0798 13.65 0
      vertex 36.6176 13.65 0
    endloop
  endfacet
  facet normal 0 0 -1
    outer loop
      vertex 38.8298 16.6811 0
      vertex 34.8676 16.6811 0
      vertex 38.5987 17.2689 0
    endloop
  endfacet
  facet normal -0 0 -1
    outer loop
      vertex 38.5987 17.2689 0
      vertex 34.8676 16.6811 0
      vertex 35.0987 17.2689 0
    endloop
  endfacet
  facet normal 0 0 -1
    outer loop
      vertex 31.1365 17.2689 0
      vertex 35.0987 17.2689 0
      vertex 34.8676 16.6811 0
    endloop
  endfacet
  facet normal 0 0 -1
    outer loop
      vertex 35.0987 17.2689 0
      vertex 31.1365 17.2689 0
      vertex 33.3487 20.3 0
    endloop
  endfacet
  facet normal 0 0 -1
    outer loop
      vertex 31.1365 17.2689 0
      vertex 34.8676 16.6811 0
      vertex 31.3676 16.6811 0
    endloop
  endfacet
  facet normal -0 0 -1
    outer loop
      vertex 33.3487 20.3 0
      vertex 31.1365 17.2689 0
      vertex 32.8865 20.3 0
    endloop
  endfacet
  facet normal 0 0 -1
    outer loop
      vertex 27.4054 16.6811 0
      vertex 31.3676 16.6811 0
      vertex 29.6176 13.65 0
    endloop
  endfacet
  facet normal 0 0 -1
    outer loop
      vertex 27.4054 16.6811 0
      vertex 29.6176 13.65 0
      vertex 29.1554 13.65 0
    endloop
  endfacet
  facet normal 0 0 -1
    outer loop
      vertex 31.3676 16.6811 0
      vertex 27.4054 16.6811 0
      vertex 31.1365 17.2689 0
    endloop
  endfacet
  facet normal -0 0 -1
    outer loop
      vertex 31.1365 17.2689 0
      vertex 27.4054 16.6811 0
      vertex 27.6365 17.2689 0
    endloop
  endfacet
  facet normal 0 0 -1
    outer loop
      vertex 23.6744 17.2689 0
      vertex 27.6365 17.2689 0
      vertex 27.4054 16.6811 0
    endloop
  endfacet
  facet normal 0 0 -1
    outer loop
      vertex 27.6365 17.2689 0
      vertex 23.6744 17.2689 0
      vertex 25.8865 20.3 0
    endloop
  endfacet
  facet normal 0 0 -1
    outer loop
      vertex 23.6744 17.2689 0
      vertex 27.4054 16.6811 0
      vertex 23.9054 16.6811 0
    endloop
  endfacet
  facet normal -0 0 -1
    outer loop
      vertex 25.8865 20.3 0
      vertex 23.6744 17.2689 0
      vertex 25.4244 20.3 0
    endloop
  endfacet
  facet normal 0 0 -1
    outer loop
      vertex 19.9433 16.6811 0
      vertex 23.9054 16.6811 0
      vertex 22.1554 13.65 0
    endloop
  endfacet
  facet normal 0 0 -1
    outer loop
      vertex 19.9433 16.6811 0
      vertex 22.1554 13.65 0
      vertex 21.6933 13.65 0
    endloop
  endfacet
  facet normal 0 0 -1
    outer loop
      vertex 23.9054 16.6811 0
      vertex 19.9433 16.6811 0
      vertex 23.6744 17.2689 0
    endloop
  endfacet
  facet normal -0 0 -1
    outer loop
      vertex 23.6744 17.2689 0
      vertex 19.9433 16.6811 0
      vertex 20.1744 17.2689 0
    endloop
  endfacet
  facet normal 0 0 -1
    outer loop
      vertex 16.2122 17.2689 0
      vertex 20.1744 17.2689 0
      vertex 19.9433 16.6811 0
    endloop
  endfacet
  facet normal 0 0 -1
    outer loop
      vertex 20.1744 17.2689 0
      vertex 16.2122 17.2689 0
      vertex 18.4244 20.3 0
    endloop
  endfacet
  facet normal 0 0 -1
    outer loop
      vertex 16.2122 17.2689 0
      vertex 19.9433 16.6811 0
      vertex 16.4433 16.6811 0
    endloop
  endfacet
  facet normal -0 0 -1
    outer loop
      vertex 18.4244 20.3 0
      vertex 16.2122 17.2689 0
      vertex 17.9622 20.3 0
    endloop
  endfacet
  facet normal 0 0 -1
    outer loop
      vertex 12.4811 16.6811 0
      vertex 16.4433 16.6811 0
      vertex 14.6933 13.65 0
    endloop
  endfacet
  facet normal 0 0 -1
    outer loop
      vertex 12.4811 16.6811 0
      vertex 14.6933 13.65 0
      vertex 14.2311 13.65 0
    endloop
  endfacet
  facet normal 0 0 -1
    outer loop
      vertex 16.4433 16.6811 0
      vertex 12.4811 16.6811 0
      vertex 16.2122 17.2689 0
    endloop
  endfacet
  facet normal -0 0 -1
    outer loop
      vertex 16.2122 17.2689 0
      vertex 12.4811 16.6811 0
      vertex 12.7122 17.2689 0
    endloop
  endfacet
  facet normal 0 0 -1
    outer loop
      vertex 8.98109 16.6811 0
      vertex 12.7122 17.2689 0
      vertex 12.4811 16.6811 0
    endloop
  endfacet
  facet normal -0 0 -1
    outer loop
      vertex 12.7122 17.2689 0
      vertex 8.98109 16.6811 0
      vertex 10.9622 20.3 0
    endloop
  endfacet
  facet normal 0 0 -1
    outer loop
      vertex 49.792 29.9811 0
      vertex 53.5231 30.5689 0
      vertex 51.542 26.95 0
    endloop
  endfacet
  facet normal -0 0 -1
    outer loop
      vertex 53.5231 30.5689 0
      vertex 49.792 29.9811 0
      vertex 50.0231 30.5689 0
    endloop
  endfacet
  facet normal 0 0 -1
    outer loop
      vertex 46.0609 30.5689 0
      vertex 50.0231 30.5689 0
      vertex 49.792 29.9811 0
    endloop
  endfacet
  facet normal 0 0 -1
    outer loop
      vertex 50.0231 30.5689 0
      vertex 46.0609 30.5689 0
      vertex 48.2731 33.6 0
    endloop
  endfacet
  facet normal 0 0 -1
    outer loop
      vertex 46.0609 30.5689 0
      vertex 49.792 29.9811 0
      vertex 46.292 29.9811 0
    endloop
  endfacet
  facet normal -0 0 -1
    outer loop
      vertex 48.2731 33.6 0
      vertex 46.0609 30.5689 0
      vertex 47.8109 33.6 0
    endloop
  endfacet
  facet normal 0 0 -1
    outer loop
      vertex 42.3298 29.9811 0
      vertex 46.292 29.9811 0
      vertex 44.542 26.95 0
    endloop
  endfacet
  facet normal 0 0 -1
    outer loop
      vertex 42.3298 29.9811 0
      vertex 44.542 26.95 0
      vertex 44.0798 26.95 0
    endloop
  endfacet
  facet normal 0 0 -1
    outer loop
      vertex 46.292 29.9811 0
      vertex 42.3298 29.9811 0
      vertex 46.0609 30.5689 0
    endloop
  endfacet
  facet normal -0 0 -1
    outer loop
      vertex 46.0609 30.5689 0
      vertex 42.3298 29.9811 0
      vertex 42.5609 30.5689 0
    endloop
  endfacet
  facet normal 0 0 -1
    outer loop
      vertex 38.5987 30.5689 0
      vertex 42.5609 30.5689 0
      vertex 42.3298 29.9811 0
    endloop
  endfacet
  facet normal 0 0 -1
    outer loop
      vertex 42.5609 30.5689 0
      vertex 38.5987 30.5689 0
      vertex 40.8109 33.6 0
    endloop
  endfacet
  facet normal 0 0 -1
    outer loop
      vertex 38.5987 30.5689 0
      vertex 42.3298 29.9811 0
      vertex 38.8298 29.9811 0
    endloop
  endfacet
  facet normal -0 0 -1
    outer loop
      vertex 40.8109 33.6 0
      vertex 38.5987 30.5689 0
      vertex 40.3487 33.6 0
    endloop
  endfacet
  facet normal 0 0 -1
    outer loop
      vertex 34.8676 29.9811 0
      vertex 38.8298 29.9811 0
      vertex 37.0798 26.95 0
    endloop
  endfacet
  facet normal 0 0 -1
    outer loop
      vertex 34.8676 29.9811 0
      vertex 37.0798 26.95 0
      vertex 36.6176 26.95 0
    endloop
  endfacet
  facet normal 0 0 -1
    outer loop
      vertex 38.8298 29.9811 0
      vertex 34.8676 29.9811 0
      vertex 38.5987 30.5689 0
    endloop
  endfacet
  facet normal -0 0 -1
    outer loop
      vertex 38.5987 30.5689 0
      vertex 34.8676 29.9811 0
      vertex 35.0987 30.5689 0
    endloop
  endfacet
  facet normal 0 0 -1
    outer loop
      vertex 31.1365 30.5689 0
      vertex 35.0987 30.5689 0
      vertex 34.8676 29.9811 0
    endloop
  endfacet
  facet normal 0 0 -1
    outer loop
      vertex 35.0987 30.5689 0
      vertex 31.1365 30.5689 0
      vertex 33.3487 33.6 0
    endloop
  endfacet
  facet normal 0 0 -1
    outer loop
      vertex 31.1365 30.5689 0
      vertex 34.8676 29.9811 0
      vertex 31.3676 29.9811 0
    endloop
  endfacet
  facet normal -0 0 -1
    outer loop
      vertex 33.3487 33.6 0
      vertex 31.1365 30.5689 0
      vertex 32.8865 33.6 0
    endloop
  endfacet
  facet normal 0 0 -1
    outer loop
      vertex 27.4054 29.9811 0
      vertex 31.3676 29.9811 0
      vertex 29.6176 26.95 0
    endloop
  endfacet
  facet normal 0 0 -1
    outer loop
      vertex 27.4054 29.9811 0
      vertex 29.6176 26.95 0
      vertex 29.1554 26.95 0
    endloop
  endfacet
  facet normal 0 0 -1
    outer loop
      vertex 31.3676 29.9811 0
      vertex 27.4054 29.9811 0
      vertex 31.1365 30.5689 0
    endloop
  endfacet
  facet normal -0 0 -1
    outer loop
      vertex 31.1365 30.5689 0
      vertex 27.4054 29.9811 0
      vertex 27.6365 30.5689 0
    endloop
  endfacet
  facet normal 0 0 -1
    outer loop
      vertex 23.6744 30.5689 0
      vertex 27.6365 30.5689 0
      vertex 27.4054 29.9811 0
    endloop
  endfacet
  facet normal 0 0 -1
    outer loop
      vertex 27.6365 30.5689 0
      vertex 23.6744 30.5689 0
      vertex 25.8865 33.6 0
    endloop
  endfacet
  facet normal 0 0 -1
    outer loop
      vertex 23.6744 30.5689 0
      vertex 27.4054 29.9811 0
      vertex 23.9054 29.9811 0
    endloop
  endfacet
  facet normal -0 0 -1
    outer loop
      vertex 25.8865 33.6 0
      vertex 23.6744 30.5689 0
      vertex 25.4244 33.6 0
    endloop
  endfacet
  facet normal 0 0 -1
    outer loop
      vertex 19.9433 29.9811 0
      vertex 23.9054 29.9811 0
      vertex 22.1554 26.95 0
    endloop
  endfacet
  facet normal 0 0 -1
    outer loop
      vertex 19.9433 29.9811 0
      vertex 22.1554 26.95 0
      vertex 21.6933 26.95 0
    endloop
  endfacet
  facet normal 0 0 -1
    outer loop
      vertex 23.9054 29.9811 0
      vertex 19.9433 29.9811 0
      vertex 23.6744 30.5689 0
    endloop
  endfacet
  facet normal -0 0 -1
    outer loop
      vertex 23.6744 30.5689 0
      vertex 19.9433 29.9811 0
      vertex 20.1744 30.5689 0
    endloop
  endfacet
  facet normal 0 0 -1
    outer loop
      vertex 16.2122 30.5689 0
      vertex 20.1744 30.5689 0
      vertex 19.9433 29.9811 0
    endloop
  endfacet
  facet normal 0 0 -1
    outer loop
      vertex 20.1744 30.5689 0
      vertex 16.2122 30.5689 0
      vertex 18.4244 33.6 0
    endloop
  endfacet
  facet normal 0 0 -1
    outer loop
      vertex 16.2122 30.5689 0
      vertex 19.9433 29.9811 0
      vertex 16.4433 29.9811 0
    endloop
  endfacet
  facet normal -0 0 -1
    outer loop
      vertex 18.4244 33.6 0
      vertex 16.2122 30.5689 0
      vertex 17.9622 33.6 0
    endloop
  endfacet
  facet normal 0 0 -1
    outer loop
      vertex 12.4811 29.9811 0
      vertex 16.4433 29.9811 0
      vertex 14.6933 26.95 0
    endloop
  endfacet
  facet normal 0 0 -1
    outer loop
      vertex 12.4811 29.9811 0
      vertex 14.6933 26.95 0
      vertex 14.2311 26.95 0
    endloop
  endfacet
  facet normal 0 0 -1
    outer loop
      vertex 16.4433 29.9811 0
      vertex 12.4811 29.9811 0
      vertex 16.2122 30.5689 0
    endloop
  endfacet
  facet normal -0 0 -1
    outer loop
      vertex 16.2122 30.5689 0
      vertex 12.4811 29.9811 0
      vertex 12.7122 30.5689 0
    endloop
  endfacet
  facet normal 0 0 -1
    outer loop
      vertex 8.98109 29.9811 0
      vertex 12.7122 30.5689 0
      vertex 12.4811 29.9811 0
    endloop
  endfacet
  facet normal -0 0 -1
    outer loop
      vertex 12.7122 30.5689 0
      vertex 8.98109 29.9811 0
      vertex 10.9622 33.6 0
    endloop
  endfacet
  facet normal 0 0 -1
    outer loop
      vertex 49.792 43.2811 0
      vertex 53.5231 43.8689 0
      vertex 51.542 40.25 0
    endloop
  endfacet
  facet normal -0 0 -1
    outer loop
      vertex 53.5231 43.8689 0
      vertex 49.792 43.2811 0
      vertex 50.0231 43.8689 0
    endloop
  endfacet
  facet normal 0 0 -1
    outer loop
      vertex 46.0609 43.8689 0
      vertex 50.0231 43.8689 0
      vertex 49.792 43.2811 0
    endloop
  endfacet
  facet normal 0 0 -1
    outer loop
      vertex 50.0231 43.8689 0
      vertex 46.0609 43.8689 0
      vertex 48.2731 46.9 0
    endloop
  endfacet
  facet normal 0 0 -1
    outer loop
      vertex 46.0609 43.8689 0
      vertex 49.792 43.2811 0
      vertex 46.292 43.2811 0
    endloop
  endfacet
  facet normal -0 0 -1
    outer loop
      vertex 48.2731 46.9 0
      vertex 46.0609 43.8689 0
      vertex 47.8109 46.9 0
    endloop
  endfacet
  facet normal 0 0 -1
    outer loop
      vertex 42.3298 43.2811 0
      vertex 46.292 43.2811 0
      vertex 44.542 40.25 0
    endloop
  endfacet
  facet normal 0 0 -1
    outer loop
      vertex 42.3298 43.2811 0
      vertex 44.542 40.25 0
      vertex 44.0798 40.25 0
    endloop
  endfacet
  facet normal 0 0 -1
    outer loop
      vertex 46.292 43.2811 0
      vertex 42.3298 43.2811 0
      vertex 46.0609 43.8689 0
    endloop
  endfacet
  facet normal -0 0 -1
    outer loop
      vertex 46.0609 43.8689 0
      vertex 42.3298 43.2811 0
      vertex 42.5609 43.8689 0
    endloop
  endfacet
  facet normal 0 0 -1
    outer loop
      vertex 38.5987 43.8689 0
      vertex 42.5609 43.8689 0
      vertex 42.3298 43.2811 0
    endloop
  endfacet
  facet normal 0 0 -1
    outer loop
      vertex 42.5609 43.8689 0
      vertex 38.5987 43.8689 0
      vertex 40.8109 46.9 0
    endloop
  endfacet
  facet normal 0 0 -1
    outer loop
      vertex 38.5987 43.8689 0
      vertex 42.3298 43.2811 0
      vertex 38.8298 43.2811 0
    endloop
  endfacet
  facet normal -0 0 -1
    outer loop
      vertex 40.8109 46.9 0
      vertex 38.5987 43.8689 0
      vertex 40.3487 46.9 0
    endloop
  endfacet
  facet normal 0 0 -1
    outer loop
      vertex 34.8676 43.2811 0
      vertex 38.8298 43.2811 0
      vertex 37.0798 40.25 0
    endloop
  endfacet
  facet normal 0 0 -1
    outer loop
      vertex 34.8676 43.2811 0
      vertex 37.0798 40.25 0
      vertex 36.6176 40.25 0
    endloop
  endfacet
  facet normal 0 0 -1
    outer loop
      vertex 38.8298 43.2811 0
      vertex 34.8676 43.2811 0
      vertex 38.5987 43.8689 0
    endloop
  endfacet
  facet normal -0 0 -1
    outer loop
      vertex 38.5987 43.8689 0
      vertex 34.8676 43.2811 0
      vertex 35.0987 43.8689 0
    endloop
  endfacet
  facet normal 0 0 -1
    outer loop
      vertex 31.1365 43.8689 0
      vertex 35.0987 43.8689 0
      vertex 34.8676 43.2811 0
    endloop
  endfacet
  facet normal 0 0 -1
    outer loop
      vertex 35.0987 43.8689 0
      vertex 31.1365 43.8689 0
      vertex 33.3487 46.9 0
    endloop
  endfacet
  facet normal 0 0 -1
    outer loop
      vertex 31.1365 43.8689 0
      vertex 34.8676 43.2811 0
      vertex 31.3676 43.2811 0
    endloop
  endfacet
  facet normal -0 0 -1
    outer loop
      vertex 33.3487 46.9 0
      vertex 31.1365 43.8689 0
      vertex 32.8865 46.9 0
    endloop
  endfacet
  facet normal 0 0 -1
    outer loop
      vertex 27.4054 43.2811 0
      vertex 31.3676 43.2811 0
      vertex 29.6176 40.25 0
    endloop
  endfacet
  facet normal 0 0 -1
    outer loop
      vertex 27.4054 43.2811 0
      vertex 29.6176 40.25 0
      vertex 29.1554 40.25 0
    endloop
  endfacet
  facet normal 0 0 -1
    outer loop
      vertex 31.3676 43.2811 0
      vertex 27.4054 43.2811 0
      vertex 31.1365 43.8689 0
    endloop
  endfacet
  facet normal -0 0 -1
    outer loop
      vertex 31.1365 43.8689 0
      vertex 27.4054 43.2811 0
      vertex 27.6365 43.8689 0
    endloop
  endfacet
  facet normal 0 0 -1
    outer loop
      vertex 23.6744 43.8689 0
      vertex 27.6365 43.8689 0
      vertex 27.4054 43.2811 0
    endloop
  endfacet
  facet normal 0 0 -1
    outer loop
      vertex 27.6365 43.8689 0
      vertex 23.6744 43.8689 0
      vertex 25.8865 46.9 0
    endloop
  endfacet
  facet normal 0 0 -1
    outer loop
      vertex 23.6744 43.8689 0
      vertex 27.4054 43.2811 0
      vertex 23.9054 43.2811 0
    endloop
  endfacet
  facet normal -0 0 -1
    outer loop
      vertex 25.8865 46.9 0
      vertex 23.6744 43.8689 0
      vertex 25.4244 46.9 0
    endloop
  endfacet
  facet normal 0 0 -1
    outer loop
      vertex 19.9433 43.2811 0
      vertex 23.9054 43.2811 0
      vertex 22.1554 40.25 0
    endloop
  endfacet
  facet normal 0 0 -1
    outer loop
      vertex 19.9433 43.2811 0
      vertex 22.1554 40.25 0
      vertex 21.6933 40.25 0
    endloop
  endfacet
  facet normal 0 0 -1
    outer loop
      vertex 23.9054 43.2811 0
      vertex 19.9433 43.2811 0
      vertex 23.6744 43.8689 0
    endloop
  endfacet
  facet normal -0 0 -1
    outer loop
      vertex 23.6744 43.8689 0
      vertex 19.9433 43.2811 0
      vertex 20.1744 43.8689 0
    endloop
  endfacet
  facet normal 0 0 -1
    outer loop
      vertex 16.2122 43.8689 0
      vertex 20.1744 43.8689 0
      vertex 19.9433 43.2811 0
    endloop
  endfacet
  facet normal 0 0 -1
    outer loop
      vertex 20.1744 43.8689 0
      vertex 16.2122 43.8689 0
      vertex 18.4244 46.9 0
    endloop
  endfacet
  facet normal 0 0 -1
    outer loop
      vertex 16.2122 43.8689 0
      vertex 19.9433 43.2811 0
      vertex 16.4433 43.2811 0
    endloop
  endfacet
  facet normal -0 0 -1
    outer loop
      vertex 18.4244 46.9 0
      vertex 16.2122 43.8689 0
      vertex 17.9622 46.9 0
    endloop
  endfacet
  facet normal 0 0 -1
    outer loop
      vertex 12.4811 43.2811 0
      vertex 16.4433 43.2811 0
      vertex 14.6933 40.25 0
    endloop
  endfacet
  facet normal 0 0 -1
    outer loop
      vertex 12.4811 43.2811 0
      vertex 14.6933 40.25 0
      vertex 14.2311 40.25 0
    endloop
  endfacet
  facet normal 0 0 -1
    outer loop
      vertex 16.4433 43.2811 0
      vertex 12.4811 43.2811 0
      vertex 16.2122 43.8689 0
    endloop
  endfacet
  facet normal -0 0 -1
    outer loop
      vertex 16.2122 43.8689 0
      vertex 12.4811 43.2811 0
      vertex 12.7122 43.8689 0
    endloop
  endfacet
  facet normal 0 0 -1
    outer loop
      vertex 8.98109 43.2811 0
      vertex 12.7122 43.8689 0
      vertex 12.4811 43.2811 0
    endloop
  endfacet
  facet normal -0 0 -1
    outer loop
      vertex 12.7122 43.8689 0
      vertex 8.98109 43.2811 0
      vertex 10.9622 46.9 0
    endloop
  endfacet
  facet normal 0 0 -1
    outer loop
      vertex 49.792 56.5811 0
      vertex 53.5231 57.1689 0
      vertex 51.542 53.55 0
    endloop
  endfacet
  facet normal -0 0 -1
    outer loop
      vertex 53.5231 57.1689 0
      vertex 49.792 56.5811 0
      vertex 50.0231 57.1689 0
    endloop
  endfacet
  facet normal 0 0 -1
    outer loop
      vertex 46.0609 57.1689 0
      vertex 50.0231 57.1689 0
      vertex 49.792 56.5811 0
    endloop
  endfacet
  facet normal 0 0 -1
    outer loop
      vertex 50.0231 57.1689 0
      vertex 46.0609 57.1689 0
      vertex 48.2731 60.2 0
    endloop
  endfacet
  facet normal 0 0 -1
    outer loop
      vertex 46.0609 57.1689 0
      vertex 49.792 56.5811 0
      vertex 46.292 56.5811 0
    endloop
  endfacet
  facet normal -0 0 -1
    outer loop
      vertex 48.2731 60.2 0
      vertex 46.0609 57.1689 0
      vertex 47.8109 60.2 0
    endloop
  endfacet
  facet normal 0 0 -1
    outer loop
      vertex 42.3298 56.5811 0
      vertex 46.292 56.5811 0
      vertex 44.542 53.55 0
    endloop
  endfacet
  facet normal 0 0 -1
    outer loop
      vertex 42.3298 56.5811 0
      vertex 44.542 53.55 0
      vertex 44.0798 53.55 0
    endloop
  endfacet
  facet normal 0 0 -1
    outer loop
      vertex 46.292 56.5811 0
      vertex 42.3298 56.5811 0
      vertex 46.0609 57.1689 0
    endloop
  endfacet
  facet normal -0 0 -1
    outer loop
      vertex 46.0609 57.1689 0
      vertex 42.3298 56.5811 0
      vertex 42.5609 57.1689 0
    endloop
  endfacet
  facet normal 0 0 -1
    outer loop
      vertex 38.5987 57.1689 0
      vertex 42.5609 57.1689 0
      vertex 42.3298 56.5811 0
    endloop
  endfacet
  facet normal 0 0 -1
    outer loop
      vertex 42.5609 63.2311 0
      vertex 38.5987 63.2311 0
      vertex 42.5609 63.8189 0
    endloop
  endfacet
  facet normal 0 0 -1
    outer loop
      vertex 42.5609 57.1689 0
      vertex 38.5987 57.1689 0
      vertex 40.8109 60.2 0
    endloop
  endfacet
  facet normal 0 0 -1
    outer loop
      vertex 38.5987 57.1689 0
      vertex 42.3298 56.5811 0
      vertex 38.8298 56.5811 0
    endloop
  endfacet
  facet normal -0 0 -1
    outer loop
      vertex 40.8109 60.2 0
      vertex 38.5987 57.1689 0
      vertex 40.3487 60.2 0
    endloop
  endfacet
  facet normal 0 0 -1
    outer loop
      vertex 34.8676 56.5811 0
      vertex 38.8298 56.5811 0
      vertex 37.0798 53.55 0
    endloop
  endfacet
  facet normal 0 0 -1
    outer loop
      vertex 34.8676 56.5811 0
      vertex 37.0798 53.55 0
      vertex 36.6176 53.55 0
    endloop
  endfacet
  facet normal 0 0 -1
    outer loop
      vertex 38.8298 56.5811 0
      vertex 34.8676 56.5811 0
      vertex 38.5987 57.1689 0
    endloop
  endfacet
  facet normal -0 0 -1
    outer loop
      vertex 38.5987 57.1689 0
      vertex 34.8676 56.5811 0
      vertex 35.0987 57.1689 0
    endloop
  endfacet
  facet normal 0 0 -1
    outer loop
      vertex 31.1365 57.1689 0
      vertex 35.0987 57.1689 0
      vertex 34.8676 56.5811 0
    endloop
  endfacet
  facet normal 0 0 -1
    outer loop
      vertex 35.0987 63.2311 0
      vertex 31.1365 63.2311 0
      vertex 35.0987 63.8189 0
    endloop
  endfacet
  facet normal 0 0 -1
    outer loop
      vertex 35.0987 57.1689 0
      vertex 31.1365 57.1689 0
      vertex 33.3487 60.2 0
    endloop
  endfacet
  facet normal 0 0 -1
    outer loop
      vertex 31.1365 57.1689 0
      vertex 34.8676 56.5811 0
      vertex 31.3676 56.5811 0
    endloop
  endfacet
  facet normal -0 0 -1
    outer loop
      vertex 33.3487 60.2 0
      vertex 31.1365 57.1689 0
      vertex 32.8865 60.2 0
    endloop
  endfacet
  facet normal 0 0 -1
    outer loop
      vertex 27.4054 56.5811 0
      vertex 31.3676 56.5811 0
      vertex 29.6176 53.55 0
    endloop
  endfacet
  facet normal 0 0 -1
    outer loop
      vertex 27.4054 56.5811 0
      vertex 29.6176 53.55 0
      vertex 29.1554 53.55 0
    endloop
  endfacet
  facet normal 0 0 -1
    outer loop
      vertex 31.3676 56.5811 0
      vertex 27.4054 56.5811 0
      vertex 31.1365 57.1689 0
    endloop
  endfacet
  facet normal -0 0 -1
    outer loop
      vertex 31.1365 57.1689 0
      vertex 27.4054 56.5811 0
      vertex 27.6365 57.1689 0
    endloop
  endfacet
  facet normal 0 0 -1
    outer loop
      vertex 23.6744 57.1689 0
      vertex 27.6365 57.1689 0
      vertex 27.4054 56.5811 0
    endloop
  endfacet
  facet normal 0 0 -1
    outer loop
      vertex 27.6365 63.2311 0
      vertex 23.6744 63.2311 0
      vertex 27.6365 63.8189 0
    endloop
  endfacet
  facet normal 0 0 -1
    outer loop
      vertex 27.6365 57.1689 0
      vertex 23.6744 57.1689 0
      vertex 25.8865 60.2 0
    endloop
  endfacet
  facet normal 0 0 -1
    outer loop
      vertex 23.6744 57.1689 0
      vertex 27.4054 56.5811 0
      vertex 23.9054 56.5811 0
    endloop
  endfacet
  facet normal -0 0 -1
    outer loop
      vertex 25.8865 60.2 0
      vertex 23.6744 57.1689 0
      vertex 25.4244 60.2 0
    endloop
  endfacet
  facet normal 0 0 -1
    outer loop
      vertex 19.9433 56.5811 0
      vertex 23.9054 56.5811 0
      vertex 22.1554 53.55 0
    endloop
  endfacet
  facet normal 0 0 -1
    outer loop
      vertex 19.9433 56.5811 0
      vertex 22.1554 53.55 0
      vertex 21.6933 53.55 0
    endloop
  endfacet
  facet normal 0 0 -1
    outer loop
      vertex 23.9054 56.5811 0
      vertex 19.9433 56.5811 0
      vertex 23.6744 57.1689 0
    endloop
  endfacet
  facet normal -0 0 -1
    outer loop
      vertex 23.6744 57.1689 0
      vertex 19.9433 56.5811 0
      vertex 20.1744 57.1689 0
    endloop
  endfacet
  facet normal 0 0 -1
    outer loop
      vertex 16.2122 57.1689 0
      vertex 20.1744 57.1689 0
      vertex 19.9433 56.5811 0
    endloop
  endfacet
  facet normal 0 0 -1
    outer loop
      vertex 20.1744 63.2311 0
      vertex 16.2122 63.2311 0
      vertex 20.1744 63.8189 0
    endloop
  endfacet
  facet normal 0 0 -1
    outer loop
      vertex 20.1744 57.1689 0
      vertex 16.2122 57.1689 0
      vertex 18.4244 60.2 0
    endloop
  endfacet
  facet normal 0 0 -1
    outer loop
      vertex 16.2122 57.1689 0
      vertex 19.9433 56.5811 0
      vertex 16.4433 56.5811 0
    endloop
  endfacet
  facet normal -0 0 -1
    outer loop
      vertex 18.4244 60.2 0
      vertex 16.2122 57.1689 0
      vertex 17.9622 60.2 0
    endloop
  endfacet
  facet normal 0 0 -1
    outer loop
      vertex 12.4811 56.5811 0
      vertex 16.4433 56.5811 0
      vertex 14.6933 53.55 0
    endloop
  endfacet
  facet normal 0 0 -1
    outer loop
      vertex 12.4811 56.5811 0
      vertex 14.6933 53.55 0
      vertex 14.2311 53.55 0
    endloop
  endfacet
  facet normal 0 0 -1
    outer loop
      vertex 16.4433 56.5811 0
      vertex 12.4811 56.5811 0
      vertex 16.2122 57.1689 0
    endloop
  endfacet
  facet normal -0 0 -1
    outer loop
      vertex 16.2122 57.1689 0
      vertex 12.4811 56.5811 0
      vertex 12.7122 57.1689 0
    endloop
  endfacet
  facet normal 0 0 -1
    outer loop
      vertex 8.98109 56.5811 0
      vertex 12.7122 57.1689 0
      vertex 12.4811 56.5811 0
    endloop
  endfacet
  facet normal -0 0 -1
    outer loop
      vertex 10.9622 60.2 0
      vertex 8.98109 56.5811 0
      vertex 10.9622 66.85 0
    endloop
  endfacet
  facet normal -0 0 -1
    outer loop
      vertex 12.7122 57.1689 0
      vertex 8.98109 56.5811 0
      vertex 10.9622 60.2 0
    endloop
  endfacet
  facet normal 0 0 -1
    outer loop
      vertex 46.0609 10.0311 0
      vertex 49.792 10.6189 0
      vertex 47.8109 7 0
    endloop
  endfacet
  facet normal -0 0 -1
    outer loop
      vertex 49.792 10.6189 0
      vertex 46.0609 10.0311 0
      vertex 46.292 10.6189 0
    endloop
  endfacet
  facet normal 0 0 -1
    outer loop
      vertex 42.3298 10.6189 0
      vertex 46.292 10.6189 0
      vertex 46.0609 10.0311 0
    endloop
  endfacet
  facet normal 0 0 -1
    outer loop
      vertex 46.292 10.6189 0
      vertex 42.3298 10.6189 0
      vertex 44.542 13.65 0
    endloop
  endfacet
  facet normal 0 0 -1
    outer loop
      vertex 42.3298 10.6189 0
      vertex 46.0609 10.0311 0
      vertex 42.5609 10.0311 0
    endloop
  endfacet
  facet normal -0 0 -1
    outer loop
      vertex 44.542 13.65 0
      vertex 42.3298 10.6189 0
      vertex 44.0798 13.65 0
    endloop
  endfacet
  facet normal 0 0 -1
    outer loop
      vertex 38.5987 10.0311 0
      vertex 42.5609 10.0311 0
      vertex 40.8109 7 0
    endloop
  endfacet
  facet normal 0 0 -1
    outer loop
      vertex 38.5987 10.0311 0
      vertex 40.8109 7 0
      vertex 40.3487 7 0
    endloop
  endfacet
  facet normal 0 0 -1
    outer loop
      vertex 42.5609 10.0311 0
      vertex 38.5987 10.0311 0
      vertex 42.3298 10.6189 0
    endloop
  endfacet
  facet normal -0 0 -1
    outer loop
      vertex 42.3298 10.6189 0
      vertex 38.5987 10.0311 0
      vertex 38.8298 10.6189 0
    endloop
  endfacet
  facet normal 0 0 -1
    outer loop
      vertex 34.8676 10.6189 0
      vertex 38.8298 10.6189 0
      vertex 38.5987 10.0311 0
    endloop
  endfacet
  facet normal 0 0 -1
    outer loop
      vertex 38.8298 10.6189 0
      vertex 34.8676 10.6189 0
      vertex 37.0798 13.65 0
    endloop
  endfacet
  facet normal 0 0 -1
    outer loop
      vertex 34.8676 10.6189 0
      vertex 38.5987 10.0311 0
      vertex 35.0987 10.0311 0
    endloop
  endfacet
  facet normal -0 0 -1
    outer loop
      vertex 37.0798 13.65 0
      vertex 34.8676 10.6189 0
      vertex 36.6176 13.65 0
    endloop
  endfacet
  facet normal 0 0 -1
    outer loop
      vertex 31.1365 10.0311 0
      vertex 35.0987 10.0311 0
      vertex 33.3487 7 0
    endloop
  endfacet
  facet normal 0 0 -1
    outer loop
      vertex 31.1365 10.0311 0
      vertex 33.3487 7 0
      vertex 32.8865 7 0
    endloop
  endfacet
  facet normal 0 0 -1
    outer loop
      vertex 35.0987 10.0311 0
      vertex 31.1365 10.0311 0
      vertex 34.8676 10.6189 0
    endloop
  endfacet
  facet normal -0 0 -1
    outer loop
      vertex 34.8676 10.6189 0
      vertex 31.1365 10.0311 0
      vertex 31.3676 10.6189 0
    endloop
  endfacet
  facet normal 0 0 -1
    outer loop
      vertex 27.4054 10.6189 0
      vertex 31.3676 10.6189 0
      vertex 31.1365 10.0311 0
    endloop
  endfacet
  facet normal 0 0 -1
    outer loop
      vertex 31.3676 10.6189 0
      vertex 27.4054 10.6189 0
      vertex 29.6176 13.65 0
    endloop
  endfacet
  facet normal 0 0 -1
    outer loop
      vertex 27.4054 10.6189 0
      vertex 31.1365 10.0311 0
      vertex 27.6365 10.0311 0
    endloop
  endfacet
  facet normal -0 0 -1
    outer loop
      vertex 29.6176 13.65 0
      vertex 27.4054 10.6189 0
      vertex 29.1554 13.65 0
    endloop
  endfacet
  facet normal 0 0 -1
    outer loop
      vertex 23.6744 10.0311 0
      vertex 27.6365 10.0311 0
      vertex 25.8865 7 0
    endloop
  endfacet
  facet normal 0 0 -1
    outer loop
      vertex 23.6744 10.0311 0
      vertex 25.8865 7 0
      vertex 25.4244 7 0
    endloop
  endfacet
  facet normal 0 0 -1
    outer loop
      vertex 27.6365 10.0311 0
      vertex 23.6744 10.0311 0
      vertex 27.4054 10.6189 0
    endloop
  endfacet
  facet normal -0 0 -1
    outer loop
      vertex 27.4054 10.6189 0
      vertex 23.6744 10.0311 0
      vertex 23.9054 10.6189 0
    endloop
  endfacet
  facet normal 0 0 -1
    outer loop
      vertex 19.9433 10.6189 0
      vertex 23.9054 10.6189 0
      vertex 23.6744 10.0311 0
    endloop
  endfacet
  facet normal 0 0 -1
    outer loop
      vertex 23.9054 10.6189 0
      vertex 19.9433 10.6189 0
      vertex 22.1554 13.65 0
    endloop
  endfacet
  facet normal 0 0 -1
    outer loop
      vertex 19.9433 10.6189 0
      vertex 23.6744 10.0311 0
      vertex 20.1744 10.0311 0
    endloop
  endfacet
  facet normal -0 0 -1
    outer loop
      vertex 22.1554 13.65 0
      vertex 19.9433 10.6189 0
      vertex 21.6933 13.65 0
    endloop
  endfacet
  facet normal 0 0 -1
    outer loop
      vertex 16.2122 10.0311 0
      vertex 20.1744 10.0311 0
      vertex 18.4244 7 0
    endloop
  endfacet
  facet normal 0 0 -1
    outer loop
      vertex 16.2122 10.0311 0
      vertex 18.4244 7 0
      vertex 17.9622 7 0
    endloop
  endfacet
  facet normal 0 0 -1
    outer loop
      vertex 20.1744 10.0311 0
      vertex 16.2122 10.0311 0
      vertex 19.9433 10.6189 0
    endloop
  endfacet
  facet normal -0 0 -1
    outer loop
      vertex 19.9433 10.6189 0
      vertex 16.2122 10.0311 0
      vertex 16.4433 10.6189 0
    endloop
  endfacet
  facet normal 0 0 -1
    outer loop
      vertex 12.4811 10.6189 0
      vertex 16.4433 10.6189 0
      vertex 16.2122 10.0311 0
    endloop
  endfacet
  facet normal 0 0 -1
    outer loop
      vertex 16.4433 10.6189 0
      vertex 12.4811 10.6189 0
      vertex 14.6933 13.65 0
    endloop
  endfacet
  facet normal 0 0 -1
    outer loop
      vertex 12.4811 10.6189 0
      vertex 16.2122 10.0311 0
      vertex 12.7122 10.0311 0
    endloop
  endfacet
  facet normal -0 0 -1
    outer loop
      vertex 14.6933 13.65 0
      vertex 12.4811 10.6189 0
      vertex 14.2311 13.65 0
    endloop
  endfacet
  facet normal 0 0 -1
    outer loop
      vertex 8.98109 10.6189 0
      vertex 12.7122 10.0311 0
      vertex 10.9622 7 0
    endloop
  endfacet
  facet normal 0 0 -1
    outer loop
      vertex 12.7122 10.0311 0
      vertex 8.98109 10.6189 0
      vertex 12.4811 10.6189 0
    endloop
  endfacet
  facet normal -1 0 0
    outer loop
      vertex 0 0 0
      vertex 0 75 28
      vertex 0 75 0
    endloop
  endfacet
  facet normal -1 -0 0
    outer loop
      vertex 0 75 28
      vertex 0 0 0
      vertex 0 0 28
    endloop
  endfacet
  facet normal 0 1 -0
    outer loop
      vertex 60 75 0
      vertex 0 75 28
      vertex 60 75 28
    endloop
  endfacet
  facet normal 0 1 0
    outer loop
      vertex 0 75 28
      vertex 60 75 0
      vertex 0 75 0
    endloop
  endfacet
  facet normal 0 -1 0
    outer loop
      vertex 0 0 28
      vertex 24.25 0 12.5
      vertex 60 0 28
    endloop
  endfacet
  facet normal 0 -1 0
    outer loop
      vertex 0 0 0
      vertex 24.25 0 12.5
      vertex 0 0 28
    endloop
  endfacet
  facet normal 0 -1 -0
    outer loop
      vertex 24.25 0 5.5
      vertex 0 0 0
      vertex 35.75 0 5.5
    endloop
  endfacet
  facet normal 0 -1 -0
    outer loop
      vertex 24.25 0 12.5
      vertex 0 0 0
      vertex 24.25 0 5.5
    endloop
  endfacet
  facet normal 0 -1 0
    outer loop
      vertex 35.75 0 12.5
      vertex 60 0 28
      vertex 24.25 0 12.5
    endloop
  endfacet
  facet normal 0 -1 0
    outer loop
      vertex 60 0 0
      vertex 35.75 0 12.5
      vertex 35.75 0 5.5
    endloop
  endfacet
  facet normal 0 -1 0
    outer loop
      vertex 35.75 0 12.5
      vertex 60 0 0
      vertex 60 0 28
    endloop
  endfacet
  facet normal 0 -1 0
    outer loop
      vertex 60 0 0
      vertex 35.75 0 5.5
      vertex 0 0 0
    endloop
  endfacet
  facet normal -1 0 0
    outer loop
      vertex 58 2 2
      vertex 58 73 28
      vertex 58 73 2
    endloop
  endfacet
  facet normal -1 -0 0
    outer loop
      vertex 58 73 28
      vertex 58 2 2
      vertex 58 2 28
    endloop
  endfacet
  facet normal 0 0 1
    outer loop
      vertex 6.98078 6.19509 2
      vertex 6.98078 5.80491 2
      vertex 7 6 2
    endloop
  endfacet
  facet normal 0 0 1
    outer loop
      vertex 6.92388 6.38268 2
      vertex 6.98078 5.80491 2
      vertex 6.98078 6.19509 2
    endloop
  endfacet
  facet normal 0 0 1
    outer loop
      vertex 6.92388 6.38268 2
      vertex 6.92388 5.61732 2
      vertex 6.98078 5.80491 2
    endloop
  endfacet
  facet normal 0 0 1
    outer loop
      vertex 6.83147 6.55557 2
      vertex 6.92388 5.61732 2
      vertex 6.92388 6.38268 2
    endloop
  endfacet
  facet normal 0 0 1
    outer loop
      vertex 6.83147 6.55557 2
      vertex 6.83147 5.44443 2
      vertex 6.92388 5.61732 2
    endloop
  endfacet
  facet normal 0 0 1
    outer loop
      vertex 6.70711 6.70711 2
      vertex 6.83147 5.44443 2
      vertex 6.83147 6.55557 2
    endloop
  endfacet
  facet normal 0 0 1
    outer loop
      vertex 6.70711 6.70711 2
      vertex 6.70711 5.29289 2
      vertex 6.83147 5.44443 2
    endloop
  endfacet
  facet normal 0 0 1
    outer loop
      vertex 6.55557 6.83147 2
      vertex 6.70711 5.29289 2
      vertex 6.70711 6.70711 2
    endloop
  endfacet
  facet normal 0 0 1
    outer loop
      vertex 6.55557 6.83147 2
      vertex 6.55557 5.16853 2
      vertex 6.70711 5.29289 2
    endloop
  endfacet
  facet normal 0 0 1
    outer loop
      vertex 6.38268 6.92388 2
      vertex 6.55557 5.16853 2
      vertex 6.55557 6.83147 2
    endloop
  endfacet
  facet normal 0 0 1
    outer loop
      vertex 6.38268 6.92388 2
      vertex 6.38268 5.07612 2
      vertex 6.55557 5.16853 2
    endloop
  endfacet
  facet normal 0 0 1
    outer loop
      vertex 6.19509 6.98078 2
      vertex 6.38268 5.07612 2
      vertex 6.38268 6.92388 2
    endloop
  endfacet
  facet normal 0 0 1
    outer loop
      vertex 6.19509 6.98078 2
      vertex 6.19509 5.01922 2
      vertex 6.38268 5.07612 2
    endloop
  endfacet
  facet normal 0 0 1
    outer loop
      vertex 6 7 2
      vertex 6.19509 5.01922 2
      vertex 6.19509 6.98078 2
    endloop
  endfacet
  facet normal 0 0 1
    outer loop
      vertex 6 7 2
      vertex 6 5 2
      vertex 6.19509 5.01922 2
    endloop
  endfacet
  facet normal -0 0 1
    outer loop
      vertex 5.80491 6.98078 2
      vertex 6 5 2
      vertex 6 7 2
    endloop
  endfacet
  facet normal 0 0 1
    outer loop
      vertex 5.80491 6.98078 2
      vertex 5.80491 5.01922 2
      vertex 6 5 2
    endloop
  endfacet
  facet normal -0 0 1
    outer loop
      vertex 5.61732 6.92388 2
      vertex 5.80491 5.01922 2
      vertex 5.80491 6.98078 2
    endloop
  endfacet
  facet normal 0 0 1
    outer loop
      vertex 5.61732 6.92388 2
      vertex 5.61732 5.07612 2
      vertex 5.80491 5.01922 2
    endloop
  endfacet
  facet normal -0 0 1
    outer loop
      vertex 5.44443 6.83147 2
      vertex 5.61732 5.07612 2
      vertex 5.61732 6.92388 2
    endloop
  endfacet
  facet normal 0 0 1
    outer loop
      vertex 5.44443 6.83147 2
      vertex 5.44443 5.16853 2
      vertex 5.61732 5.07612 2
    endloop
  endfacet
  facet normal -0 0 1
    outer loop
      vertex 5.29289 6.70711 2
      vertex 5.44443 5.16853 2
      vertex 5.44443 6.83147 2
    endloop
  endfacet
  facet normal 0 0 1
    outer loop
      vertex 5.29289 6.70711 2
      vertex 5.29289 5.29289 2
      vertex 5.44443 5.16853 2
    endloop
  endfacet
  facet normal -0 0 1
    outer loop
      vertex 5.16853 6.55557 2
      vertex 5.29289 5.29289 2
      vertex 5.29289 6.70711 2
    endloop
  endfacet
  facet normal 0 0 1
    outer loop
      vertex 5.16853 6.55557 2
      vertex 5.16853 5.44443 2
      vertex 5.29289 5.29289 2
    endloop
  endfacet
  facet normal -0 0 1
    outer loop
      vertex 5.07612 6.38268 2
      vertex 5.16853 5.44443 2
      vertex 5.16853 6.55557 2
    endloop
  endfacet
  facet normal 0 0 1
    outer loop
      vertex 5.07612 6.38268 2
      vertex 5.07612 5.61732 2
      vertex 5.16853 5.44443 2
    endloop
  endfacet
  facet normal -0 0 1
    outer loop
      vertex 5.01922 6.19509 2
      vertex 5.07612 5.61732 2
      vertex 5.07612 6.38268 2
    endloop
  endfacet
  facet normal 0 0 1
    outer loop
      vertex 5.01922 6.19509 2
      vertex 5.01922 5.80491 2
      vertex 5.07612 5.61732 2
    endloop
  endfacet
  facet normal 0 -0 1
    outer loop
      vertex 5.01922 5.80491 2
      vertex 5.01922 6.19509 2
      vertex 5 6 2
    endloop
  endfacet
  facet normal 0 0 1
    outer loop
      vertex 6.98078 69.1951 2
      vertex 6.98078 68.8049 2
      vertex 7 69 2
    endloop
  endfacet
  facet normal 0 0 1
    outer loop
      vertex 6.92388 69.3827 2
      vertex 6.98078 68.8049 2
      vertex 6.98078 69.1951 2
    endloop
  endfacet
  facet normal 0 0 1
    outer loop
      vertex 6.92388 69.3827 2
      vertex 6.92388 68.6173 2
      vertex 6.98078 68.8049 2
    endloop
  endfacet
  facet normal 0 0 1
    outer loop
      vertex 6.83147 69.5556 2
      vertex 6.92388 68.6173 2
      vertex 6.92388 69.3827 2
    endloop
  endfacet
  facet normal 0 0 1
    outer loop
      vertex 6.83147 69.5556 2
      vertex 6.83147 68.4444 2
      vertex 6.92388 68.6173 2
    endloop
  endfacet
  facet normal 0 0 1
    outer loop
      vertex 6.70711 69.7071 2
      vertex 6.83147 68.4444 2
      vertex 6.83147 69.5556 2
    endloop
  endfacet
  facet normal 0 0 1
    outer loop
      vertex 6.70711 69.7071 2
      vertex 6.70711 68.2929 2
      vertex 6.83147 68.4444 2
    endloop
  endfacet
  facet normal 0 0 1
    outer loop
      vertex 6.55557 69.8315 2
      vertex 6.70711 68.2929 2
      vertex 6.70711 69.7071 2
    endloop
  endfacet
  facet normal 0 0 1
    outer loop
      vertex 6.55557 69.8315 2
      vertex 6.55557 68.1685 2
      vertex 6.70711 68.2929 2
    endloop
  endfacet
  facet normal 0 0 1
    outer loop
      vertex 6.38268 69.9239 2
      vertex 6.55557 68.1685 2
      vertex 6.55557 69.8315 2
    endloop
  endfacet
  facet normal 0 0 1
    outer loop
      vertex 6.38268 69.9239 2
      vertex 6.38268 68.0761 2
      vertex 6.55557 68.1685 2
    endloop
  endfacet
  facet normal 0 0 1
    outer loop
      vertex 6.19509 69.9808 2
      vertex 6.38268 68.0761 2
      vertex 6.38268 69.9239 2
    endloop
  endfacet
  facet normal 0 0 1
    outer loop
      vertex 6.19509 69.9808 2
      vertex 6.19509 68.0192 2
      vertex 6.38268 68.0761 2
    endloop
  endfacet
  facet normal 0 0 1
    outer loop
      vertex 6 70 2
      vertex 6.19509 68.0192 2
      vertex 6.19509 69.9808 2
    endloop
  endfacet
  facet normal 0 0 1
    outer loop
      vertex 6 70 2
      vertex 6 68 2
      vertex 6.19509 68.0192 2
    endloop
  endfacet
  facet normal -0 0 1
    outer loop
      vertex 5.80491 69.9808 2
      vertex 6 68 2
      vertex 6 70 2
    endloop
  endfacet
  facet normal 0 0 1
    outer loop
      vertex 5.80491 69.9808 2
      vertex 5.80491 68.0192 2
      vertex 6 68 2
    endloop
  endfacet
  facet normal -0 0 1
    outer loop
      vertex 5.61732 69.9239 2
      vertex 5.80491 68.0192 2
      vertex 5.80491 69.9808 2
    endloop
  endfacet
  facet normal 0 0 1
    outer loop
      vertex 5.61732 69.9239 2
      vertex 5.61732 68.0761 2
      vertex 5.80491 68.0192 2
    endloop
  endfacet
  facet normal -0 0 1
    outer loop
      vertex 5.44443 69.8315 2
      vertex 5.61732 68.0761 2
      vertex 5.61732 69.9239 2
    endloop
  endfacet
  facet normal 0 0 1
    outer loop
      vertex 5.44443 69.8315 2
      vertex 5.44443 68.1685 2
      vertex 5.61732 68.0761 2
    endloop
  endfacet
  facet normal -0 0 1
    outer loop
      vertex 5.29289 69.7071 2
      vertex 5.44443 68.1685 2
      vertex 5.44443 69.8315 2
    endloop
  endfacet
  facet normal 0 0 1
    outer loop
      vertex 5.29289 69.7071 2
      vertex 5.29289 68.2929 2
      vertex 5.44443 68.1685 2
    endloop
  endfacet
  facet normal -0 0 1
    outer loop
      vertex 5.16853 69.5556 2
      vertex 5.29289 68.2929 2
      vertex 5.29289 69.7071 2
    endloop
  endfacet
  facet normal 0 0 1
    outer loop
      vertex 5.16853 69.5556 2
      vertex 5.16853 68.4444 2
      vertex 5.29289 68.2929 2
    endloop
  endfacet
  facet normal -0 0 1
    outer loop
      vertex 5.07612 69.3827 2
      vertex 5.16853 68.4444 2
      vertex 5.16853 69.5556 2
    endloop
  endfacet
  facet normal 0 0 1
    outer loop
      vertex 5.07612 69.3827 2
      vertex 5.07612 68.6173 2
      vertex 5.16853 68.4444 2
    endloop
  endfacet
  facet normal -0 0 1
    outer loop
      vertex 5.01922 69.1951 2
      vertex 5.07612 68.6173 2
      vertex 5.07612 69.3827 2
    endloop
  endfacet
  facet normal 0 0 1
    outer loop
      vertex 5.01922 69.1951 2
      vertex 5.01922 68.8049 2
      vertex 5.07612 68.6173 2
    endloop
  endfacet
  facet normal 0 -0 1
    outer loop
      vertex 5.01922 68.8049 2
      vertex 5.01922 69.1951 2
      vertex 5 69 2
    endloop
  endfacet
  facet normal 0 0 1
    outer loop
      vertex 54.9808 6.19509 2
      vertex 54.9808 5.80491 2
      vertex 55 6 2
    endloop
  endfacet
  facet normal 0 0 1
    outer loop
      vertex 54.9239 6.38268 2
      vertex 54.9808 5.80491 2
      vertex 54.9808 6.19509 2
    endloop
  endfacet
  facet normal 0 0 1
    outer loop
      vertex 54.9239 6.38268 2
      vertex 54.9239 5.61732 2
      vertex 54.9808 5.80491 2
    endloop
  endfacet
  facet normal 0 0 1
    outer loop
      vertex 54.8315 6.55557 2
      vertex 54.9239 5.61732 2
      vertex 54.9239 6.38268 2
    endloop
  endfacet
  facet normal 0 0 1
    outer loop
      vertex 54.8315 6.55557 2
      vertex 54.8315 5.44443 2
      vertex 54.9239 5.61732 2
    endloop
  endfacet
  facet normal 0 0 1
    outer loop
      vertex 54.7071 6.70711 2
      vertex 54.8315 5.44443 2
      vertex 54.8315 6.55557 2
    endloop
  endfacet
  facet normal 0 0 1
    outer loop
      vertex 54.7071 6.70711 2
      vertex 54.7071 5.29289 2
      vertex 54.8315 5.44443 2
    endloop
  endfacet
  facet normal 0 0 1
    outer loop
      vertex 54.5556 6.83147 2
      vertex 54.7071 5.29289 2
      vertex 54.7071 6.70711 2
    endloop
  endfacet
  facet normal 0 0 1
    outer loop
      vertex 54.5556 6.83147 2
      vertex 54.5556 5.16853 2
      vertex 54.7071 5.29289 2
    endloop
  endfacet
  facet normal 0 0 1
    outer loop
      vertex 54.3827 6.92388 2
      vertex 54.5556 5.16853 2
      vertex 54.5556 6.83147 2
    endloop
  endfacet
  facet normal 0 0 1
    outer loop
      vertex 54.3827 6.92388 2
      vertex 54.3827 5.07612 2
      vertex 54.5556 5.16853 2
    endloop
  endfacet
  facet normal 0 0 1
    outer loop
      vertex 54.1951 6.98078 2
      vertex 54.3827 5.07612 2
      vertex 54.3827 6.92388 2
    endloop
  endfacet
  facet normal 0 0 1
    outer loop
      vertex 54.1951 6.98078 2
      vertex 54.1951 5.01922 2
      vertex 54.3827 5.07612 2
    endloop
  endfacet
  facet normal 0 0 1
    outer loop
      vertex 54 7 2
      vertex 54.1951 5.01922 2
      vertex 54.1951 6.98078 2
    endloop
  endfacet
  facet normal 0 0 1
    outer loop
      vertex 54 7 2
      vertex 54 5 2
      vertex 54.1951 5.01922 2
    endloop
  endfacet
  facet normal -0 0 1
    outer loop
      vertex 53.8049 6.98078 2
      vertex 54 5 2
      vertex 54 7 2
    endloop
  endfacet
  facet normal 0 0 1
    outer loop
      vertex 53.8049 6.98078 2
      vertex 53.8049 5.01922 2
      vertex 54 5 2
    endloop
  endfacet
  facet normal -0 0 1
    outer loop
      vertex 53.6173 6.92388 2
      vertex 53.8049 5.01922 2
      vertex 53.8049 6.98078 2
    endloop
  endfacet
  facet normal 0 0 1
    outer loop
      vertex 53.6173 6.92388 2
      vertex 53.6173 5.07612 2
      vertex 53.8049 5.01922 2
    endloop
  endfacet
  facet normal -0 0 1
    outer loop
      vertex 53.4444 6.83147 2
      vertex 53.6173 5.07612 2
      vertex 53.6173 6.92388 2
    endloop
  endfacet
  facet normal 0 0 1
    outer loop
      vertex 53.4444 6.83147 2
      vertex 53.4444 5.16853 2
      vertex 53.6173 5.07612 2
    endloop
  endfacet
  facet normal -0 0 1
    outer loop
      vertex 53.2929 6.70711 2
      vertex 53.4444 5.16853 2
      vertex 53.4444 6.83147 2
    endloop
  endfacet
  facet normal 0 0 1
    outer loop
      vertex 53.2929 6.70711 2
      vertex 53.2929 5.29289 2
      vertex 53.4444 5.16853 2
    endloop
  endfacet
  facet normal -0 0 1
    outer loop
      vertex 53.1685 6.55557 2
      vertex 53.2929 5.29289 2
      vertex 53.2929 6.70711 2
    endloop
  endfacet
  facet normal 0 0 1
    outer loop
      vertex 53.1685 6.55557 2
      vertex 53.1685 5.44443 2
      vertex 53.2929 5.29289 2
    endloop
  endfacet
  facet normal -0 0 1
    outer loop
      vertex 53.0761 6.38268 2
      vertex 53.1685 5.44443 2
      vertex 53.1685 6.55557 2
    endloop
  endfacet
  facet normal 0 0 1
    outer loop
      vertex 53.0761 6.38268 2
      vertex 53.0761 5.61732 2
      vertex 53.1685 5.44443 2
    endloop
  endfacet
  facet normal -0 0 1
    outer loop
      vertex 53.0192 6.19509 2
      vertex 53.0761 5.61732 2
      vertex 53.0761 6.38268 2
    endloop
  endfacet
  facet normal 0 0 1
    outer loop
      vertex 53.0192 6.19509 2
      vertex 53.0192 5.80491 2
      vertex 53.0761 5.61732 2
    endloop
  endfacet
  facet normal 0 -0 1
    outer loop
      vertex 53.0192 5.80491 2
      vertex 53.0192 6.19509 2
      vertex 53 6 2
    endloop
  endfacet
  facet normal 0 0 1
    outer loop
      vertex 54.9808 69.1951 2
      vertex 54.9808 68.8049 2
      vertex 55 69 2
    endloop
  endfacet
  facet normal 0 0 1
    outer loop
      vertex 54.9239 69.3827 2
      vertex 54.9808 68.8049 2
      vertex 54.9808 69.1951 2
    endloop
  endfacet
  facet normal 0 0 1
    outer loop
      vertex 54.9239 69.3827 2
      vertex 54.9239 68.6173 2
      vertex 54.9808 68.8049 2
    endloop
  endfacet
  facet normal 0 0 1
    outer loop
      vertex 54.8315 69.5556 2
      vertex 54.9239 68.6173 2
      vertex 54.9239 69.3827 2
    endloop
  endfacet
  facet normal 0 0 1
    outer loop
      vertex 54.8315 69.5556 2
      vertex 54.8315 68.4444 2
      vertex 54.9239 68.6173 2
    endloop
  endfacet
  facet normal 0 0 1
    outer loop
      vertex 54.7071 69.7071 2
      vertex 54.8315 68.4444 2
      vertex 54.8315 69.5556 2
    endloop
  endfacet
  facet normal 0 0 1
    outer loop
      vertex 54.7071 69.7071 2
      vertex 54.7071 68.2929 2
      vertex 54.8315 68.4444 2
    endloop
  endfacet
  facet normal 0 0 1
    outer loop
      vertex 54.5556 69.8315 2
      vertex 54.7071 68.2929 2
      vertex 54.7071 69.7071 2
    endloop
  endfacet
  facet normal 0 0 1
    outer loop
      vertex 54.5556 69.8315 2
      vertex 54.5556 68.1685 2
      vertex 54.7071 68.2929 2
    endloop
  endfacet
  facet normal 0 0 1
    outer loop
      vertex 54.3827 69.9239 2
      vertex 54.5556 68.1685 2
      vertex 54.5556 69.8315 2
    endloop
  endfacet
  facet normal 0 0 1
    outer loop
      vertex 54.3827 69.9239 2
      vertex 54.3827 68.0761 2
      vertex 54.5556 68.1685 2
    endloop
  endfacet
  facet normal 0 0 1
    outer loop
      vertex 54.1951 69.9808 2
      vertex 54.3827 68.0761 2
      vertex 54.3827 69.9239 2
    endloop
  endfacet
  facet normal 0 0 1
    outer loop
      vertex 54.1951 69.9808 2
      vertex 54.1951 68.0192 2
      vertex 54.3827 68.0761 2
    endloop
  endfacet
  facet normal 0 0 1
    outer loop
      vertex 54 70 2
      vertex 54.1951 68.0192 2
      vertex 54.1951 69.9808 2
    endloop
  endfacet
  facet normal 0 0 1
    outer loop
      vertex 54 70 2
      vertex 54 68 2
      vertex 54.1951 68.0192 2
    endloop
  endfacet
  facet normal -0 0 1
    outer loop
      vertex 53.8049 69.9808 2
      vertex 54 68 2
      vertex 54 70 2
    endloop
  endfacet
  facet normal 0 0 1
    outer loop
      vertex 53.8049 69.9808 2
      vertex 53.8049 68.0192 2
      vertex 54 68 2
    endloop
  endfacet
  facet normal -0 0 1
    outer loop
      vertex 53.6173 69.9239 2
      vertex 53.8049 68.0192 2
      vertex 53.8049 69.9808 2
    endloop
  endfacet
  facet normal 0 0 1
    outer loop
      vertex 53.6173 69.9239 2
      vertex 53.6173 68.0761 2
      vertex 53.8049 68.0192 2
    endloop
  endfacet
  facet normal -0 0 1
    outer loop
      vertex 53.4444 69.8315 2
      vertex 53.6173 68.0761 2
      vertex 53.6173 69.9239 2
    endloop
  endfacet
  facet normal 0 0 1
    outer loop
      vertex 53.4444 69.8315 2
      vertex 53.4444 68.1685 2
      vertex 53.6173 68.0761 2
    endloop
  endfacet
  facet normal -0 0 1
    outer loop
      vertex 53.2929 69.7071 2
      vertex 53.4444 68.1685 2
      vertex 53.4444 69.8315 2
    endloop
  endfacet
  facet normal 0 0 1
    outer loop
      vertex 53.2929 69.7071 2
      vertex 53.2929 68.2929 2
      vertex 53.4444 68.1685 2
    endloop
  endfacet
  facet normal -0 0 1
    outer loop
      vertex 53.1685 69.5556 2
      vertex 53.2929 68.2929 2
      vertex 53.2929 69.7071 2
    endloop
  endfacet
  facet normal 0 0 1
    outer loop
      vertex 53.1685 69.5556 2
      vertex 53.1685 68.4444 2
      vertex 53.2929 68.2929 2
    endloop
  endfacet
  facet normal -0 0 1
    outer loop
      vertex 53.0761 69.3827 2
      vertex 53.1685 68.4444 2
      vertex 53.1685 69.5556 2
    endloop
  endfacet
  facet normal 0 0 1
    outer loop
      vertex 53.0761 69.3827 2
      vertex 53.0761 68.6173 2
      vertex 53.1685 68.4444 2
    endloop
  endfacet
  facet normal -0 0 1
    outer loop
      vertex 53.0192 69.1951 2
      vertex 53.0761 68.6173 2
      vertex 53.0761 69.3827 2
    endloop
  endfacet
  facet normal 0 0 1
    outer loop
      vertex 53.0192 69.1951 2
      vertex 53.0192 68.8049 2
      vertex 53.0761 68.6173 2
    endloop
  endfacet
  facet normal 0 -0 1
    outer loop
      vertex 53.0192 68.8049 2
      vertex 53.0192 69.1951 2
      vertex 53 69 2
    endloop
  endfacet
  facet normal 0 0 1
    outer loop
      vertex 46.0609 10.0311 2
      vertex 49.792 10.6189 2
      vertex 46.292 10.6189 2
    endloop
  endfacet
  facet normal 0 0 1
    outer loop
      vertex 49.792 10.6189 2
      vertex 46.0609 10.0311 2
      vertex 47.8109 7 2
    endloop
  endfacet
  facet normal 0 0 1
    outer loop
      vertex 42.3298 10.6189 2
      vertex 46.292 10.6189 2
      vertex 44.542 13.65 2
    endloop
  endfacet
  facet normal 0 0 1
    outer loop
      vertex 42.3298 10.6189 2
      vertex 44.542 13.65 2
      vertex 44.0798 13.65 2
    endloop
  endfacet
  facet normal 0 0 1
    outer loop
      vertex 46.292 10.6189 2
      vertex 42.3298 10.6189 2
      vertex 46.0609 10.0311 2
    endloop
  endfacet
  facet normal 0 0 1
    outer loop
      vertex 46.0609 10.0311 2
      vertex 42.3298 10.6189 2
      vertex 42.5609 10.0311 2
    endloop
  endfacet
  facet normal 0 0 1
    outer loop
      vertex 38.5987 10.0311 2
      vertex 42.5609 10.0311 2
      vertex 42.3298 10.6189 2
    endloop
  endfacet
  facet normal 0 0 1
    outer loop
      vertex 42.5609 10.0311 2
      vertex 38.5987 10.0311 2
      vertex 40.8109 7 2
    endloop
  endfacet
  facet normal 0 0 1
    outer loop
      vertex 38.5987 10.0311 2
      vertex 42.3298 10.6189 2
      vertex 38.8298 10.6189 2
    endloop
  endfacet
  facet normal 0 0 1
    outer loop
      vertex 40.8109 7 2
      vertex 38.5987 10.0311 2
      vertex 40.3487 7 2
    endloop
  endfacet
  facet normal 0 0 1
    outer loop
      vertex 34.8676 10.6189 2
      vertex 38.8298 10.6189 2
      vertex 37.0798 13.65 2
    endloop
  endfacet
  facet normal 0 0 1
    outer loop
      vertex 34.8676 10.6189 2
      vertex 37.0798 13.65 2
      vertex 36.6176 13.65 2
    endloop
  endfacet
  facet normal 0 0 1
    outer loop
      vertex 38.8298 10.6189 2
      vertex 34.8676 10.6189 2
      vertex 38.5987 10.0311 2
    endloop
  endfacet
  facet normal 0 0 1
    outer loop
      vertex 38.5987 10.0311 2
      vertex 34.8676 10.6189 2
      vertex 35.0987 10.0311 2
    endloop
  endfacet
  facet normal 0 0 1
    outer loop
      vertex 31.1365 10.0311 2
      vertex 35.0987 10.0311 2
      vertex 34.8676 10.6189 2
    endloop
  endfacet
  facet normal 0 0 1
    outer loop
      vertex 35.0987 10.0311 2
      vertex 31.1365 10.0311 2
      vertex 33.3487 7 2
    endloop
  endfacet
  facet normal 0 0 1
    outer loop
      vertex 31.1365 10.0311 2
      vertex 34.8676 10.6189 2
      vertex 31.3676 10.6189 2
    endloop
  endfacet
  facet normal 0 0 1
    outer loop
      vertex 33.3487 7 2
      vertex 31.1365 10.0311 2
      vertex 32.8865 7 2
    endloop
  endfacet
  facet normal 0 0 1
    outer loop
      vertex 27.4054 10.6189 2
      vertex 31.3676 10.6189 2
      vertex 29.6176 13.65 2
    endloop
  endfacet
  facet normal 0 0 1
    outer loop
      vertex 27.4054 10.6189 2
      vertex 29.6176 13.65 2
      vertex 29.1554 13.65 2
    endloop
  endfacet
  facet normal 0 0 1
    outer loop
      vertex 31.3676 10.6189 2
      vertex 27.4054 10.6189 2
      vertex 31.1365 10.0311 2
    endloop
  endfacet
  facet normal 0 0 1
    outer loop
      vertex 31.1365 10.0311 2
      vertex 27.4054 10.6189 2
      vertex 27.6365 10.0311 2
    endloop
  endfacet
  facet normal 0 0 1
    outer loop
      vertex 23.6744 10.0311 2
      vertex 27.6365 10.0311 2
      vertex 27.4054 10.6189 2
    endloop
  endfacet
  facet normal 0 0 1
    outer loop
      vertex 27.6365 10.0311 2
      vertex 23.6744 10.0311 2
      vertex 25.8865 7 2
    endloop
  endfacet
  facet normal 0 0 1
    outer loop
      vertex 23.6744 10.0311 2
      vertex 27.4054 10.6189 2
      vertex 23.9054 10.6189 2
    endloop
  endfacet
  facet normal 0 0 1
    outer loop
      vertex 25.8865 7 2
      vertex 23.6744 10.0311 2
      vertex 25.4244 7 2
    endloop
  endfacet
  facet normal 0 0 1
    outer loop
      vertex 19.9433 10.6189 2
      vertex 23.9054 10.6189 2
      vertex 22.1554 13.65 2
    endloop
  endfacet
  facet normal 0 0 1
    outer loop
      vertex 19.9433 10.6189 2
      vertex 22.1554 13.65 2
      vertex 21.6933 13.65 2
    endloop
  endfacet
  facet normal 0 0 1
    outer loop
      vertex 23.9054 10.6189 2
      vertex 19.9433 10.6189 2
      vertex 23.6744 10.0311 2
    endloop
  endfacet
  facet normal 0 0 1
    outer loop
      vertex 23.6744 10.0311 2
      vertex 19.9433 10.6189 2
      vertex 20.1744 10.0311 2
    endloop
  endfacet
  facet normal 0 0 1
    outer loop
      vertex 16.2122 10.0311 2
      vertex 20.1744 10.0311 2
      vertex 19.9433 10.6189 2
    endloop
  endfacet
  facet normal 0 0 1
    outer loop
      vertex 20.1744 10.0311 2
      vertex 16.2122 10.0311 2
      vertex 18.4244 7 2
    endloop
  endfacet
  facet normal 0 0 1
    outer loop
      vertex 16.2122 10.0311 2
      vertex 19.9433 10.6189 2
      vertex 16.4433 10.6189 2
    endloop
  endfacet
  facet normal 0 0 1
    outer loop
      vertex 18.4244 7 2
      vertex 16.2122 10.0311 2
      vertex 17.9622 7 2
    endloop
  endfacet
  facet normal 0 0 1
    outer loop
      vertex 12.4811 10.6189 2
      vertex 16.4433 10.6189 2
      vertex 14.6933 13.65 2
    endloop
  endfacet
  facet normal 0 0 1
    outer loop
      vertex 12.4811 10.6189 2
      vertex 14.6933 13.65 2
      vertex 14.2311 13.65 2
    endloop
  endfacet
  facet normal 0 0 1
    outer loop
      vertex 16.4433 10.6189 2
      vertex 12.4811 10.6189 2
      vertex 16.2122 10.0311 2
    endloop
  endfacet
  facet normal 0 0 1
    outer loop
      vertex 16.2122 10.0311 2
      vertex 12.4811 10.6189 2
      vertex 12.7122 10.0311 2
    endloop
  endfacet
  facet normal -0 0 1
    outer loop
      vertex 8.98109 10.6189 2
      vertex 12.7122 10.0311 2
      vertex 12.4811 10.6189 2
    endloop
  endfacet
  facet normal 0 0 1
    outer loop
      vertex 12.7122 10.0311 2
      vertex 8.98109 10.6189 2
      vertex 10.9622 7 2
    endloop
  endfacet
  facet normal 0 0 1
    outer loop
      vertex 10.9622 7 2
      vertex 8.98109 10.6189 2
      vertex 8.49441 7.66671 2
    endloop
  endfacet
  facet normal 0 0 1
    outer loop
      vertex 10.9622 7 2
      vertex 8.94236 6.58527 2
      vertex 9 6 2
    endloop
  endfacet
  facet normal 0 0 1
    outer loop
      vertex 10.9622 7 2
      vertex 8.77164 7.14805 2
      vertex 8.94236 6.58527 2
    endloop
  endfacet
  facet normal 0 0 1
    outer loop
      vertex 10.9622 7 2
      vertex 8.49441 7.66671 2
      vertex 8.77164 7.14805 2
    endloop
  endfacet
  facet normal 0 0 1
    outer loop
      vertex 8.98109 10.6189 2
      vertex 8.12132 8.12132 2
      vertex 8.49441 7.66671 2
    endloop
  endfacet
  facet normal 0 0 1
    outer loop
      vertex 8.98109 10.6189 2
      vertex 7.66671 8.49441 2
      vertex 8.12132 8.12132 2
    endloop
  endfacet
  facet normal 0 0 1
    outer loop
      vertex 7.14805 8.77164 2
      vertex 8.98109 10.6189 2
      vertex 7.23109 13.65 2
    endloop
  endfacet
  facet normal 0 0 1
    outer loop
      vertex 8.98109 10.6189 2
      vertex 7.14805 8.77164 2
      vertex 7.66671 8.49441 2
    endloop
  endfacet
  facet normal 0 0 1
    outer loop
      vertex 7.23109 26.95 2
      vertex 7.14805 8.77164 2
      vertex 7.23109 13.65 2
    endloop
  endfacet
  facet normal 0 0 1
    outer loop
      vertex 5.41473 66.0576 2
      vertex 8.98109 56.5811 2
      vertex 6 66 2
    endloop
  endfacet
  facet normal 0 0 1
    outer loop
      vertex 7.23109 53.55 2
      vertex 6.58527 8.94236 2
      vertex 7.14805 8.77164 2
    endloop
  endfacet
  facet normal 0 0 1
    outer loop
      vertex 4.85195 66.2284 2
      vertex 8.98109 56.5811 2
      vertex 5.41473 66.0576 2
    endloop
  endfacet
  facet normal 0 0 1
    outer loop
      vertex 7.23109 53.55 2
      vertex 6 9 2
      vertex 6.58527 8.94236 2
    endloop
  endfacet
  facet normal 0 0 1
    outer loop
      vertex 8.98109 56.5811 2
      vertex 4.85195 66.2284 2
      vertex 7.23109 53.55 2
    endloop
  endfacet
  facet normal 0 0 1
    outer loop
      vertex 7.23109 53.55 2
      vertex 5.41473 8.94236 2
      vertex 6 9 2
    endloop
  endfacet
  facet normal 0 0 1
    outer loop
      vertex 4.33329 66.5056 2
      vertex 7.23109 53.55 2
      vertex 4.85195 66.2284 2
    endloop
  endfacet
  facet normal 0 0 1
    outer loop
      vertex 7.23109 53.55 2
      vertex 4.85195 8.77164 2
      vertex 5.41473 8.94236 2
    endloop
  endfacet
  facet normal 0 0 1
    outer loop
      vertex 3.87868 66.8787 2
      vertex 7.23109 53.55 2
      vertex 4.33329 66.5056 2
    endloop
  endfacet
  facet normal 0 0 1
    outer loop
      vertex 7.23109 53.55 2
      vertex 4.33329 8.49441 2
      vertex 4.85195 8.77164 2
    endloop
  endfacet
  facet normal 0 0 1
    outer loop
      vertex 3.50559 67.3333 2
      vertex 7.23109 53.55 2
      vertex 3.87868 66.8787 2
    endloop
  endfacet
  facet normal 0 0 1
    outer loop
      vertex 7.23109 53.55 2
      vertex 3.87868 8.12132 2
      vertex 4.33329 8.49441 2
    endloop
  endfacet
  facet normal 0 0 1
    outer loop
      vertex 3.22836 67.852 2
      vertex 7.23109 53.55 2
      vertex 3.50559 67.3333 2
    endloop
  endfacet
  facet normal 0 0 1
    outer loop
      vertex 7.23109 53.55 2
      vertex 3.50559 7.66671 2
      vertex 3.87868 8.12132 2
    endloop
  endfacet
  facet normal 0 0 1
    outer loop
      vertex 3.22836 7.14805 2
      vertex 7.23109 53.55 2
      vertex 3.22836 67.852 2
    endloop
  endfacet
  facet normal 0 0 1
    outer loop
      vertex 7.23109 53.55 2
      vertex 3.22836 7.14805 2
      vertex 3.50559 7.66671 2
    endloop
  endfacet
  facet normal 0 0 1
    outer loop
      vertex 3.05764 68.4147 2
      vertex 3.22836 7.14805 2
      vertex 3.22836 67.852 2
    endloop
  endfacet
  facet normal 0 0 1
    outer loop
      vertex 3.05764 68.4147 2
      vertex 3.05764 6.58527 2
      vertex 3.22836 7.14805 2
    endloop
  endfacet
  facet normal 0 0 1
    outer loop
      vertex 2 73 2
      vertex 3.05764 68.4147 2
      vertex 3 69 2
    endloop
  endfacet
  facet normal 0 0 1
    outer loop
      vertex 3.05764 68.4147 2
      vertex 2 73 2
      vertex 3.05764 6.58527 2
    endloop
  endfacet
  facet normal 0 0 1
    outer loop
      vertex 46.0609 63.2311 2
      vertex 50.0231 63.2311 2
      vertex 46.0609 63.8189 2
    endloop
  endfacet
  facet normal 0 0 1
    outer loop
      vertex 50.0231 63.2311 2
      vertex 46.0609 63.2311 2
      vertex 47.8109 60.2 2
    endloop
  endfacet
  facet normal -0 0 1
    outer loop
      vertex 42.5609 63.8189 2
      vertex 46.0609 63.2311 2
      vertex 46.0609 63.8189 2
    endloop
  endfacet
  facet normal 0 0 1
    outer loop
      vertex 42.5609 63.8189 2
      vertex 42.5609 63.2311 2
      vertex 46.0609 63.2311 2
    endloop
  endfacet
  facet normal 0 0 1
    outer loop
      vertex 38.5987 63.8189 2
      vertex 42.5609 63.8189 2
      vertex 40.8109 66.85 2
    endloop
  endfacet
  facet normal 0 0 1
    outer loop
      vertex 42.5609 63.8189 2
      vertex 38.5987 63.8189 2
      vertex 42.5609 63.2311 2
    endloop
  endfacet
  facet normal 0 0 1
    outer loop
      vertex 42.5609 63.2311 2
      vertex 38.5987 63.2311 2
      vertex 40.8109 60.2 2
    endloop
  endfacet
  facet normal 0 0 1
    outer loop
      vertex 40.8109 60.2 2
      vertex 38.5987 63.2311 2
      vertex 40.3487 60.2 2
    endloop
  endfacet
  facet normal -0 0 1
    outer loop
      vertex 35.0987 63.8189 2
      vertex 38.5987 63.2311 2
      vertex 38.5987 63.8189 2
    endloop
  endfacet
  facet normal 0 0 1
    outer loop
      vertex 35.0987 63.8189 2
      vertex 35.0987 63.2311 2
      vertex 38.5987 63.2311 2
    endloop
  endfacet
  facet normal 0 0 1
    outer loop
      vertex 31.1365 63.8189 2
      vertex 35.0987 63.8189 2
      vertex 33.3487 66.85 2
    endloop
  endfacet
  facet normal 0 0 1
    outer loop
      vertex 35.0987 63.8189 2
      vertex 31.1365 63.8189 2
      vertex 35.0987 63.2311 2
    endloop
  endfacet
  facet normal 0 0 1
    outer loop
      vertex 35.0987 63.2311 2
      vertex 31.1365 63.2311 2
      vertex 33.3487 60.2 2
    endloop
  endfacet
  facet normal 0 0 1
    outer loop
      vertex 33.3487 60.2 2
      vertex 31.1365 63.2311 2
      vertex 32.8865 60.2 2
    endloop
  endfacet
  facet normal -0 0 1
    outer loop
      vertex 27.6365 63.8189 2
      vertex 31.1365 63.2311 2
      vertex 31.1365 63.8189 2
    endloop
  endfacet
  facet normal 0 0 1
    outer loop
      vertex 27.6365 63.8189 2
      vertex 27.6365 63.2311 2
      vertex 31.1365 63.2311 2
    endloop
  endfacet
  facet normal 0 0 1
    outer loop
      vertex 23.6744 63.8189 2
      vertex 27.6365 63.8189 2
      vertex 25.8865 66.85 2
    endloop
  endfacet
  facet normal 0 0 1
    outer loop
      vertex 27.6365 63.8189 2
      vertex 23.6744 63.8189 2
      vertex 27.6365 63.2311 2
    endloop
  endfacet
  facet normal 0 0 1
    outer loop
      vertex 27.6365 63.2311 2
      vertex 23.6744 63.2311 2
      vertex 25.8865 60.2 2
    endloop
  endfacet
  facet normal 0 0 1
    outer loop
      vertex 25.8865 60.2 2
      vertex 23.6744 63.2311 2
      vertex 25.4244 60.2 2
    endloop
  endfacet
  facet normal -0 0 1
    outer loop
      vertex 20.1744 63.8189 2
      vertex 23.6744 63.2311 2
      vertex 23.6744 63.8189 2
    endloop
  endfacet
  facet normal 0 0 1
    outer loop
      vertex 20.1744 63.8189 2
      vertex 20.1744 63.2311 2
      vertex 23.6744 63.2311 2
    endloop
  endfacet
  facet normal 0 0 1
    outer loop
      vertex 16.2122 63.8189 2
      vertex 20.1744 63.8189 2
      vertex 18.4244 66.85 2
    endloop
  endfacet
  facet normal 0 0 1
    outer loop
      vertex 20.1744 63.8189 2
      vertex 16.2122 63.8189 2
      vertex 20.1744 63.2311 2
    endloop
  endfacet
  facet normal 0 0 1
    outer loop
      vertex 20.1744 63.2311 2
      vertex 16.2122 63.2311 2
      vertex 18.4244 60.2 2
    endloop
  endfacet
  facet normal 0 0 1
    outer loop
      vertex 18.4244 60.2 2
      vertex 16.2122 63.2311 2
      vertex 17.9622 60.2 2
    endloop
  endfacet
  facet normal -0 0 1
    outer loop
      vertex 12.7122 63.8189 2
      vertex 16.2122 63.2311 2
      vertex 16.2122 63.8189 2
    endloop
  endfacet
  facet normal 0 0 1
    outer loop
      vertex 12.7122 63.8189 2
      vertex 12.7122 63.2311 2
      vertex 16.2122 63.2311 2
    endloop
  endfacet
  facet normal -0 0 1
    outer loop
      vertex 7.66671 66.5056 2
      vertex 12.7122 63.8189 2
      vertex 10.9622 66.85 2
    endloop
  endfacet
  facet normal 0 0 1
    outer loop
      vertex 12.7122 63.8189 2
      vertex 7.66671 66.5056 2
      vertex 12.7122 63.2311 2
    endloop
  endfacet
  facet normal -0 0 1
    outer loop
      vertex 53.5231 30.5689 2
      vertex 55.2731 20.3 2
      vertex 55.2731 33.6 2
    endloop
  endfacet
  facet normal 0 0 1
    outer loop
      vertex 53.5231 30.5689 2
      vertex 53.5231 23.3311 2
      vertex 55.2731 20.3 2
    endloop
  endfacet
  facet normal 0 0 1
    outer loop
      vertex 53.5231 30.5689 2
      vertex 51.542 26.95 2
      vertex 53.5231 23.3311 2
    endloop
  endfacet
  facet normal 0 0 1
    outer loop
      vertex 49.792 29.9811 2
      vertex 53.5231 30.5689 2
      vertex 50.0231 30.5689 2
    endloop
  endfacet
  facet normal 0 0 1
    outer loop
      vertex 53.5231 30.5689 2
      vertex 49.792 29.9811 2
      vertex 51.542 26.95 2
    endloop
  endfacet
  facet normal 0 0 1
    outer loop
      vertex 46.0609 30.5689 2
      vertex 50.0231 30.5689 2
      vertex 48.2731 33.6 2
    endloop
  endfacet
  facet normal 0 0 1
    outer loop
      vertex 46.0609 30.5689 2
      vertex 48.2731 33.6 2
      vertex 47.8109 33.6 2
    endloop
  endfacet
  facet normal 0 0 1
    outer loop
      vertex 50.0231 30.5689 2
      vertex 46.0609 30.5689 2
      vertex 49.792 29.9811 2
    endloop
  endfacet
  facet normal 0 0 1
    outer loop
      vertex 49.792 29.9811 2
      vertex 46.0609 30.5689 2
      vertex 46.292 29.9811 2
    endloop
  endfacet
  facet normal 0 0 1
    outer loop
      vertex 42.3298 29.9811 2
      vertex 46.292 29.9811 2
      vertex 46.0609 30.5689 2
    endloop
  endfacet
  facet normal 0 0 1
    outer loop
      vertex 46.292 29.9811 2
      vertex 42.3298 29.9811 2
      vertex 44.542 26.95 2
    endloop
  endfacet
  facet normal 0 0 1
    outer loop
      vertex 42.3298 29.9811 2
      vertex 46.0609 30.5689 2
      vertex 42.5609 30.5689 2
    endloop
  endfacet
  facet normal 0 0 1
    outer loop
      vertex 44.542 26.95 2
      vertex 42.3298 29.9811 2
      vertex 44.0798 26.95 2
    endloop
  endfacet
  facet normal 0 0 1
    outer loop
      vertex 38.5987 30.5689 2
      vertex 42.5609 30.5689 2
      vertex 40.8109 33.6 2
    endloop
  endfacet
  facet normal 0 0 1
    outer loop
      vertex 38.5987 30.5689 2
      vertex 40.8109 33.6 2
      vertex 40.3487 33.6 2
    endloop
  endfacet
  facet normal 0 0 1
    outer loop
      vertex 42.5609 30.5689 2
      vertex 38.5987 30.5689 2
      vertex 42.3298 29.9811 2
    endloop
  endfacet
  facet normal 0 0 1
    outer loop
      vertex 42.3298 29.9811 2
      vertex 38.5987 30.5689 2
      vertex 38.8298 29.9811 2
    endloop
  endfacet
  facet normal 0 0 1
    outer loop
      vertex 34.8676 29.9811 2
      vertex 38.8298 29.9811 2
      vertex 38.5987 30.5689 2
    endloop
  endfacet
  facet normal 0 0 1
    outer loop
      vertex 38.8298 29.9811 2
      vertex 34.8676 29.9811 2
      vertex 37.0798 26.95 2
    endloop
  endfacet
  facet normal 0 0 1
    outer loop
      vertex 34.8676 29.9811 2
      vertex 38.5987 30.5689 2
      vertex 35.0987 30.5689 2
    endloop
  endfacet
  facet normal 0 0 1
    outer loop
      vertex 37.0798 26.95 2
      vertex 34.8676 29.9811 2
      vertex 36.6176 26.95 2
    endloop
  endfacet
  facet normal 0 0 1
    outer loop
      vertex 31.1365 30.5689 2
      vertex 35.0987 30.5689 2
      vertex 33.3487 33.6 2
    endloop
  endfacet
  facet normal 0 0 1
    outer loop
      vertex 31.1365 30.5689 2
      vertex 33.3487 33.6 2
      vertex 32.8865 33.6 2
    endloop
  endfacet
  facet normal 0 0 1
    outer loop
      vertex 35.0987 30.5689 2
      vertex 31.1365 30.5689 2
      vertex 34.8676 29.9811 2
    endloop
  endfacet
  facet normal 0 0 1
    outer loop
      vertex 34.8676 29.9811 2
      vertex 31.1365 30.5689 2
      vertex 31.3676 29.9811 2
    endloop
  endfacet
  facet normal 0 0 1
    outer loop
      vertex 27.4054 29.9811 2
      vertex 31.3676 29.9811 2
      vertex 31.1365 30.5689 2
    endloop
  endfacet
  facet normal 0 0 1
    outer loop
      vertex 31.3676 29.9811 2
      vertex 27.4054 29.9811 2
      vertex 29.6176 26.95 2
    endloop
  endfacet
  facet normal 0 0 1
    outer loop
      vertex 27.4054 29.9811 2
      vertex 31.1365 30.5689 2
      vertex 27.6365 30.5689 2
    endloop
  endfacet
  facet normal 0 0 1
    outer loop
      vertex 29.6176 26.95 2
      vertex 27.4054 29.9811 2
      vertex 29.1554 26.95 2
    endloop
  endfacet
  facet normal 0 0 1
    outer loop
      vertex 23.6744 30.5689 2
      vertex 27.6365 30.5689 2
      vertex 25.8865 33.6 2
    endloop
  endfacet
  facet normal 0 0 1
    outer loop
      vertex 23.6744 30.5689 2
      vertex 25.8865 33.6 2
      vertex 25.4244 33.6 2
    endloop
  endfacet
  facet normal 0 0 1
    outer loop
      vertex 27.6365 30.5689 2
      vertex 23.6744 30.5689 2
      vertex 27.4054 29.9811 2
    endloop
  endfacet
  facet normal 0 0 1
    outer loop
      vertex 27.4054 29.9811 2
      vertex 23.6744 30.5689 2
      vertex 23.9054 29.9811 2
    endloop
  endfacet
  facet normal 0 0 1
    outer loop
      vertex 19.9433 29.9811 2
      vertex 23.9054 29.9811 2
      vertex 23.6744 30.5689 2
    endloop
  endfacet
  facet normal 0 0 1
    outer loop
      vertex 23.9054 29.9811 2
      vertex 19.9433 29.9811 2
      vertex 22.1554 26.95 2
    endloop
  endfacet
  facet normal 0 0 1
    outer loop
      vertex 19.9433 29.9811 2
      vertex 23.6744 30.5689 2
      vertex 20.1744 30.5689 2
    endloop
  endfacet
  facet normal 0 0 1
    outer loop
      vertex 22.1554 26.95 2
      vertex 19.9433 29.9811 2
      vertex 21.6933 26.95 2
    endloop
  endfacet
  facet normal 0 0 1
    outer loop
      vertex 16.2122 30.5689 2
      vertex 20.1744 30.5689 2
      vertex 18.4244 33.6 2
    endloop
  endfacet
  facet normal 0 0 1
    outer loop
      vertex 16.2122 30.5689 2
      vertex 18.4244 33.6 2
      vertex 17.9622 33.6 2
    endloop
  endfacet
  facet normal 0 0 1
    outer loop
      vertex 20.1744 30.5689 2
      vertex 16.2122 30.5689 2
      vertex 19.9433 29.9811 2
    endloop
  endfacet
  facet normal 0 0 1
    outer loop
      vertex 19.9433 29.9811 2
      vertex 16.2122 30.5689 2
      vertex 16.4433 29.9811 2
    endloop
  endfacet
  facet normal 0 0 1
    outer loop
      vertex 12.4811 29.9811 2
      vertex 16.4433 29.9811 2
      vertex 16.2122 30.5689 2
    endloop
  endfacet
  facet normal 0 0 1
    outer loop
      vertex 16.4433 29.9811 2
      vertex 12.4811 29.9811 2
      vertex 14.6933 26.95 2
    endloop
  endfacet
  facet normal 0 0 1
    outer loop
      vertex 12.4811 29.9811 2
      vertex 16.2122 30.5689 2
      vertex 12.7122 30.5689 2
    endloop
  endfacet
  facet normal 0 0 1
    outer loop
      vertex 14.6933 26.95 2
      vertex 12.4811 29.9811 2
      vertex 14.2311 26.95 2
    endloop
  endfacet
  facet normal 0 0 1
    outer loop
      vertex 8.98109 29.9811 2
      vertex 12.7122 30.5689 2
      vertex 10.9622 33.6 2
    endloop
  endfacet
  facet normal 0 0 1
    outer loop
      vertex 8.98109 29.9811 2
      vertex 10.9622 33.6 2
      vertex 8.98109 37.2189 2
    endloop
  endfacet
  facet normal 0 0 1
    outer loop
      vertex 12.7122 30.5689 2
      vertex 8.98109 29.9811 2
      vertex 12.4811 29.9811 2
    endloop
  endfacet
  facet normal 0 0 1
    outer loop
      vertex 7.23109 40.25 2
      vertex 8.98109 29.9811 2
      vertex 8.98109 37.2189 2
    endloop
  endfacet
  facet normal 0 0 1
    outer loop
      vertex 8.98109 29.9811 2
      vertex 7.23109 40.25 2
      vertex 7.23109 26.95 2
    endloop
  endfacet
  facet normal -0 0 1
    outer loop
      vertex 53.5231 43.8689 2
      vertex 55.2731 33.6 2
      vertex 55.2731 46.9 2
    endloop
  endfacet
  facet normal 0 0 1
    outer loop
      vertex 53.5231 43.8689 2
      vertex 53.5231 36.6311 2
      vertex 55.2731 33.6 2
    endloop
  endfacet
  facet normal 0 0 1
    outer loop
      vertex 53.5231 43.8689 2
      vertex 51.542 40.25 2
      vertex 53.5231 36.6311 2
    endloop
  endfacet
  facet normal 0 0 1
    outer loop
      vertex 49.792 43.2811 2
      vertex 53.5231 43.8689 2
      vertex 50.0231 43.8689 2
    endloop
  endfacet
  facet normal 0 0 1
    outer loop
      vertex 53.5231 43.8689 2
      vertex 49.792 43.2811 2
      vertex 51.542 40.25 2
    endloop
  endfacet
  facet normal 0 0 1
    outer loop
      vertex 46.0609 43.8689 2
      vertex 50.0231 43.8689 2
      vertex 48.2731 46.9 2
    endloop
  endfacet
  facet normal 0 0 1
    outer loop
      vertex 46.0609 43.8689 2
      vertex 48.2731 46.9 2
      vertex 47.8109 46.9 2
    endloop
  endfacet
  facet normal 0 0 1
    outer loop
      vertex 50.0231 43.8689 2
      vertex 46.0609 43.8689 2
      vertex 49.792 43.2811 2
    endloop
  endfacet
  facet normal 0 0 1
    outer loop
      vertex 49.792 43.2811 2
      vertex 46.0609 43.8689 2
      vertex 46.292 43.2811 2
    endloop
  endfacet
  facet normal 0 0 1
    outer loop
      vertex 42.3298 43.2811 2
      vertex 46.292 43.2811 2
      vertex 46.0609 43.8689 2
    endloop
  endfacet
  facet normal 0 0 1
    outer loop
      vertex 46.292 43.2811 2
      vertex 42.3298 43.2811 2
      vertex 44.542 40.25 2
    endloop
  endfacet
  facet normal 0 0 1
    outer loop
      vertex 42.3298 43.2811 2
      vertex 46.0609 43.8689 2
      vertex 42.5609 43.8689 2
    endloop
  endfacet
  facet normal 0 0 1
    outer loop
      vertex 44.542 40.25 2
      vertex 42.3298 43.2811 2
      vertex 44.0798 40.25 2
    endloop
  endfacet
  facet normal 0 0 1
    outer loop
      vertex 38.5987 43.8689 2
      vertex 42.5609 43.8689 2
      vertex 40.8109 46.9 2
    endloop
  endfacet
  facet normal 0 0 1
    outer loop
      vertex 38.5987 43.8689 2
      vertex 40.8109 46.9 2
      vertex 40.3487 46.9 2
    endloop
  endfacet
  facet normal 0 0 1
    outer loop
      vertex 42.5609 43.8689 2
      vertex 38.5987 43.8689 2
      vertex 42.3298 43.2811 2
    endloop
  endfacet
  facet normal 0 0 1
    outer loop
      vertex 42.3298 43.2811 2
      vertex 38.5987 43.8689 2
      vertex 38.8298 43.2811 2
    endloop
  endfacet
  facet normal 0 0 1
    outer loop
      vertex 34.8676 43.2811 2
      vertex 38.8298 43.2811 2
      vertex 38.5987 43.8689 2
    endloop
  endfacet
  facet normal 0 0 1
    outer loop
      vertex 38.8298 43.2811 2
      vertex 34.8676 43.2811 2
      vertex 37.0798 40.25 2
    endloop
  endfacet
  facet normal 0 0 1
    outer loop
      vertex 34.8676 43.2811 2
      vertex 38.5987 43.8689 2
      vertex 35.0987 43.8689 2
    endloop
  endfacet
  facet normal 0 0 1
    outer loop
      vertex 37.0798 40.25 2
      vertex 34.8676 43.2811 2
      vertex 36.6176 40.25 2
    endloop
  endfacet
  facet normal 0 0 1
    outer loop
      vertex 31.1365 43.8689 2
      vertex 35.0987 43.8689 2
      vertex 33.3487 46.9 2
    endloop
  endfacet
  facet normal 0 0 1
    outer loop
      vertex 31.1365 43.8689 2
      vertex 33.3487 46.9 2
      vertex 32.8865 46.9 2
    endloop
  endfacet
  facet normal 0 0 1
    outer loop
      vertex 35.0987 43.8689 2
      vertex 31.1365 43.8689 2
      vertex 34.8676 43.2811 2
    endloop
  endfacet
  facet normal 0 0 1
    outer loop
      vertex 34.8676 43.2811 2
      vertex 31.1365 43.8689 2
      vertex 31.3676 43.2811 2
    endloop
  endfacet
  facet normal 0 0 1
    outer loop
      vertex 27.4054 43.2811 2
      vertex 31.3676 43.2811 2
      vertex 31.1365 43.8689 2
    endloop
  endfacet
  facet normal 0 0 1
    outer loop
      vertex 31.3676 43.2811 2
      vertex 27.4054 43.2811 2
      vertex 29.6176 40.25 2
    endloop
  endfacet
  facet normal 0 0 1
    outer loop
      vertex 27.4054 43.2811 2
      vertex 31.1365 43.8689 2
      vertex 27.6365 43.8689 2
    endloop
  endfacet
  facet normal 0 0 1
    outer loop
      vertex 29.6176 40.25 2
      vertex 27.4054 43.2811 2
      vertex 29.1554 40.25 2
    endloop
  endfacet
  facet normal 0 0 1
    outer loop
      vertex 23.6744 43.8689 2
      vertex 27.6365 43.8689 2
      vertex 25.8865 46.9 2
    endloop
  endfacet
  facet normal 0 0 1
    outer loop
      vertex 23.6744 43.8689 2
      vertex 25.8865 46.9 2
      vertex 25.4244 46.9 2
    endloop
  endfacet
  facet normal 0 0 1
    outer loop
      vertex 27.6365 43.8689 2
      vertex 23.6744 43.8689 2
      vertex 27.4054 43.2811 2
    endloop
  endfacet
  facet normal 0 0 1
    outer loop
      vertex 27.4054 43.2811 2
      vertex 23.6744 43.8689 2
      vertex 23.9054 43.2811 2
    endloop
  endfacet
  facet normal 0 0 1
    outer loop
      vertex 19.9433 43.2811 2
      vertex 23.9054 43.2811 2
      vertex 23.6744 43.8689 2
    endloop
  endfacet
  facet normal 0 0 1
    outer loop
      vertex 23.9054 43.2811 2
      vertex 19.9433 43.2811 2
      vertex 22.1554 40.25 2
    endloop
  endfacet
  facet normal 0 0 1
    outer loop
      vertex 19.9433 43.2811 2
      vertex 23.6744 43.8689 2
      vertex 20.1744 43.8689 2
    endloop
  endfacet
  facet normal 0 0 1
    outer loop
      vertex 22.1554 40.25 2
      vertex 19.9433 43.2811 2
      vertex 21.6933 40.25 2
    endloop
  endfacet
  facet normal 0 0 1
    outer loop
      vertex 16.2122 43.8689 2
      vertex 20.1744 43.8689 2
      vertex 18.4244 46.9 2
    endloop
  endfacet
  facet normal 0 0 1
    outer loop
      vertex 16.2122 43.8689 2
      vertex 18.4244 46.9 2
      vertex 17.9622 46.9 2
    endloop
  endfacet
  facet normal 0 0 1
    outer loop
      vertex 20.1744 43.8689 2
      vertex 16.2122 43.8689 2
      vertex 19.9433 43.2811 2
    endloop
  endfacet
  facet normal 0 0 1
    outer loop
      vertex 19.9433 43.2811 2
      vertex 16.2122 43.8689 2
      vertex 16.4433 43.2811 2
    endloop
  endfacet
  facet normal 0 0 1
    outer loop
      vertex 12.4811 43.2811 2
      vertex 16.4433 43.2811 2
      vertex 16.2122 43.8689 2
    endloop
  endfacet
  facet normal 0 0 1
    outer loop
      vertex 16.4433 43.2811 2
      vertex 12.4811 43.2811 2
      vertex 14.6933 40.25 2
    endloop
  endfacet
  facet normal 0 0 1
    outer loop
      vertex 12.4811 43.2811 2
      vertex 16.2122 43.8689 2
      vertex 12.7122 43.8689 2
    endloop
  endfacet
  facet normal 0 0 1
    outer loop
      vertex 14.6933 40.25 2
      vertex 12.4811 43.2811 2
      vertex 14.2311 40.25 2
    endloop
  endfacet
  facet normal 0 0 1
    outer loop
      vertex 8.98109 43.2811 2
      vertex 12.7122 43.8689 2
      vertex 10.9622 46.9 2
    endloop
  endfacet
  facet normal 0 0 1
    outer loop
      vertex 8.98109 43.2811 2
      vertex 10.9622 46.9 2
      vertex 8.98109 50.5189 2
    endloop
  endfacet
  facet normal 0 0 1
    outer loop
      vertex 12.7122 43.8689 2
      vertex 8.98109 43.2811 2
      vertex 12.4811 43.2811 2
    endloop
  endfacet
  facet normal 0 0 1
    outer loop
      vertex 7.23109 53.55 2
      vertex 8.98109 43.2811 2
      vertex 8.98109 50.5189 2
    endloop
  endfacet
  facet normal 0 0 1
    outer loop
      vertex 8.98109 43.2811 2
      vertex 7.23109 53.55 2
      vertex 7.23109 40.25 2
    endloop
  endfacet
  facet normal -0 0 1
    outer loop
      vertex 53.5231 57.1689 2
      vertex 55.2731 46.9 2
      vertex 55.2731 60.2 2
    endloop
  endfacet
  facet normal 0 0 1
    outer loop
      vertex 53.5231 57.1689 2
      vertex 53.5231 49.9311 2
      vertex 55.2731 46.9 2
    endloop
  endfacet
  facet normal 0 0 1
    outer loop
      vertex 53.5231 57.1689 2
      vertex 51.542 53.55 2
      vertex 53.5231 49.9311 2
    endloop
  endfacet
  facet normal 0 0 1
    outer loop
      vertex 49.792 56.5811 2
      vertex 53.5231 57.1689 2
      vertex 50.0231 57.1689 2
    endloop
  endfacet
  facet normal 0 0 1
    outer loop
      vertex 53.5231 57.1689 2
      vertex 49.792 56.5811 2
      vertex 51.542 53.55 2
    endloop
  endfacet
  facet normal 0 0 1
    outer loop
      vertex 46.0609 57.1689 2
      vertex 50.0231 57.1689 2
      vertex 48.2731 60.2 2
    endloop
  endfacet
  facet normal 0 0 1
    outer loop
      vertex 50.0231 63.2311 2
      vertex 47.8109 60.2 2
      vertex 48.2731 60.2 2
    endloop
  endfacet
  facet normal 0 0 1
    outer loop
      vertex 46.0609 57.1689 2
      vertex 48.2731 60.2 2
      vertex 47.8109 60.2 2
    endloop
  endfacet
  facet normal 0 0 1
    outer loop
      vertex 50.0231 57.1689 2
      vertex 46.0609 57.1689 2
      vertex 49.792 56.5811 2
    endloop
  endfacet
  facet normal 0 0 1
    outer loop
      vertex 49.792 56.5811 2
      vertex 46.0609 57.1689 2
      vertex 46.292 56.5811 2
    endloop
  endfacet
  facet normal 0 0 1
    outer loop
      vertex 42.3298 56.5811 2
      vertex 46.292 56.5811 2
      vertex 46.0609 57.1689 2
    endloop
  endfacet
  facet normal 0 0 1
    outer loop
      vertex 46.292 56.5811 2
      vertex 42.3298 56.5811 2
      vertex 44.542 53.55 2
    endloop
  endfacet
  facet normal 0 0 1
    outer loop
      vertex 42.3298 56.5811 2
      vertex 46.0609 57.1689 2
      vertex 42.5609 57.1689 2
    endloop
  endfacet
  facet normal 0 0 1
    outer loop
      vertex 44.542 53.55 2
      vertex 42.3298 56.5811 2
      vertex 44.0798 53.55 2
    endloop
  endfacet
  facet normal 0 0 1
    outer loop
      vertex 38.5987 57.1689 2
      vertex 42.5609 57.1689 2
      vertex 40.8109 60.2 2
    endloop
  endfacet
  facet normal 0 0 1
    outer loop
      vertex 38.5987 63.2311 2
      vertex 42.5609 63.2311 2
      vertex 38.5987 63.8189 2
    endloop
  endfacet
  facet normal 0 0 1
    outer loop
      vertex 38.5987 57.1689 2
      vertex 40.8109 60.2 2
      vertex 40.3487 60.2 2
    endloop
  endfacet
  facet normal 0 0 1
    outer loop
      vertex 42.5609 57.1689 2
      vertex 38.5987 57.1689 2
      vertex 42.3298 56.5811 2
    endloop
  endfacet
  facet normal 0 0 1
    outer loop
      vertex 42.3298 56.5811 2
      vertex 38.5987 57.1689 2
      vertex 38.8298 56.5811 2
    endloop
  endfacet
  facet normal 0 0 1
    outer loop
      vertex 34.8676 56.5811 2
      vertex 38.8298 56.5811 2
      vertex 38.5987 57.1689 2
    endloop
  endfacet
  facet normal 0 0 1
    outer loop
      vertex 38.8298 56.5811 2
      vertex 34.8676 56.5811 2
      vertex 37.0798 53.55 2
    endloop
  endfacet
  facet normal 0 0 1
    outer loop
      vertex 34.8676 56.5811 2
      vertex 38.5987 57.1689 2
      vertex 35.0987 57.1689 2
    endloop
  endfacet
  facet normal 0 0 1
    outer loop
      vertex 37.0798 53.55 2
      vertex 34.8676 56.5811 2
      vertex 36.6176 53.55 2
    endloop
  endfacet
  facet normal 0 0 1
    outer loop
      vertex 31.1365 57.1689 2
      vertex 35.0987 57.1689 2
      vertex 33.3487 60.2 2
    endloop
  endfacet
  facet normal 0 0 1
    outer loop
      vertex 31.1365 63.2311 2
      vertex 35.0987 63.2311 2
      vertex 31.1365 63.8189 2
    endloop
  endfacet
  facet normal 0 0 1
    outer loop
      vertex 31.1365 57.1689 2
      vertex 33.3487 60.2 2
      vertex 32.8865 60.2 2
    endloop
  endfacet
  facet normal 0 0 1
    outer loop
      vertex 35.0987 57.1689 2
      vertex 31.1365 57.1689 2
      vertex 34.8676 56.5811 2
    endloop
  endfacet
  facet normal 0 0 1
    outer loop
      vertex 34.8676 56.5811 2
      vertex 31.1365 57.1689 2
      vertex 31.3676 56.5811 2
    endloop
  endfacet
  facet normal 0 0 1
    outer loop
      vertex 27.4054 56.5811 2
      vertex 31.3676 56.5811 2
      vertex 31.1365 57.1689 2
    endloop
  endfacet
  facet normal 0 0 1
    outer loop
      vertex 31.3676 56.5811 2
      vertex 27.4054 56.5811 2
      vertex 29.6176 53.55 2
    endloop
  endfacet
  facet normal 0 0 1
    outer loop
      vertex 27.4054 56.5811 2
      vertex 31.1365 57.1689 2
      vertex 27.6365 57.1689 2
    endloop
  endfacet
  facet normal 0 0 1
    outer loop
      vertex 29.6176 53.55 2
      vertex 27.4054 56.5811 2
      vertex 29.1554 53.55 2
    endloop
  endfacet
  facet normal 0 0 1
    outer loop
      vertex 23.6744 57.1689 2
      vertex 27.6365 57.1689 2
      vertex 25.8865 60.2 2
    endloop
  endfacet
  facet normal 0 0 1
    outer loop
      vertex 23.6744 63.2311 2
      vertex 27.6365 63.2311 2
      vertex 23.6744 63.8189 2
    endloop
  endfacet
  facet normal 0 0 1
    outer loop
      vertex 23.6744 57.1689 2
      vertex 25.8865 60.2 2
      vertex 25.4244 60.2 2
    endloop
  endfacet
  facet normal 0 0 1
    outer loop
      vertex 27.6365 57.1689 2
      vertex 23.6744 57.1689 2
      vertex 27.4054 56.5811 2
    endloop
  endfacet
  facet normal 0 0 1
    outer loop
      vertex 27.4054 56.5811 2
      vertex 23.6744 57.1689 2
      vertex 23.9054 56.5811 2
    endloop
  endfacet
  facet normal 0 0 1
    outer loop
      vertex 19.9433 56.5811 2
      vertex 23.9054 56.5811 2
      vertex 23.6744 57.1689 2
    endloop
  endfacet
  facet normal 0 0 1
    outer loop
      vertex 23.9054 56.5811 2
      vertex 19.9433 56.5811 2
      vertex 22.1554 53.55 2
    endloop
  endfacet
  facet normal 0 0 1
    outer loop
      vertex 19.9433 56.5811 2
      vertex 23.6744 57.1689 2
      vertex 20.1744 57.1689 2
    endloop
  endfacet
  facet normal 0 0 1
    outer loop
      vertex 22.1554 53.55 2
      vertex 19.9433 56.5811 2
      vertex 21.6933 53.55 2
    endloop
  endfacet
  facet normal 0 0 1
    outer loop
      vertex 16.2122 57.1689 2
      vertex 20.1744 57.1689 2
      vertex 18.4244 60.2 2
    endloop
  endfacet
  facet normal 0 0 1
    outer loop
      vertex 16.2122 63.2311 2
      vertex 20.1744 63.2311 2
      vertex 16.2122 63.8189 2
    endloop
  endfacet
  facet normal 0 0 1
    outer loop
      vertex 16.2122 57.1689 2
      vertex 18.4244 60.2 2
      vertex 17.9622 60.2 2
    endloop
  endfacet
  facet normal 0 0 1
    outer loop
      vertex 20.1744 57.1689 2
      vertex 16.2122 57.1689 2
      vertex 19.9433 56.5811 2
    endloop
  endfacet
  facet normal 0 0 1
    outer loop
      vertex 19.9433 56.5811 2
      vertex 16.2122 57.1689 2
      vertex 16.4433 56.5811 2
    endloop
  endfacet
  facet normal 0 0 1
    outer loop
      vertex 12.4811 56.5811 2
      vertex 16.4433 56.5811 2
      vertex 16.2122 57.1689 2
    endloop
  endfacet
  facet normal 0 0 1
    outer loop
      vertex 16.4433 56.5811 2
      vertex 12.4811 56.5811 2
      vertex 14.6933 53.55 2
    endloop
  endfacet
  facet normal 0 0 1
    outer loop
      vertex 12.4811 56.5811 2
      vertex 16.2122 57.1689 2
      vertex 12.7122 57.1689 2
    endloop
  endfacet
  facet normal 0 0 1
    outer loop
      vertex 14.6933 53.55 2
      vertex 12.4811 56.5811 2
      vertex 14.2311 53.55 2
    endloop
  endfacet
  facet normal 0 0 1
    outer loop
      vertex 8.98109 56.5811 2
      vertex 12.7122 57.1689 2
      vertex 10.9622 60.2 2
    endloop
  endfacet
  facet normal 0 0 1
    outer loop
      vertex 12.7122 57.1689 2
      vertex 8.98109 56.5811 2
      vertex 12.4811 56.5811 2
    endloop
  endfacet
  facet normal -0 0 1
    outer loop
      vertex 8.77164 67.852 2
      vertex 10.9622 66.85 2
      vertex 8.94236 68.4147 2
    endloop
  endfacet
  facet normal -0 0 1
    outer loop
      vertex 8.49441 67.3333 2
      vertex 10.9622 66.85 2
      vertex 8.77164 67.852 2
    endloop
  endfacet
  facet normal -0 0 1
    outer loop
      vertex 8.12132 66.8787 2
      vertex 10.9622 66.85 2
      vertex 8.49441 67.3333 2
    endloop
  endfacet
  facet normal 0 0 1
    outer loop
      vertex 7.66671 66.5056 2
      vertex 10.9622 66.85 2
      vertex 8.12132 66.8787 2
    endloop
  endfacet
  facet normal 0 0 1
    outer loop
      vertex 12.7122 63.2311 2
      vertex 7.66671 66.5056 2
      vertex 10.9622 60.2 2
    endloop
  endfacet
  facet normal -0 0 1
    outer loop
      vertex 7.14805 66.2284 2
      vertex 10.9622 60.2 2
      vertex 7.66671 66.5056 2
    endloop
  endfacet
  facet normal -0 0 1
    outer loop
      vertex 6.58527 66.0576 2
      vertex 10.9622 60.2 2
      vertex 7.14805 66.2284 2
    endloop
  endfacet
  facet normal 0 0 0
    outer loop
      vertex 7.23109 53.55 2
      vertex 7.23109 26.95 2
      vertex 7.23109 40.25 2
    endloop
  endfacet
  facet normal 0 0 1
    outer loop
      vertex 7.14805 8.77164 2
      vertex 7.23109 26.95 2
      vertex 7.23109 53.55 2
    endloop
  endfacet
  facet normal 0 0 1
    outer loop
      vertex 10.9622 60.2 2
      vertex 6 66 2
      vertex 8.98109 56.5811 2
    endloop
  endfacet
  facet normal -0 0 1
    outer loop
      vertex 6 66 2
      vertex 10.9622 60.2 2
      vertex 6.58527 66.0576 2
    endloop
  endfacet
  facet normal 0 0 1
    outer loop
      vertex 58 73 2
      vertex 55.2731 33.6 2
      vertex 58 2 2
    endloop
  endfacet
  facet normal 0 0 1
    outer loop
      vertex 58 2 2
      vertex 56.9424 6.58527 2
      vertex 57 6 2
    endloop
  endfacet
  facet normal 0 0 1
    outer loop
      vertex 55.2731 60.2 2
      vertex 56.9424 68.4147 2
      vertex 56.7716 67.852 2
    endloop
  endfacet
  facet normal -0 0 1
    outer loop
      vertex 55.2731 20.3 2
      vertex 58 2 2
      vertex 55.2731 33.6 2
    endloop
  endfacet
  facet normal 0 0 1
    outer loop
      vertex 55.2731 60.2 2
      vertex 56.7716 67.852 2
      vertex 56.4944 67.3333 2
    endloop
  endfacet
  facet normal 0 0 1
    outer loop
      vertex 58 2 2
      vertex 55.2731 20.3 2
      vertex 56.9424 6.58527 2
    endloop
  endfacet
  facet normal 0 0 1
    outer loop
      vertex 55.2731 60.2 2
      vertex 56.4944 67.3333 2
      vertex 56.1213 66.8787 2
    endloop
  endfacet
  facet normal 0 0 1
    outer loop
      vertex 56.9424 68.4147 2
      vertex 55.2731 46.9 2
      vertex 55.2731 33.6 2
    endloop
  endfacet
  facet normal 0 0 1
    outer loop
      vertex 55.2731 60.2 2
      vertex 56.1213 66.8787 2
      vertex 55.6667 66.5056 2
    endloop
  endfacet
  facet normal 0 0 1
    outer loop
      vertex 56.9424 6.58527 2
      vertex 55.2731 20.3 2
      vertex 56.7716 7.14805 2
    endloop
  endfacet
  facet normal 0 0 1
    outer loop
      vertex 56.9424 68.4147 2
      vertex 55.2731 60.2 2
      vertex 55.2731 46.9 2
    endloop
  endfacet
  facet normal -0 0 1
    outer loop
      vertex 55.148 66.2284 2
      vertex 55.2731 60.2 2
      vertex 55.6667 66.5056 2
    endloop
  endfacet
  facet normal 0 0 1
    outer loop
      vertex 53.5231 63.2311 2
      vertex 55.148 66.2284 2
      vertex 54.5853 66.0576 2
    endloop
  endfacet
  facet normal 0 0 1
    outer loop
      vertex 53.5231 63.2311 2
      vertex 54.5853 66.0576 2
      vertex 54 66 2
    endloop
  endfacet
  facet normal 0 0 1
    outer loop
      vertex 55.148 66.2284 2
      vertex 53.5231 63.2311 2
      vertex 55.2731 60.2 2
    endloop
  endfacet
  facet normal 0 0 1
    outer loop
      vertex 53.4147 66.0576 2
      vertex 53.5231 63.2311 2
      vertex 54 66 2
    endloop
  endfacet
  facet normal 0 0 1
    outer loop
      vertex 52.852 66.2284 2
      vertex 53.5231 63.2311 2
      vertex 53.4147 66.0576 2
    endloop
  endfacet
  facet normal 0 0 1
    outer loop
      vertex 50.0231 63.2311 2
      vertex 52.852 66.2284 2
      vertex 52.3333 66.5056 2
    endloop
  endfacet
  facet normal 0 0 1
    outer loop
      vertex 50.0231 63.2311 2
      vertex 52.3333 66.5056 2
      vertex 51.8787 66.8787 2
    endloop
  endfacet
  facet normal 0 0 1
    outer loop
      vertex 50.0231 63.2311 2
      vertex 51.8787 66.8787 2
      vertex 51.5056 67.3333 2
    endloop
  endfacet
  facet normal 0 0 1
    outer loop
      vertex 47.8109 66.85 2
      vertex 51.5056 67.3333 2
      vertex 51.2284 67.852 2
    endloop
  endfacet
  facet normal 0 0 1
    outer loop
      vertex 52.852 66.2284 2
      vertex 50.0231 63.2311 2
      vertex 53.5231 63.2311 2
    endloop
  endfacet
  facet normal 0 0 1
    outer loop
      vertex 47.8109 66.85 2
      vertex 51.2284 67.852 2
      vertex 51.0576 68.4147 2
    endloop
  endfacet
  facet normal 0 0 1
    outer loop
      vertex 47.8109 66.85 2
      vertex 51.0576 68.4147 2
      vertex 51 69 2
    endloop
  endfacet
  facet normal 0 0 1
    outer loop
      vertex 56.9424 68.4147 2
      vertex 58 73 2
      vertex 57 69 2
    endloop
  endfacet
  facet normal 0 0 1
    outer loop
      vertex 58 73 2
      vertex 56.9424 69.5853 2
      vertex 57 69 2
    endloop
  endfacet
  facet normal 0 0 1
    outer loop
      vertex 58 73 2
      vertex 56.7716 70.148 2
      vertex 56.9424 69.5853 2
    endloop
  endfacet
  facet normal 0 0 1
    outer loop
      vertex 58 73 2
      vertex 56.4944 70.6667 2
      vertex 56.7716 70.148 2
    endloop
  endfacet
  facet normal 0 0 1
    outer loop
      vertex 58 73 2
      vertex 56.1213 71.1213 2
      vertex 56.4944 70.6667 2
    endloop
  endfacet
  facet normal 0 0 1
    outer loop
      vertex 58 73 2
      vertex 55.6667 71.4944 2
      vertex 56.1213 71.1213 2
    endloop
  endfacet
  facet normal 0 0 1
    outer loop
      vertex 58 73 2
      vertex 55.148 71.7716 2
      vertex 55.6667 71.4944 2
    endloop
  endfacet
  facet normal 0 0 1
    outer loop
      vertex 58 73 2
      vertex 54.5853 71.9424 2
      vertex 55.148 71.7716 2
    endloop
  endfacet
  facet normal 0 0 1
    outer loop
      vertex 58 73 2
      vertex 54 72 2
      vertex 54.5853 71.9424 2
    endloop
  endfacet
  facet normal 0 0 1
    outer loop
      vertex 58 73 2
      vertex 53.4147 71.9424 2
      vertex 54 72 2
    endloop
  endfacet
  facet normal 0 0 1
    outer loop
      vertex 46.0609 69.8811 2
      vertex 51 69 2
      vertex 51.0576 69.5853 2
    endloop
  endfacet
  facet normal 0 0 1
    outer loop
      vertex 51.5056 67.3333 2
      vertex 47.8109 66.85 2
      vertex 50.0231 63.2311 2
    endloop
  endfacet
  facet normal -0 0 1
    outer loop
      vertex 46.0609 63.8189 2
      vertex 50.0231 63.2311 2
      vertex 47.8109 66.85 2
    endloop
  endfacet
  facet normal -0 0 1
    outer loop
      vertex 46.0609 69.8811 2
      vertex 51.0576 69.5853 2
      vertex 51.2284 70.148 2
    endloop
  endfacet
  facet normal 0 0 1
    outer loop
      vertex 46.0609 69.8811 2
      vertex 51.2284 70.148 2
      vertex 51.5056 70.6667 2
    endloop
  endfacet
  facet normal 0 0 1
    outer loop
      vertex 46.0609 69.8811 2
      vertex 51.5056 70.6667 2
      vertex 51.8787 71.1213 2
    endloop
  endfacet
  facet normal 0 0 1
    outer loop
      vertex 51 69 2
      vertex 46.0609 69.8811 2
      vertex 47.8109 66.85 2
    endloop
  endfacet
  facet normal 0 0 1
    outer loop
      vertex 52.3333 71.4944 2
      vertex 46.0609 69.8811 2
      vertex 51.8787 71.1213 2
    endloop
  endfacet
  facet normal 0 0 1
    outer loop
      vertex 52.852 71.7716 2
      vertex 46.0609 69.8811 2
      vertex 52.3333 71.4944 2
    endloop
  endfacet
  facet normal 0 0 1
    outer loop
      vertex 38.5987 69.8811 2
      vertex 52.852 71.7716 2
      vertex 53.4147 71.9424 2
    endloop
  endfacet
  facet normal 0 0 1
    outer loop
      vertex 52.852 71.7716 2
      vertex 42.5609 69.8811 2
      vertex 46.0609 69.8811 2
    endloop
  endfacet
  facet normal 0 0 1
    outer loop
      vertex 35.0987 69.8811 2
      vertex 53.4147 71.9424 2
      vertex 58 73 2
    endloop
  endfacet
  facet normal 0 0 1
    outer loop
      vertex 38.5987 63.8189 2
      vertex 40.8109 66.85 2
      vertex 40.3487 66.85 2
    endloop
  endfacet
  facet normal 0 0 1
    outer loop
      vertex 42.5609 69.8811 2
      vertex 40.3487 66.85 2
      vertex 40.8109 66.85 2
    endloop
  endfacet
  facet normal 0 0 1
    outer loop
      vertex 42.5609 69.8811 2
      vertex 38.5987 69.8811 2
      vertex 40.3487 66.85 2
    endloop
  endfacet
  facet normal 0 0 1
    outer loop
      vertex 52.852 71.7716 2
      vertex 38.5987 69.8811 2
      vertex 42.5609 69.8811 2
    endloop
  endfacet
  facet normal 0 0 1
    outer loop
      vertex 53.4147 71.9424 2
      vertex 35.0987 69.8811 2
      vertex 38.5987 69.8811 2
    endloop
  endfacet
  facet normal 0 0 1
    outer loop
      vertex 31.1365 63.8189 2
      vertex 33.3487 66.85 2
      vertex 32.8865 66.85 2
    endloop
  endfacet
  facet normal 0 0 1
    outer loop
      vertex 35.0987 69.8811 2
      vertex 32.8865 66.85 2
      vertex 33.3487 66.85 2
    endloop
  endfacet
  facet normal 0 0 1
    outer loop
      vertex 35.0987 69.8811 2
      vertex 31.1365 69.8811 2
      vertex 32.8865 66.85 2
    endloop
  endfacet
  facet normal 0 0 1
    outer loop
      vertex 58 73 2
      vertex 31.1365 69.8811 2
      vertex 35.0987 69.8811 2
    endloop
  endfacet
  facet normal 0 0 1
    outer loop
      vertex 58 73 2
      vertex 27.6365 69.8811 2
      vertex 31.1365 69.8811 2
    endloop
  endfacet
  facet normal 0 0 1
    outer loop
      vertex 23.6744 63.8189 2
      vertex 25.8865 66.85 2
      vertex 25.4244 66.85 2
    endloop
  endfacet
  facet normal 0 0 1
    outer loop
      vertex 27.6365 69.8811 2
      vertex 25.4244 66.85 2
      vertex 25.8865 66.85 2
    endloop
  endfacet
  facet normal 0 0 1
    outer loop
      vertex 27.6365 69.8811 2
      vertex 23.6744 69.8811 2
      vertex 25.4244 66.85 2
    endloop
  endfacet
  facet normal -0 0 1
    outer loop
      vertex 2 73 2
      vertex 27.6365 69.8811 2
      vertex 58 73 2
    endloop
  endfacet
  facet normal -0 -0 1
    outer loop
      vertex 6.58527 71.9424 2
      vertex 27.6365 69.8811 2
      vertex 2 73 2
    endloop
  endfacet
  facet normal 0 0 1
    outer loop
      vertex 16.2122 63.8189 2
      vertex 18.4244 66.85 2
      vertex 17.9622 66.85 2
    endloop
  endfacet
  facet normal 0 0 1
    outer loop
      vertex 20.1744 69.8811 2
      vertex 17.9622 66.85 2
      vertex 18.4244 66.85 2
    endloop
  endfacet
  facet normal 0 0 1
    outer loop
      vertex 20.1744 69.8811 2
      vertex 16.2122 69.8811 2
      vertex 17.9622 66.85 2
    endloop
  endfacet
  facet normal 0 0 1
    outer loop
      vertex 23.6744 69.8811 2
      vertex 6.58527 71.9424 2
      vertex 20.1744 69.8811 2
    endloop
  endfacet
  facet normal -0 -0 1
    outer loop
      vertex 7.14805 71.7716 2
      vertex 20.1744 69.8811 2
      vertex 6.58527 71.9424 2
    endloop
  endfacet
  facet normal -0 0 1
    outer loop
      vertex 8.94236 68.4147 2
      vertex 10.9622 66.85 2
      vertex 9 69 2
    endloop
  endfacet
  facet normal 0 0 1
    outer loop
      vertex 12.7122 69.8811 2
      vertex 9 69 2
      vertex 10.9622 66.85 2
    endloop
  endfacet
  facet normal 0 0 1
    outer loop
      vertex 12.7122 69.8811 2
      vertex 8.94236 69.5853 2
      vertex 9 69 2
    endloop
  endfacet
  facet normal 0 0 1
    outer loop
      vertex 12.7122 69.8811 2
      vertex 8.77164 70.148 2
      vertex 8.94236 69.5853 2
    endloop
  endfacet
  facet normal -0 -0 1
    outer loop
      vertex 7.66671 71.4944 2
      vertex 16.2122 69.8811 2
      vertex 7.14805 71.7716 2
    endloop
  endfacet
  facet normal 0 0 1
    outer loop
      vertex 12.7122 69.8811 2
      vertex 8.49441 70.6667 2
      vertex 8.77164 70.148 2
    endloop
  endfacet
  facet normal 0 0 1
    outer loop
      vertex 12.7122 69.8811 2
      vertex 8.12132 71.1213 2
      vertex 8.49441 70.6667 2
    endloop
  endfacet
  facet normal 0 0 1
    outer loop
      vertex 12.7122 69.8811 2
      vertex 7.66671 71.4944 2
      vertex 8.12132 71.1213 2
    endloop
  endfacet
  facet normal 0 0 1
    outer loop
      vertex 16.2122 69.8811 2
      vertex 7.66671 71.4944 2
      vertex 12.7122 69.8811 2
    endloop
  endfacet
  facet normal 0 0 1
    outer loop
      vertex 20.1744 69.8811 2
      vertex 7.14805 71.7716 2
      vertex 16.2122 69.8811 2
    endloop
  endfacet
  facet normal 0 0 1
    outer loop
      vertex 27.6365 69.8811 2
      vertex 6.58527 71.9424 2
      vertex 23.6744 69.8811 2
    endloop
  endfacet
  facet normal 0 0 1
    outer loop
      vertex 2 2 2
      vertex 3.05764 6.58527 2
      vertex 2 73 2
    endloop
  endfacet
  facet normal 0 0 1
    outer loop
      vertex 3.05764 69.5853 2
      vertex 2 73 2
      vertex 3 69 2
    endloop
  endfacet
  facet normal 0 0 1
    outer loop
      vertex 3.22836 70.148 2
      vertex 2 73 2
      vertex 3.05764 69.5853 2
    endloop
  endfacet
  facet normal 0 0 1
    outer loop
      vertex 3.50559 70.6667 2
      vertex 2 73 2
      vertex 3.22836 70.148 2
    endloop
  endfacet
  facet normal 0 0 1
    outer loop
      vertex 3.87868 71.1213 2
      vertex 2 73 2
      vertex 3.50559 70.6667 2
    endloop
  endfacet
  facet normal 0 0 1
    outer loop
      vertex 4.33329 71.4944 2
      vertex 2 73 2
      vertex 3.87868 71.1213 2
    endloop
  endfacet
  facet normal 0 0 1
    outer loop
      vertex 4.85195 71.7716 2
      vertex 2 73 2
      vertex 4.33329 71.4944 2
    endloop
  endfacet
  facet normal 0 0 1
    outer loop
      vertex 5.41473 71.9424 2
      vertex 2 73 2
      vertex 4.85195 71.7716 2
    endloop
  endfacet
  facet normal 0 0 1
    outer loop
      vertex 6 72 2
      vertex 2 73 2
      vertex 5.41473 71.9424 2
    endloop
  endfacet
  facet normal 0 0 1
    outer loop
      vertex 6.58527 71.9424 2
      vertex 2 73 2
      vertex 6 72 2
    endloop
  endfacet
  facet normal 0 0 1
    outer loop
      vertex 55.2731 33.6 2
      vertex 58 73 2
      vertex 56.9424 68.4147 2
    endloop
  endfacet
  facet normal -0 0 1
    outer loop
      vertex 56.9424 5.41473 2
      vertex 58 2 2
      vertex 57 6 2
    endloop
  endfacet
  facet normal -0 0 1
    outer loop
      vertex 56.7716 4.85195 2
      vertex 58 2 2
      vertex 56.9424 5.41473 2
    endloop
  endfacet
  facet normal -0 0 1
    outer loop
      vertex 56.4944 4.33329 2
      vertex 58 2 2
      vertex 56.7716 4.85195 2
    endloop
  endfacet
  facet normal -0 0 1
    outer loop
      vertex 56.1213 3.87868 2
      vertex 58 2 2
      vertex 56.4944 4.33329 2
    endloop
  endfacet
  facet normal -0 0 1
    outer loop
      vertex 55.6667 3.50559 2
      vertex 58 2 2
      vertex 56.1213 3.87868 2
    endloop
  endfacet
  facet normal -0 0 1
    outer loop
      vertex 55.148 3.22836 2
      vertex 58 2 2
      vertex 55.6667 3.50559 2
    endloop
  endfacet
  facet normal -0 0 1
    outer loop
      vertex 54.5853 3.05764 2
      vertex 58 2 2
      vertex 55.148 3.22836 2
    endloop
  endfacet
  facet normal -0 0 1
    outer loop
      vertex 54 3 2
      vertex 58 2 2
      vertex 54.5853 3.05764 2
    endloop
  endfacet
  facet normal 0 0 1
    outer loop
      vertex 53.4147 3.05764 2
      vertex 58 2 2
      vertex 54 3 2
    endloop
  endfacet
  facet normal 0 0 1
    outer loop
      vertex 51.0576 6.58527 2
      vertex 47.8109 7 2
      vertex 51 6 2
    endloop
  endfacet
  facet normal 0 0 1
    outer loop
      vertex 51 6 2
      vertex 47.8109 7 2
      vertex 51.0576 5.41473 2
    endloop
  endfacet
  facet normal 0 0 1
    outer loop
      vertex 46.0609 3.96891 2
      vertex 51.0576 5.41473 2
      vertex 47.8109 7 2
    endloop
  endfacet
  facet normal 0 0 1
    outer loop
      vertex 51.0576 5.41473 2
      vertex 46.0609 3.96891 2
      vertex 51.2284 4.85195 2
    endloop
  endfacet
  facet normal 0 0 1
    outer loop
      vertex 51.2284 4.85195 2
      vertex 46.0609 3.96891 2
      vertex 51.5056 4.33329 2
    endloop
  endfacet
  facet normal 0 0 1
    outer loop
      vertex 51.5056 4.33329 2
      vertex 46.0609 3.96891 2
      vertex 51.8787 3.87868 2
    endloop
  endfacet
  facet normal 0 0 1
    outer loop
      vertex 51.8787 3.87868 2
      vertex 46.0609 3.96891 2
      vertex 52.3333 3.50559 2
    endloop
  endfacet
  facet normal 0 0 1
    outer loop
      vertex 46.0609 3.96891 2
      vertex 52.852 3.22836 2
      vertex 52.3333 3.50559 2
    endloop
  endfacet
  facet normal 0 0 1
    outer loop
      vertex 46.0609 3.96891 2
      vertex 53.4147 3.05764 2
      vertex 52.852 3.22836 2
    endloop
  endfacet
  facet normal -0 0 1
    outer loop
      vertex 42.5609 3.96891 2
      vertex 53.4147 3.05764 2
      vertex 46.0609 3.96891 2
    endloop
  endfacet
  facet normal 0 0 1
    outer loop
      vertex 53.4147 3.05764 2
      vertex 42.5609 3.96891 2
      vertex 58 2 2
    endloop
  endfacet
  facet normal -0 0 1
    outer loop
      vertex 40.3487 7 2
      vertex 42.5609 3.96891 2
      vertex 40.8109 7 2
    endloop
  endfacet
  facet normal 0 0 1
    outer loop
      vertex 38.5987 3.96891 2
      vertex 42.5609 3.96891 2
      vertex 40.3487 7 2
    endloop
  endfacet
  facet normal -0 0 1
    outer loop
      vertex 38.5987 3.96891 2
      vertex 58 2 2
      vertex 42.5609 3.96891 2
    endloop
  endfacet
  facet normal -0 0 1
    outer loop
      vertex 35.0987 3.96891 2
      vertex 58 2 2
      vertex 38.5987 3.96891 2
    endloop
  endfacet
  facet normal -0 0 1
    outer loop
      vertex 32.8865 7 2
      vertex 35.0987 3.96891 2
      vertex 33.3487 7 2
    endloop
  endfacet
  facet normal 0 0 1
    outer loop
      vertex 31.1365 3.96891 2
      vertex 35.0987 3.96891 2
      vertex 32.8865 7 2
    endloop
  endfacet
  facet normal -0 0 1
    outer loop
      vertex 31.1365 3.96891 2
      vertex 58 2 2
      vertex 35.0987 3.96891 2
    endloop
  endfacet
  facet normal -0 0 1
    outer loop
      vertex 27.6365 3.96891 2
      vertex 58 2 2
      vertex 31.1365 3.96891 2
    endloop
  endfacet
  facet normal -0 0 1
    outer loop
      vertex 25.4244 7 2
      vertex 27.6365 3.96891 2
      vertex 25.8865 7 2
    endloop
  endfacet
  facet normal 0 0 1
    outer loop
      vertex 23.6744 3.96891 2
      vertex 27.6365 3.96891 2
      vertex 25.4244 7 2
    endloop
  endfacet
  facet normal 0 0 1
    outer loop
      vertex 2 2 2
      vertex 27.6365 3.96891 2
      vertex 23.6744 3.96891 2
    endloop
  endfacet
  facet normal 0 0 1
    outer loop
      vertex 2 2 2
      vertex 23.6744 3.96891 2
      vertex 20.1744 3.96891 2
    endloop
  endfacet
  facet normal -0 0 1
    outer loop
      vertex 17.9622 7 2
      vertex 20.1744 3.96891 2
      vertex 18.4244 7 2
    endloop
  endfacet
  facet normal 0 0 1
    outer loop
      vertex 16.2122 3.96891 2
      vertex 20.1744 3.96891 2
      vertex 17.9622 7 2
    endloop
  endfacet
  facet normal 0 0 1
    outer loop
      vertex 2 2 2
      vertex 20.1744 3.96891 2
      vertex 16.2122 3.96891 2
    endloop
  endfacet
  facet normal 0 0 1
    outer loop
      vertex 6.58527 3.05764 2
      vertex 16.2122 3.96891 2
      vertex 12.7122 3.96891 2
    endloop
  endfacet
  facet normal 0 0 1
    outer loop
      vertex 8.94236 5.41473 2
      vertex 10.9622 7 2
      vertex 9 6 2
    endloop
  endfacet
  facet normal 0 0 1
    outer loop
      vertex 10.9622 7 2
      vertex 8.94236 5.41473 2
      vertex 12.7122 3.96891 2
    endloop
  endfacet
  facet normal -0 0 1
    outer loop
      vertex 8.77164 4.85195 2
      vertex 12.7122 3.96891 2
      vertex 8.94236 5.41473 2
    endloop
  endfacet
  facet normal -0 0 1
    outer loop
      vertex 8.49441 4.33329 2
      vertex 12.7122 3.96891 2
      vertex 8.77164 4.85195 2
    endloop
  endfacet
  facet normal 0 0 1
    outer loop
      vertex 8.12132 3.87868 2
      vertex 12.7122 3.96891 2
      vertex 8.49441 4.33329 2
    endloop
  endfacet
  facet normal 0 0 1
    outer loop
      vertex 7.66671 3.50559 2
      vertex 12.7122 3.96891 2
      vertex 8.12132 3.87868 2
    endloop
  endfacet
  facet normal 0 0 1
    outer loop
      vertex 7.14805 3.22836 2
      vertex 12.7122 3.96891 2
      vertex 7.66671 3.50559 2
    endloop
  endfacet
  facet normal 0 0 1
    outer loop
      vertex 6.58527 3.05764 2
      vertex 12.7122 3.96891 2
      vertex 7.14805 3.22836 2
    endloop
  endfacet
  facet normal 0 0 1
    outer loop
      vertex 16.2122 3.96891 2
      vertex 6.58527 3.05764 2
      vertex 2 2 2
    endloop
  endfacet
  facet normal 0 0 1
    outer loop
      vertex 2 2 2
      vertex 6.58527 3.05764 2
      vertex 6 3 2
    endloop
  endfacet
  facet normal 0 0 1
    outer loop
      vertex 27.6365 3.96891 2
      vertex 2 2 2
      vertex 58 2 2
    endloop
  endfacet
  facet normal 0 0 1
    outer loop
      vertex 5.41473 3.05764 2
      vertex 2 2 2
      vertex 6 3 2
    endloop
  endfacet
  facet normal 0 0 1
    outer loop
      vertex 4.85195 3.22836 2
      vertex 2 2 2
      vertex 5.41473 3.05764 2
    endloop
  endfacet
  facet normal 0 0 1
    outer loop
      vertex 4.33329 3.50559 2
      vertex 2 2 2
      vertex 4.85195 3.22836 2
    endloop
  endfacet
  facet normal 0 0 1
    outer loop
      vertex 3.87868 3.87868 2
      vertex 2 2 2
      vertex 4.33329 3.50559 2
    endloop
  endfacet
  facet normal 0 0 1
    outer loop
      vertex 3.50559 4.33329 2
      vertex 2 2 2
      vertex 3.87868 3.87868 2
    endloop
  endfacet
  facet normal 0 0 1
    outer loop
      vertex 3.22836 4.85195 2
      vertex 2 2 2
      vertex 3.50559 4.33329 2
    endloop
  endfacet
  facet normal 0 0 1
    outer loop
      vertex 3.05764 5.41473 2
      vertex 2 2 2
      vertex 3.22836 4.85195 2
    endloop
  endfacet
  facet normal 0 0 1
    outer loop
      vertex 3 6 2
      vertex 2 2 2
      vertex 3.05764 5.41473 2
    endloop
  endfacet
  facet normal 0 0 1
    outer loop
      vertex 3.05764 6.58527 2
      vertex 2 2 2
      vertex 3 6 2
    endloop
  endfacet
  facet normal 0 0 1
    outer loop
      vertex 56.7716 7.14805 2
      vertex 55.2731 20.3 2
      vertex 56.4944 7.66671 2
    endloop
  endfacet
  facet normal 0 0 1
    outer loop
      vertex 56.4944 7.66671 2
      vertex 55.2731 20.3 2
      vertex 56.1213 8.12132 2
    endloop
  endfacet
  facet normal -0 0 1
    outer loop
      vertex 53.5231 17.2689 2
      vertex 56.1213 8.12132 2
      vertex 55.2731 20.3 2
    endloop
  endfacet
  facet normal 0 0 1
    outer loop
      vertex 56.1213 8.12132 2
      vertex 53.5231 17.2689 2
      vertex 55.6667 8.49441 2
    endloop
  endfacet
  facet normal 0 0 1
    outer loop
      vertex 55.6667 8.49441 2
      vertex 53.5231 17.2689 2
      vertex 55.148 8.77164 2
    endloop
  endfacet
  facet normal -0 0 1
    outer loop
      vertex 51.542 13.65 2
      vertex 55.148 8.77164 2
      vertex 53.5231 17.2689 2
    endloop
  endfacet
  facet normal 0 0 1
    outer loop
      vertex 55.148 8.77164 2
      vertex 51.542 13.65 2
      vertex 54.5853 8.94236 2
    endloop
  endfacet
  facet normal 0 0 1
    outer loop
      vertex 54.5853 8.94236 2
      vertex 51.542 13.65 2
      vertex 54 9 2
    endloop
  endfacet
  facet normal 0 0 1
    outer loop
      vertex 54 9 2
      vertex 51.542 13.65 2
      vertex 53.4147 8.94236 2
    endloop
  endfacet
  facet normal 0 0 1
    outer loop
      vertex 53.4147 8.94236 2
      vertex 51.542 13.65 2
      vertex 52.852 8.77164 2
    endloop
  endfacet
  facet normal -0 0 1
    outer loop
      vertex 49.792 10.6189 2
      vertex 52.852 8.77164 2
      vertex 51.542 13.65 2
    endloop
  endfacet
  facet normal 0 0 1
    outer loop
      vertex 52.852 8.77164 2
      vertex 49.792 10.6189 2
      vertex 52.3333 8.49441 2
    endloop
  endfacet
  facet normal 0 0 1
    outer loop
      vertex 49.792 16.6811 2
      vertex 53.5231 17.2689 2
      vertex 50.0231 17.2689 2
    endloop
  endfacet
  facet normal 0 0 1
    outer loop
      vertex 53.5231 17.2689 2
      vertex 49.792 16.6811 2
      vertex 51.542 13.65 2
    endloop
  endfacet
  facet normal 0 0 1
    outer loop
      vertex 46.0609 17.2689 2
      vertex 50.0231 17.2689 2
      vertex 48.2731 20.3 2
    endloop
  endfacet
  facet normal 0 0 1
    outer loop
      vertex 46.0609 17.2689 2
      vertex 48.2731 20.3 2
      vertex 47.8109 20.3 2
    endloop
  endfacet
  facet normal 0 0 1
    outer loop
      vertex 50.0231 17.2689 2
      vertex 46.0609 17.2689 2
      vertex 49.792 16.6811 2
    endloop
  endfacet
  facet normal 0 0 1
    outer loop
      vertex 49.792 16.6811 2
      vertex 46.0609 17.2689 2
      vertex 46.292 16.6811 2
    endloop
  endfacet
  facet normal 0 0 1
    outer loop
      vertex 42.3298 16.6811 2
      vertex 46.292 16.6811 2
      vertex 46.0609 17.2689 2
    endloop
  endfacet
  facet normal 0 0 1
    outer loop
      vertex 46.292 16.6811 2
      vertex 42.3298 16.6811 2
      vertex 44.542 13.65 2
    endloop
  endfacet
  facet normal 0 0 1
    outer loop
      vertex 42.3298 16.6811 2
      vertex 46.0609 17.2689 2
      vertex 42.5609 17.2689 2
    endloop
  endfacet
  facet normal 0 0 1
    outer loop
      vertex 44.542 13.65 2
      vertex 42.3298 16.6811 2
      vertex 44.0798 13.65 2
    endloop
  endfacet
  facet normal 0 0 1
    outer loop
      vertex 38.5987 17.2689 2
      vertex 42.5609 17.2689 2
      vertex 40.8109 20.3 2
    endloop
  endfacet
  facet normal 0 0 1
    outer loop
      vertex 38.5987 17.2689 2
      vertex 40.8109 20.3 2
      vertex 40.3487 20.3 2
    endloop
  endfacet
  facet normal 0 0 1
    outer loop
      vertex 42.5609 17.2689 2
      vertex 38.5987 17.2689 2
      vertex 42.3298 16.6811 2
    endloop
  endfacet
  facet normal 0 0 1
    outer loop
      vertex 42.3298 16.6811 2
      vertex 38.5987 17.2689 2
      vertex 38.8298 16.6811 2
    endloop
  endfacet
  facet normal 0 0 1
    outer loop
      vertex 34.8676 16.6811 2
      vertex 38.8298 16.6811 2
      vertex 38.5987 17.2689 2
    endloop
  endfacet
  facet normal 0 0 1
    outer loop
      vertex 38.8298 16.6811 2
      vertex 34.8676 16.6811 2
      vertex 37.0798 13.65 2
    endloop
  endfacet
  facet normal 0 0 1
    outer loop
      vertex 34.8676 16.6811 2
      vertex 38.5987 17.2689 2
      vertex 35.0987 17.2689 2
    endloop
  endfacet
  facet normal 0 0 1
    outer loop
      vertex 37.0798 13.65 2
      vertex 34.8676 16.6811 2
      vertex 36.6176 13.65 2
    endloop
  endfacet
  facet normal 0 0 1
    outer loop
      vertex 31.1365 17.2689 2
      vertex 35.0987 17.2689 2
      vertex 33.3487 20.3 2
    endloop
  endfacet
  facet normal 0 0 1
    outer loop
      vertex 31.1365 17.2689 2
      vertex 33.3487 20.3 2
      vertex 32.8865 20.3 2
    endloop
  endfacet
  facet normal 0 0 1
    outer loop
      vertex 35.0987 17.2689 2
      vertex 31.1365 17.2689 2
      vertex 34.8676 16.6811 2
    endloop
  endfacet
  facet normal 0 0 1
    outer loop
      vertex 34.8676 16.6811 2
      vertex 31.1365 17.2689 2
      vertex 31.3676 16.6811 2
    endloop
  endfacet
  facet normal 0 0 1
    outer loop
      vertex 27.4054 16.6811 2
      vertex 31.3676 16.6811 2
      vertex 31.1365 17.2689 2
    endloop
  endfacet
  facet normal 0 0 1
    outer loop
      vertex 31.3676 16.6811 2
      vertex 27.4054 16.6811 2
      vertex 29.6176 13.65 2
    endloop
  endfacet
  facet normal 0 0 1
    outer loop
      vertex 27.4054 16.6811 2
      vertex 31.1365 17.2689 2
      vertex 27.6365 17.2689 2
    endloop
  endfacet
  facet normal 0 0 1
    outer loop
      vertex 29.6176 13.65 2
      vertex 27.4054 16.6811 2
      vertex 29.1554 13.65 2
    endloop
  endfacet
  facet normal 0 0 1
    outer loop
      vertex 23.6744 17.2689 2
      vertex 27.6365 17.2689 2
      vertex 25.8865 20.3 2
    endloop
  endfacet
  facet normal 0 0 1
    outer loop
      vertex 23.6744 17.2689 2
      vertex 25.8865 20.3 2
      vertex 25.4244 20.3 2
    endloop
  endfacet
  facet normal 0 0 1
    outer loop
      vertex 27.6365 17.2689 2
      vertex 23.6744 17.2689 2
      vertex 27.4054 16.6811 2
    endloop
  endfacet
  facet normal 0 0 1
    outer loop
      vertex 27.4054 16.6811 2
      vertex 23.6744 17.2689 2
      vertex 23.9054 16.6811 2
    endloop
  endfacet
  facet normal 0 0 1
    outer loop
      vertex 19.9433 16.6811 2
      vertex 23.9054 16.6811 2
      vertex 23.6744 17.2689 2
    endloop
  endfacet
  facet normal 0 0 1
    outer loop
      vertex 23.9054 16.6811 2
      vertex 19.9433 16.6811 2
      vertex 22.1554 13.65 2
    endloop
  endfacet
  facet normal 0 0 1
    outer loop
      vertex 19.9433 16.6811 2
      vertex 23.6744 17.2689 2
      vertex 20.1744 17.2689 2
    endloop
  endfacet
  facet normal 0 0 1
    outer loop
      vertex 22.1554 13.65 2
      vertex 19.9433 16.6811 2
      vertex 21.6933 13.65 2
    endloop
  endfacet
  facet normal 0 0 1
    outer loop
      vertex 16.2122 17.2689 2
      vertex 20.1744 17.2689 2
      vertex 18.4244 20.3 2
    endloop
  endfacet
  facet normal 0 0 1
    outer loop
      vertex 16.2122 17.2689 2
      vertex 18.4244 20.3 2
      vertex 17.9622 20.3 2
    endloop
  endfacet
  facet normal 0 0 1
    outer loop
      vertex 20.1744 17.2689 2
      vertex 16.2122 17.2689 2
      vertex 19.9433 16.6811 2
    endloop
  endfacet
  facet normal 0 0 1
    outer loop
      vertex 19.9433 16.6811 2
      vertex 16.2122 17.2689 2
      vertex 16.4433 16.6811 2
    endloop
  endfacet
  facet normal 0 0 1
    outer loop
      vertex 12.4811 16.6811 2
      vertex 16.4433 16.6811 2
      vertex 16.2122 17.2689 2
    endloop
  endfacet
  facet normal 0 0 1
    outer loop
      vertex 16.4433 16.6811 2
      vertex 12.4811 16.6811 2
      vertex 14.6933 13.65 2
    endloop
  endfacet
  facet normal 0 0 1
    outer loop
      vertex 12.4811 16.6811 2
      vertex 16.2122 17.2689 2
      vertex 12.7122 17.2689 2
    endloop
  endfacet
  facet normal 0 0 1
    outer loop
      vertex 14.6933 13.65 2
      vertex 12.4811 16.6811 2
      vertex 14.2311 13.65 2
    endloop
  endfacet
  facet normal 0 0 1
    outer loop
      vertex 8.98109 16.6811 2
      vertex 12.7122 17.2689 2
      vertex 10.9622 20.3 2
    endloop
  endfacet
  facet normal 0 0 1
    outer loop
      vertex 8.98109 16.6811 2
      vertex 10.9622 20.3 2
      vertex 8.98109 23.9189 2
    endloop
  endfacet
  facet normal 0 0 1
    outer loop
      vertex 12.7122 17.2689 2
      vertex 8.98109 16.6811 2
      vertex 12.4811 16.6811 2
    endloop
  endfacet
  facet normal 0 0 1
    outer loop
      vertex 7.23109 26.95 2
      vertex 8.98109 16.6811 2
      vertex 8.98109 23.9189 2
    endloop
  endfacet
  facet normal 0 0 1
    outer loop
      vertex 8.98109 16.6811 2
      vertex 7.23109 26.95 2
      vertex 7.23109 13.65 2
    endloop
  endfacet
  facet normal -0 0 1
    outer loop
      vertex 49.792 50.5189 2
      vertex 53.5231 49.9311 2
      vertex 51.542 53.55 2
    endloop
  endfacet
  facet normal 0 0 1
    outer loop
      vertex 53.5231 49.9311 2
      vertex 49.792 50.5189 2
      vertex 50.0231 49.9311 2
    endloop
  endfacet
  facet normal 0 0 1
    outer loop
      vertex 46.0609 49.9311 2
      vertex 50.0231 49.9311 2
      vertex 49.792 50.5189 2
    endloop
  endfacet
  facet normal 0 0 1
    outer loop
      vertex 50.0231 49.9311 2
      vertex 46.0609 49.9311 2
      vertex 48.2731 46.9 2
    endloop
  endfacet
  facet normal 0 0 1
    outer loop
      vertex 46.0609 49.9311 2
      vertex 49.792 50.5189 2
      vertex 46.292 50.5189 2
    endloop
  endfacet
  facet normal 0 0 1
    outer loop
      vertex 48.2731 46.9 2
      vertex 46.0609 49.9311 2
      vertex 47.8109 46.9 2
    endloop
  endfacet
  facet normal 0 0 1
    outer loop
      vertex 42.3298 50.5189 2
      vertex 46.292 50.5189 2
      vertex 44.542 53.55 2
    endloop
  endfacet
  facet normal 0 0 1
    outer loop
      vertex 42.3298 50.5189 2
      vertex 44.542 53.55 2
      vertex 44.0798 53.55 2
    endloop
  endfacet
  facet normal 0 0 1
    outer loop
      vertex 46.292 50.5189 2
      vertex 42.3298 50.5189 2
      vertex 46.0609 49.9311 2
    endloop
  endfacet
  facet normal 0 0 1
    outer loop
      vertex 46.0609 49.9311 2
      vertex 42.3298 50.5189 2
      vertex 42.5609 49.9311 2
    endloop
  endfacet
  facet normal 0 0 1
    outer loop
      vertex 38.5987 49.9311 2
      vertex 42.5609 49.9311 2
      vertex 42.3298 50.5189 2
    endloop
  endfacet
  facet normal 0 0 1
    outer loop
      vertex 42.5609 49.9311 2
      vertex 38.5987 49.9311 2
      vertex 40.8109 46.9 2
    endloop
  endfacet
  facet normal 0 0 1
    outer loop
      vertex 38.5987 49.9311 2
      vertex 42.3298 50.5189 2
      vertex 38.8298 50.5189 2
    endloop
  endfacet
  facet normal 0 0 1
    outer loop
      vertex 40.8109 46.9 2
      vertex 38.5987 49.9311 2
      vertex 40.3487 46.9 2
    endloop
  endfacet
  facet normal 0 0 1
    outer loop
      vertex 34.8676 50.5189 2
      vertex 38.8298 50.5189 2
      vertex 37.0798 53.55 2
    endloop
  endfacet
  facet normal 0 0 1
    outer loop
      vertex 34.8676 50.5189 2
      vertex 37.0798 53.55 2
      vertex 36.6176 53.55 2
    endloop
  endfacet
  facet normal 0 0 1
    outer loop
      vertex 38.8298 50.5189 2
      vertex 34.8676 50.5189 2
      vertex 38.5987 49.9311 2
    endloop
  endfacet
  facet normal 0 0 1
    outer loop
      vertex 38.5987 49.9311 2
      vertex 34.8676 50.5189 2
      vertex 35.0987 49.9311 2
    endloop
  endfacet
  facet normal 0 0 1
    outer loop
      vertex 31.1365 49.9311 2
      vertex 35.0987 49.9311 2
      vertex 34.8676 50.5189 2
    endloop
  endfacet
  facet normal 0 0 1
    outer loop
      vertex 35.0987 49.9311 2
      vertex 31.1365 49.9311 2
      vertex 33.3487 46.9 2
    endloop
  endfacet
  facet normal 0 0 1
    outer loop
      vertex 31.1365 49.9311 2
      vertex 34.8676 50.5189 2
      vertex 31.3676 50.5189 2
    endloop
  endfacet
  facet normal 0 0 1
    outer loop
      vertex 33.3487 46.9 2
      vertex 31.1365 49.9311 2
      vertex 32.8865 46.9 2
    endloop
  endfacet
  facet normal 0 0 1
    outer loop
      vertex 27.4054 50.5189 2
      vertex 31.3676 50.5189 2
      vertex 29.6176 53.55 2
    endloop
  endfacet
  facet normal 0 0 1
    outer loop
      vertex 27.4054 50.5189 2
      vertex 29.6176 53.55 2
      vertex 29.1554 53.55 2
    endloop
  endfacet
  facet normal 0 0 1
    outer loop
      vertex 31.3676 50.5189 2
      vertex 27.4054 50.5189 2
      vertex 31.1365 49.9311 2
    endloop
  endfacet
  facet normal 0 0 1
    outer loop
      vertex 31.1365 49.9311 2
      vertex 27.4054 50.5189 2
      vertex 27.6365 49.9311 2
    endloop
  endfacet
  facet normal 0 0 1
    outer loop
      vertex 23.6744 49.9311 2
      vertex 27.6365 49.9311 2
      vertex 27.4054 50.5189 2
    endloop
  endfacet
  facet normal 0 0 1
    outer loop
      vertex 27.6365 49.9311 2
      vertex 23.6744 49.9311 2
      vertex 25.8865 46.9 2
    endloop
  endfacet
  facet normal 0 0 1
    outer loop
      vertex 23.6744 49.9311 2
      vertex 27.4054 50.5189 2
      vertex 23.9054 50.5189 2
    endloop
  endfacet
  facet normal 0 0 1
    outer loop
      vertex 25.8865 46.9 2
      vertex 23.6744 49.9311 2
      vertex 25.4244 46.9 2
    endloop
  endfacet
  facet normal 0 0 1
    outer loop
      vertex 19.9433 50.5189 2
      vertex 23.9054 50.5189 2
      vertex 22.1554 53.55 2
    endloop
  endfacet
  facet normal 0 0 1
    outer loop
      vertex 19.9433 50.5189 2
      vertex 22.1554 53.55 2
      vertex 21.6933 53.55 2
    endloop
  endfacet
  facet normal 0 0 1
    outer loop
      vertex 23.9054 50.5189 2
      vertex 19.9433 50.5189 2
      vertex 23.6744 49.9311 2
    endloop
  endfacet
  facet normal 0 0 1
    outer loop
      vertex 23.6744 49.9311 2
      vertex 19.9433 50.5189 2
      vertex 20.1744 49.9311 2
    endloop
  endfacet
  facet normal 0 0 1
    outer loop
      vertex 16.2122 49.9311 2
      vertex 20.1744 49.9311 2
      vertex 19.9433 50.5189 2
    endloop
  endfacet
  facet normal 0 0 1
    outer loop
      vertex 20.1744 49.9311 2
      vertex 16.2122 49.9311 2
      vertex 18.4244 46.9 2
    endloop
  endfacet
  facet normal 0 0 1
    outer loop
      vertex 16.2122 49.9311 2
      vertex 19.9433 50.5189 2
      vertex 16.4433 50.5189 2
    endloop
  endfacet
  facet normal 0 0 1
    outer loop
      vertex 18.4244 46.9 2
      vertex 16.2122 49.9311 2
      vertex 17.9622 46.9 2
    endloop
  endfacet
  facet normal 0 0 1
    outer loop
      vertex 12.4811 50.5189 2
      vertex 16.4433 50.5189 2
      vertex 14.6933 53.55 2
    endloop
  endfacet
  facet normal 0 0 1
    outer loop
      vertex 12.4811 50.5189 2
      vertex 14.6933 53.55 2
      vertex 14.2311 53.55 2
    endloop
  endfacet
  facet normal 0 0 1
    outer loop
      vertex 16.4433 50.5189 2
      vertex 12.4811 50.5189 2
      vertex 16.2122 49.9311 2
    endloop
  endfacet
  facet normal 0 0 1
    outer loop
      vertex 16.2122 49.9311 2
      vertex 12.4811 50.5189 2
      vertex 12.7122 49.9311 2
    endloop
  endfacet
  facet normal -0 0 1
    outer loop
      vertex 8.98109 50.5189 2
      vertex 12.7122 49.9311 2
      vertex 12.4811 50.5189 2
    endloop
  endfacet
  facet normal 0 0 1
    outer loop
      vertex 12.7122 49.9311 2
      vertex 8.98109 50.5189 2
      vertex 10.9622 46.9 2
    endloop
  endfacet
  facet normal -0 0 1
    outer loop
      vertex 49.792 37.2189 2
      vertex 53.5231 36.6311 2
      vertex 51.542 40.25 2
    endloop
  endfacet
  facet normal 0 0 1
    outer loop
      vertex 53.5231 36.6311 2
      vertex 49.792 37.2189 2
      vertex 50.0231 36.6311 2
    endloop
  endfacet
  facet normal 0 0 1
    outer loop
      vertex 46.0609 36.6311 2
      vertex 50.0231 36.6311 2
      vertex 49.792 37.2189 2
    endloop
  endfacet
  facet normal 0 0 1
    outer loop
      vertex 50.0231 36.6311 2
      vertex 46.0609 36.6311 2
      vertex 48.2731 33.6 2
    endloop
  endfacet
  facet normal 0 0 1
    outer loop
      vertex 46.0609 36.6311 2
      vertex 49.792 37.2189 2
      vertex 46.292 37.2189 2
    endloop
  endfacet
  facet normal 0 0 1
    outer loop
      vertex 48.2731 33.6 2
      vertex 46.0609 36.6311 2
      vertex 47.8109 33.6 2
    endloop
  endfacet
  facet normal 0 0 1
    outer loop
      vertex 42.3298 37.2189 2
      vertex 46.292 37.2189 2
      vertex 44.542 40.25 2
    endloop
  endfacet
  facet normal 0 0 1
    outer loop
      vertex 42.3298 37.2189 2
      vertex 44.542 40.25 2
      vertex 44.0798 40.25 2
    endloop
  endfacet
  facet normal 0 0 1
    outer loop
      vertex 46.292 37.2189 2
      vertex 42.3298 37.2189 2
      vertex 46.0609 36.6311 2
    endloop
  endfacet
  facet normal 0 0 1
    outer loop
      vertex 46.0609 36.6311 2
      vertex 42.3298 37.2189 2
      vertex 42.5609 36.6311 2
    endloop
  endfacet
  facet normal 0 0 1
    outer loop
      vertex 38.5987 36.6311 2
      vertex 42.5609 36.6311 2
      vertex 42.3298 37.2189 2
    endloop
  endfacet
  facet normal 0 0 1
    outer loop
      vertex 42.5609 36.6311 2
      vertex 38.5987 36.6311 2
      vertex 40.8109 33.6 2
    endloop
  endfacet
  facet normal 0 0 1
    outer loop
      vertex 38.5987 36.6311 2
      vertex 42.3298 37.2189 2
      vertex 38.8298 37.2189 2
    endloop
  endfacet
  facet normal 0 0 1
    outer loop
      vertex 40.8109 33.6 2
      vertex 38.5987 36.6311 2
      vertex 40.3487 33.6 2
    endloop
  endfacet
  facet normal 0 0 1
    outer loop
      vertex 34.8676 37.2189 2
      vertex 38.8298 37.2189 2
      vertex 37.0798 40.25 2
    endloop
  endfacet
  facet normal 0 0 1
    outer loop
      vertex 34.8676 37.2189 2
      vertex 37.0798 40.25 2
      vertex 36.6176 40.25 2
    endloop
  endfacet
  facet normal 0 0 1
    outer loop
      vertex 38.8298 37.2189 2
      vertex 34.8676 37.2189 2
      vertex 38.5987 36.6311 2
    endloop
  endfacet
  facet normal 0 0 1
    outer loop
      vertex 38.5987 36.6311 2
      vertex 34.8676 37.2189 2
      vertex 35.0987 36.6311 2
    endloop
  endfacet
  facet normal 0 0 1
    outer loop
      vertex 31.1365 36.6311 2
      vertex 35.0987 36.6311 2
      vertex 34.8676 37.2189 2
    endloop
  endfacet
  facet normal 0 0 1
    outer loop
      vertex 35.0987 36.6311 2
      vertex 31.1365 36.6311 2
      vertex 33.3487 33.6 2
    endloop
  endfacet
  facet normal 0 0 1
    outer loop
      vertex 31.1365 36.6311 2
      vertex 34.8676 37.2189 2
      vertex 31.3676 37.2189 2
    endloop
  endfacet
  facet normal 0 0 1
    outer loop
      vertex 33.3487 33.6 2
      vertex 31.1365 36.6311 2
      vertex 32.8865 33.6 2
    endloop
  endfacet
  facet normal 0 0 1
    outer loop
      vertex 27.4054 37.2189 2
      vertex 31.3676 37.2189 2
      vertex 29.6176 40.25 2
    endloop
  endfacet
  facet normal 0 0 1
    outer loop
      vertex 27.4054 37.2189 2
      vertex 29.6176 40.25 2
      vertex 29.1554 40.25 2
    endloop
  endfacet
  facet normal 0 0 1
    outer loop
      vertex 31.3676 37.2189 2
      vertex 27.4054 37.2189 2
      vertex 31.1365 36.6311 2
    endloop
  endfacet
  facet normal 0 0 1
    outer loop
      vertex 31.1365 36.6311 2
      vertex 27.4054 37.2189 2
      vertex 27.6365 36.6311 2
    endloop
  endfacet
  facet normal 0 0 1
    outer loop
      vertex 23.6744 36.6311 2
      vertex 27.6365 36.6311 2
      vertex 27.4054 37.2189 2
    endloop
  endfacet
  facet normal 0 0 1
    outer loop
      vertex 27.6365 36.6311 2
      vertex 23.6744 36.6311 2
      vertex 25.8865 33.6 2
    endloop
  endfacet
  facet normal 0 0 1
    outer loop
      vertex 23.6744 36.6311 2
      vertex 27.4054 37.2189 2
      vertex 23.9054 37.2189 2
    endloop
  endfacet
  facet normal 0 0 1
    outer loop
      vertex 25.8865 33.6 2
      vertex 23.6744 36.6311 2
      vertex 25.4244 33.6 2
    endloop
  endfacet
  facet normal 0 0 1
    outer loop
      vertex 19.9433 37.2189 2
      vertex 23.9054 37.2189 2
      vertex 22.1554 40.25 2
    endloop
  endfacet
  facet normal 0 0 1
    outer loop
      vertex 19.9433 37.2189 2
      vertex 22.1554 40.25 2
      vertex 21.6933 40.25 2
    endloop
  endfacet
  facet normal 0 0 1
    outer loop
      vertex 23.9054 37.2189 2
      vertex 19.9433 37.2189 2
      vertex 23.6744 36.6311 2
    endloop
  endfacet
  facet normal 0 0 1
    outer loop
      vertex 23.6744 36.6311 2
      vertex 19.9433 37.2189 2
      vertex 20.1744 36.6311 2
    endloop
  endfacet
  facet normal 0 0 1
    outer loop
      vertex 16.2122 36.6311 2
      vertex 20.1744 36.6311 2
      vertex 19.9433 37.2189 2
    endloop
  endfacet
  facet normal 0 0 1
    outer loop
      vertex 20.1744 36.6311 2
      vertex 16.2122 36.6311 2
      vertex 18.4244 33.6 2
    endloop
  endfacet
  facet normal 0 0 1
    outer loop
      vertex 16.2122 36.6311 2
      vertex 19.9433 37.2189 2
      vertex 16.4433 37.2189 2
    endloop
  endfacet
  facet normal 0 0 1
    outer loop
      vertex 18.4244 33.6 2
      vertex 16.2122 36.6311 2
      vertex 17.9622 33.6 2
    endloop
  endfacet
  facet normal 0 0 1
    outer loop
      vertex 12.4811 37.2189 2
      vertex 16.4433 37.2189 2
      vertex 14.6933 40.25 2
    endloop
  endfacet
  facet normal 0 0 1
    outer loop
      vertex 12.4811 37.2189 2
      vertex 14.6933 40.25 2
      vertex 14.2311 40.25 2
    endloop
  endfacet
  facet normal 0 0 1
    outer loop
      vertex 16.4433 37.2189 2
      vertex 12.4811 37.2189 2
      vertex 16.2122 36.6311 2
    endloop
  endfacet
  facet normal 0 0 1
    outer loop
      vertex 16.2122 36.6311 2
      vertex 12.4811 37.2189 2
      vertex 12.7122 36.6311 2
    endloop
  endfacet
  facet normal -0 0 1
    outer loop
      vertex 8.98109 37.2189 2
      vertex 12.7122 36.6311 2
      vertex 12.4811 37.2189 2
    endloop
  endfacet
  facet normal 0 0 1
    outer loop
      vertex 12.7122 36.6311 2
      vertex 8.98109 37.2189 2
      vertex 10.9622 33.6 2
    endloop
  endfacet
  facet normal -0 0 1
    outer loop
      vertex 49.792 23.9189 2
      vertex 53.5231 23.3311 2
      vertex 51.542 26.95 2
    endloop
  endfacet
  facet normal 0 0 1
    outer loop
      vertex 53.5231 23.3311 2
      vertex 49.792 23.9189 2
      vertex 50.0231 23.3311 2
    endloop
  endfacet
  facet normal 0 0 1
    outer loop
      vertex 46.0609 23.3311 2
      vertex 50.0231 23.3311 2
      vertex 49.792 23.9189 2
    endloop
  endfacet
  facet normal 0 0 1
    outer loop
      vertex 50.0231 23.3311 2
      vertex 46.0609 23.3311 2
      vertex 48.2731 20.3 2
    endloop
  endfacet
  facet normal 0 0 1
    outer loop
      vertex 46.0609 23.3311 2
      vertex 49.792 23.9189 2
      vertex 46.292 23.9189 2
    endloop
  endfacet
  facet normal 0 0 1
    outer loop
      vertex 48.2731 20.3 2
      vertex 46.0609 23.3311 2
      vertex 47.8109 20.3 2
    endloop
  endfacet
  facet normal 0 0 1
    outer loop
      vertex 42.3298 23.9189 2
      vertex 46.292 23.9189 2
      vertex 44.542 26.95 2
    endloop
  endfacet
  facet normal 0 0 1
    outer loop
      vertex 42.3298 23.9189 2
      vertex 44.542 26.95 2
      vertex 44.0798 26.95 2
    endloop
  endfacet
  facet normal 0 0 1
    outer loop
      vertex 46.292 23.9189 2
      vertex 42.3298 23.9189 2
      vertex 46.0609 23.3311 2
    endloop
  endfacet
  facet normal 0 0 1
    outer loop
      vertex 46.0609 23.3311 2
      vertex 42.3298 23.9189 2
      vertex 42.5609 23.3311 2
    endloop
  endfacet
  facet normal 0 0 1
    outer loop
      vertex 38.5987 23.3311 2
      vertex 42.5609 23.3311 2
      vertex 42.3298 23.9189 2
    endloop
  endfacet
  facet normal 0 0 1
    outer loop
      vertex 42.5609 23.3311 2
      vertex 38.5987 23.3311 2
      vertex 40.8109 20.3 2
    endloop
  endfacet
  facet normal 0 0 1
    outer loop
      vertex 38.5987 23.3311 2
      vertex 42.3298 23.9189 2
      vertex 38.8298 23.9189 2
    endloop
  endfacet
  facet normal 0 0 1
    outer loop
      vertex 40.8109 20.3 2
      vertex 38.5987 23.3311 2
      vertex 40.3487 20.3 2
    endloop
  endfacet
  facet normal 0 0 1
    outer loop
      vertex 34.8676 23.9189 2
      vertex 38.8298 23.9189 2
      vertex 37.0798 26.95 2
    endloop
  endfacet
  facet normal 0 0 1
    outer loop
      vertex 34.8676 23.9189 2
      vertex 37.0798 26.95 2
      vertex 36.6176 26.95 2
    endloop
  endfacet
  facet normal 0 0 1
    outer loop
      vertex 38.8298 23.9189 2
      vertex 34.8676 23.9189 2
      vertex 38.5987 23.3311 2
    endloop
  endfacet
  facet normal 0 0 1
    outer loop
      vertex 38.5987 23.3311 2
      vertex 34.8676 23.9189 2
      vertex 35.0987 23.3311 2
    endloop
  endfacet
  facet normal 0 0 1
    outer loop
      vertex 31.1365 23.3311 2
      vertex 35.0987 23.3311 2
      vertex 34.8676 23.9189 2
    endloop
  endfacet
  facet normal 0 0 1
    outer loop
      vertex 35.0987 23.3311 2
      vertex 31.1365 23.3311 2
      vertex 33.3487 20.3 2
    endloop
  endfacet
  facet normal 0 0 1
    outer loop
      vertex 31.1365 23.3311 2
      vertex 34.8676 23.9189 2
      vertex 31.3676 23.9189 2
    endloop
  endfacet
  facet normal 0 0 1
    outer loop
      vertex 33.3487 20.3 2
      vertex 31.1365 23.3311 2
      vertex 32.8865 20.3 2
    endloop
  endfacet
  facet normal 0 0 1
    outer loop
      vertex 27.4054 23.9189 2
      vertex 31.3676 23.9189 2
      vertex 29.6176 26.95 2
    endloop
  endfacet
  facet normal 0 0 1
    outer loop
      vertex 27.4054 23.9189 2
      vertex 29.6176 26.95 2
      vertex 29.1554 26.95 2
    endloop
  endfacet
  facet normal 0 0 1
    outer loop
      vertex 31.3676 23.9189 2
      vertex 27.4054 23.9189 2
      vertex 31.1365 23.3311 2
    endloop
  endfacet
  facet normal 0 0 1
    outer loop
      vertex 31.1365 23.3311 2
      vertex 27.4054 23.9189 2
      vertex 27.6365 23.3311 2
    endloop
  endfacet
  facet normal 0 0 1
    outer loop
      vertex 23.6744 23.3311 2
      vertex 27.6365 23.3311 2
      vertex 27.4054 23.9189 2
    endloop
  endfacet
  facet normal 0 0 1
    outer loop
      vertex 27.6365 23.3311 2
      vertex 23.6744 23.3311 2
      vertex 25.8865 20.3 2
    endloop
  endfacet
  facet normal 0 0 1
    outer loop
      vertex 23.6744 23.3311 2
      vertex 27.4054 23.9189 2
      vertex 23.9054 23.9189 2
    endloop
  endfacet
  facet normal 0 0 1
    outer loop
      vertex 25.8865 20.3 2
      vertex 23.6744 23.3311 2
      vertex 25.4244 20.3 2
    endloop
  endfacet
  facet normal 0 0 1
    outer loop
      vertex 19.9433 23.9189 2
      vertex 23.9054 23.9189 2
      vertex 22.1554 26.95 2
    endloop
  endfacet
  facet normal 0 0 1
    outer loop
      vertex 19.9433 23.9189 2
      vertex 22.1554 26.95 2
      vertex 21.6933 26.95 2
    endloop
  endfacet
  facet normal 0 0 1
    outer loop
      vertex 23.9054 23.9189 2
      vertex 19.9433 23.9189 2
      vertex 23.6744 23.3311 2
    endloop
  endfacet
  facet normal 0 0 1
    outer loop
      vertex 23.6744 23.3311 2
      vertex 19.9433 23.9189 2
      vertex 20.1744 23.3311 2
    endloop
  endfacet
  facet normal 0 0 1
    outer loop
      vertex 16.2122 23.3311 2
      vertex 20.1744 23.3311 2
      vertex 19.9433 23.9189 2
    endloop
  endfacet
  facet normal 0 0 1
    outer loop
      vertex 20.1744 23.3311 2
      vertex 16.2122 23.3311 2
      vertex 18.4244 20.3 2
    endloop
  endfacet
  facet normal 0 0 1
    outer loop
      vertex 16.2122 23.3311 2
      vertex 19.9433 23.9189 2
      vertex 16.4433 23.9189 2
    endloop
  endfacet
  facet normal 0 0 1
    outer loop
      vertex 18.4244 20.3 2
      vertex 16.2122 23.3311 2
      vertex 17.9622 20.3 2
    endloop
  endfacet
  facet normal 0 0 1
    outer loop
      vertex 12.4811 23.9189 2
      vertex 16.4433 23.9189 2
      vertex 14.6933 26.95 2
    endloop
  endfacet
  facet normal 0 0 1
    outer loop
      vertex 12.4811 23.9189 2
      vertex 14.6933 26.95 2
      vertex 14.2311 26.95 2
    endloop
  endfacet
  facet normal 0 0 1
    outer loop
      vertex 16.4433 23.9189 2
      vertex 12.4811 23.9189 2
      vertex 16.2122 23.3311 2
    endloop
  endfacet
  facet normal 0 0 1
    outer loop
      vertex 16.2122 23.3311 2
      vertex 12.4811 23.9189 2
      vertex 12.7122 23.3311 2
    endloop
  endfacet
  facet normal -0 0 1
    outer loop
      vertex 8.98109 23.9189 2
      vertex 12.7122 23.3311 2
      vertex 12.4811 23.9189 2
    endloop
  endfacet
  facet normal 0 0 1
    outer loop
      vertex 12.7122 23.3311 2
      vertex 8.98109 23.9189 2
      vertex 10.9622 20.3 2
    endloop
  endfacet
  facet normal 0 0 1
    outer loop
      vertex 52.3333 8.49441 2
      vertex 49.792 10.6189 2
      vertex 51.8787 8.12132 2
    endloop
  endfacet
  facet normal 0 0 1
    outer loop
      vertex 51.8787 8.12132 2
      vertex 49.792 10.6189 2
      vertex 51.5056 7.66671 2
    endloop
  endfacet
  facet normal 0 0 1
    outer loop
      vertex 51.5056 7.66671 2
      vertex 49.792 10.6189 2
      vertex 51.2284 7.14805 2
    endloop
  endfacet
  facet normal 0 0 1
    outer loop
      vertex 47.8109 7 2
      vertex 51.2284 7.14805 2
      vertex 49.792 10.6189 2
    endloop
  endfacet
  facet normal 0 0 1
    outer loop
      vertex 51.2284 7.14805 2
      vertex 47.8109 7 2
      vertex 51.0576 6.58527 2
    endloop
  endfacet
  facet normal 1 -0 0
    outer loop
      vertex 2 2 28
      vertex 2 73 2
      vertex 2 73 28
    endloop
  endfacet
  facet normal 1 0 0
    outer loop
      vertex 2 73 2
      vertex 2 2 28
      vertex 2 2 2
    endloop
  endfacet
  facet normal 0 -1 0
    outer loop
      vertex 2 73 2
      vertex 58 73 28
      vertex 2 73 28
    endloop
  endfacet
  facet normal 0 -1 -0
    outer loop
      vertex 58 73 28
      vertex 2 73 2
      vertex 58 73 2
    endloop
  endfacet
  facet normal 0 1 0
    outer loop
      vertex 58 2 28
      vertex 35.75 2 12.5
      vertex 2 2 28
    endloop
  endfacet
  facet normal 0 1 -0
    outer loop
      vertex 58 2 2
      vertex 35.75 2 12.5
      vertex 58 2 28
    endloop
  endfacet
  facet normal 0 1 0
    outer loop
      vertex 35.75 2 5.5
      vertex 58 2 2
      vertex 24.25 2 5.5
    endloop
  endfacet
  facet normal 0 1 0
    outer loop
      vertex 35.75 2 12.5
      vertex 58 2 2
      vertex 35.75 2 5.5
    endloop
  endfacet
  facet normal 0 1 -0
    outer loop
      vertex 24.25 2 12.5
      vertex 2 2 28
      vertex 35.75 2 12.5
    endloop
  endfacet
  facet normal 0 1 0
    outer loop
      vertex 2 2 2
      vertex 24.25 2 12.5
      vertex 24.25 2 5.5
    endloop
  endfacet
  facet normal 0 1 0
    outer loop
      vertex 24.25 2 12.5
      vertex 2 2 2
      vertex 2 2 28
    endloop
  endfacet
  facet normal 0 1 0
    outer loop
      vertex 2 2 2
      vertex 24.25 2 5.5
      vertex 58 2 2
    endloop
  endfacet
  facet normal -1 0 0
    outer loop
      vertex 35.75 0 5.5
      vertex 35.75 2 12.5
      vertex 35.75 2 5.5
    endloop
  endfacet
  facet normal -1 -0 0
    outer loop
      vertex 35.75 2 12.5
      vertex 35.75 0 5.5
      vertex 35.75 0 12.5
    endloop
  endfacet
  facet normal 0 0 -1
    outer loop
      vertex 24.25 0 12.5
      vertex 35.75 2 12.5
      vertex 35.75 0 12.5
    endloop
  endfacet
  facet normal -0 0 -1
    outer loop
      vertex 35.75 2 12.5
      vertex 24.25 0 12.5
      vertex 24.25 2 12.5
    endloop
  endfacet
  facet normal -0 0 1
    outer loop
      vertex 24.25 2 5.5
      vertex 35.75 0 5.5
      vertex 35.75 2 5.5
    endloop
  endfacet
  facet normal 0 0 1
    outer loop
      vertex 35.75 0 5.5
      vertex 24.25 2 5.5
      vertex 24.25 0 5.5
    endloop
  endfacet
  facet normal 1 -0 0
    outer loop
      vertex 24.25 0 12.5
      vertex 24.25 2 5.5
      vertex 24.25 2 12.5
    endloop
  endfacet
  facet normal 1 0 0
    outer loop
      vertex 24.25 2 5.5
      vertex 24.25 0 12.5
      vertex 24.25 0 5.5
    endloop
  endfacet
  facet normal -0.471397 0.881921 0
    outer loop
      vertex 4.85195 8.77164 2
      vertex 4.33329 8.49441 5.5
      vertex 4.85195 8.77164 5.5
    endloop
  endfacet
  facet normal -0.471397 0.881921 0
    outer loop
      vertex 4.33329 8.49441 5.5
      vertex 4.85195 8.77164 2
      vertex 4.33329 8.49441 2
    endloop
  endfacet
  facet normal 0.471397 0.881921 -0
    outer loop
      vertex 7.66671 8.49441 2
      vertex 7.14805 8.77164 5.5
      vertex 7.66671 8.49441 5.5
    endloop
  endfacet
  facet normal 0.471397 0.881921 0
    outer loop
      vertex 7.14805 8.77164 5.5
      vertex 7.66671 8.49441 2
      vertex 7.14805 8.77164 2
    endloop
  endfacet
  facet normal 0.956939 0.290289 0
    outer loop
      vertex 8.94236 6.58527 5.5
      vertex 8.77164 7.14805 2
      vertex 8.77164 7.14805 5.5
    endloop
  endfacet
  facet normal 0.956939 0.290289 0
    outer loop
      vertex 8.77164 7.14805 2
      vertex 8.94236 6.58527 5.5
      vertex 8.94236 6.58527 2
    endloop
  endfacet
  facet normal 0.995185 0.0980103 0
    outer loop
      vertex 9 6 5.5
      vertex 8.94236 6.58527 2
      vertex 8.94236 6.58527 5.5
    endloop
  endfacet
  facet normal 0.995185 0.0980103 0
    outer loop
      vertex 8.94236 6.58527 2
      vertex 9 6 5.5
      vertex 9 6 2
    endloop
  endfacet
  facet normal 0.881921 0.471397 0
    outer loop
      vertex 8.77164 7.14805 5.5
      vertex 8.49441 7.66671 2
      vertex 8.49441 7.66671 5.5
    endloop
  endfacet
  facet normal 0.881921 0.471397 0
    outer loop
      vertex 8.49441 7.66671 2
      vertex 8.77164 7.14805 5.5
      vertex 8.77164 7.14805 2
    endloop
  endfacet
  facet normal 0.0980103 0.995185 -0
    outer loop
      vertex 6.58527 8.94236 2
      vertex 6 9 5.5
      vertex 6.58527 8.94236 5.5
    endloop
  endfacet
  facet normal 0.0980103 0.995185 0
    outer loop
      vertex 6 9 5.5
      vertex 6.58527 8.94236 2
      vertex 6 9 2
    endloop
  endfacet
  facet normal 0.0980103 -0.995185 0
    outer loop
      vertex 6 3 2
      vertex 6.58527 3.05764 5.5
      vertex 6 3 5.5
    endloop
  endfacet
  facet normal 0.0980103 -0.995185 0
    outer loop
      vertex 6.58527 3.05764 5.5
      vertex 6 3 2
      vertex 6.58527 3.05764 2
    endloop
  endfacet
  facet normal 0.290289 0.956939 -0
    outer loop
      vertex 7.14805 8.77164 2
      vertex 6.58527 8.94236 5.5
      vertex 7.14805 8.77164 5.5
    endloop
  endfacet
  facet normal 0.290289 0.956939 0
    outer loop
      vertex 6.58527 8.94236 5.5
      vertex 7.14805 8.77164 2
      vertex 6.58527 8.94236 2
    endloop
  endfacet
  facet normal 0.634395 0.773009 -0
    outer loop
      vertex 8.12132 8.12132 2
      vertex 7.66671 8.49441 5.5
      vertex 8.12132 8.12132 5.5
    endloop
  endfacet
  facet normal 0.634395 0.773009 0
    outer loop
      vertex 7.66671 8.49441 5.5
      vertex 8.12132 8.12132 2
      vertex 7.66671 8.49441 2
    endloop
  endfacet
  facet normal 0.773009 -0.634395 0
    outer loop
      vertex 8.12132 3.87868 5.5
      vertex 8.49441 4.33329 2
      vertex 8.49441 4.33329 5.5
    endloop
  endfacet
  facet normal 0.773009 -0.634395 0
    outer loop
      vertex 8.49441 4.33329 2
      vertex 8.12132 3.87868 5.5
      vertex 8.12132 3.87868 2
    endloop
  endfacet
  facet normal -0.634395 0.773009 0
    outer loop
      vertex 4.33329 8.49441 2
      vertex 3.87868 8.12132 5.5
      vertex 4.33329 8.49441 5.5
    endloop
  endfacet
  facet normal -0.634395 0.773009 0
    outer loop
      vertex 3.87868 8.12132 5.5
      vertex 4.33329 8.49441 2
      vertex 3.87868 8.12132 2
    endloop
  endfacet
  facet normal 0.471397 -0.881921 0
    outer loop
      vertex 7.14805 3.22836 2
      vertex 7.66671 3.50559 5.5
      vertex 7.14805 3.22836 5.5
    endloop
  endfacet
  facet normal 0.471397 -0.881921 0
    outer loop
      vertex 7.66671 3.50559 5.5
      vertex 7.14805 3.22836 2
      vertex 7.66671 3.50559 2
    endloop
  endfacet
  facet normal -0.881921 -0.471397 0
    outer loop
      vertex 3.50559 4.33329 2
      vertex 3.22836 4.85195 5.5
      vertex 3.22836 4.85195 2
    endloop
  endfacet
  facet normal -0.881921 -0.471397 0
    outer loop
      vertex 3.22836 4.85195 5.5
      vertex 3.50559 4.33329 2
      vertex 3.50559 4.33329 5.5
    endloop
  endfacet
  facet normal 0.995185 -0.0980103 0
    outer loop
      vertex 8.94236 5.41473 5.5
      vertex 9 6 2
      vertex 9 6 5.5
    endloop
  endfacet
  facet normal 0.995185 -0.0980103 0
    outer loop
      vertex 9 6 2
      vertex 8.94236 5.41473 5.5
      vertex 8.94236 5.41473 2
    endloop
  endfacet
  facet normal -0.290289 0.956939 0
    outer loop
      vertex 5.41473 8.94236 2
      vertex 4.85195 8.77164 5.5
      vertex 5.41473 8.94236 5.5
    endloop
  endfacet
  facet normal -0.290289 0.956939 0
    outer loop
      vertex 4.85195 8.77164 5.5
      vertex 5.41473 8.94236 2
      vertex 4.85195 8.77164 2
    endloop
  endfacet
  facet normal -0.0980103 -0.995185 0
    outer loop
      vertex 5.41473 3.05764 2
      vertex 6 3 5.5
      vertex 5.41473 3.05764 5.5
    endloop
  endfacet
  facet normal -0.0980103 -0.995185 -0
    outer loop
      vertex 6 3 5.5
      vertex 5.41473 3.05764 2
      vertex 6 3 2
    endloop
  endfacet
  facet normal -0.881921 0.471397 0
    outer loop
      vertex 3.22836 7.14805 2
      vertex 3.50559 7.66671 5.5
      vertex 3.50559 7.66671 2
    endloop
  endfacet
  facet normal -0.881921 0.471397 0
    outer loop
      vertex 3.50559 7.66671 5.5
      vertex 3.22836 7.14805 2
      vertex 3.22836 7.14805 5.5
    endloop
  endfacet
  facet normal 0.290289 -0.956939 0
    outer loop
      vertex 6.58527 3.05764 2
      vertex 7.14805 3.22836 5.5
      vertex 6.58527 3.05764 5.5
    endloop
  endfacet
  facet normal 0.290289 -0.956939 0
    outer loop
      vertex 7.14805 3.22836 5.5
      vertex 6.58527 3.05764 2
      vertex 7.14805 3.22836 2
    endloop
  endfacet
  facet normal 0 0 1
    outer loop
      vertex 7 6 5.5
      vertex 9 6 5.5
      vertex 8.94236 6.58527 5.5
    endloop
  endfacet
  facet normal 0 0 1
    outer loop
      vertex 6.98078 6.19509 5.5
      vertex 8.94236 6.58527 5.5
      vertex 8.77164 7.14805 5.5
    endloop
  endfacet
  facet normal 0 0 1
    outer loop
      vertex 9 6 5.5
      vertex 7 6 5.5
      vertex 8.94236 5.41473 5.5
    endloop
  endfacet
  facet normal 0 0 1
    outer loop
      vertex 6.92388 6.38268 5.5
      vertex 8.77164 7.14805 5.5
      vertex 8.49441 7.66671 5.5
    endloop
  endfacet
  facet normal -0 0 1
    outer loop
      vertex 6.98078 5.80491 5.5
      vertex 8.94236 5.41473 5.5
      vertex 7 6 5.5
    endloop
  endfacet
  facet normal 0 0 1
    outer loop
      vertex 6.83147 6.55557 5.5
      vertex 8.49441 7.66671 5.5
      vertex 8.12132 8.12132 5.5
    endloop
  endfacet
  facet normal 0 0 1
    outer loop
      vertex 8.94236 5.41473 5.5
      vertex 6.98078 5.80491 5.5
      vertex 8.77164 4.85195 5.5
    endloop
  endfacet
  facet normal 0 0 1
    outer loop
      vertex 6.70711 6.70711 5.5
      vertex 8.12132 8.12132 5.5
      vertex 7.66671 8.49441 5.5
    endloop
  endfacet
  facet normal -0 0 1
    outer loop
      vertex 6.92388 5.61732 5.5
      vertex 8.77164 4.85195 5.5
      vertex 6.98078 5.80491 5.5
    endloop
  endfacet
  facet normal 0 0 1
    outer loop
      vertex 6.55557 6.83147 5.5
      vertex 7.66671 8.49441 5.5
      vertex 7.14805 8.77164 5.5
    endloop
  endfacet
  facet normal 0 0 1
    outer loop
      vertex 8.77164 4.85195 5.5
      vertex 6.92388 5.61732 5.5
      vertex 8.49441 4.33329 5.5
    endloop
  endfacet
  facet normal -0 0 1
    outer loop
      vertex 6.83147 5.44443 5.5
      vertex 8.49441 4.33329 5.5
      vertex 6.92388 5.61732 5.5
    endloop
  endfacet
  facet normal 0 0 1
    outer loop
      vertex 8.94236 6.58527 5.5
      vertex 6.98078 6.19509 5.5
      vertex 7 6 5.5
    endloop
  endfacet
  facet normal 0 0 1
    outer loop
      vertex 8.77164 7.14805 5.5
      vertex 6.92388 6.38268 5.5
      vertex 6.98078 6.19509 5.5
    endloop
  endfacet
  facet normal 0 0 1
    outer loop
      vertex 8.49441 7.66671 5.5
      vertex 6.83147 6.55557 5.5
      vertex 6.92388 6.38268 5.5
    endloop
  endfacet
  facet normal 0 0 1
    outer loop
      vertex 8.12132 8.12132 5.5
      vertex 6.70711 6.70711 5.5
      vertex 6.83147 6.55557 5.5
    endloop
  endfacet
  facet normal 0 0 1
    outer loop
      vertex 6.38268 6.92388 5.5
      vertex 7.14805 8.77164 5.5
      vertex 6.58527 8.94236 5.5
    endloop
  endfacet
  facet normal 0 0 1
    outer loop
      vertex 7.66671 8.49441 5.5
      vertex 6.55557 6.83147 5.5
      vertex 6.70711 6.70711 5.5
    endloop
  endfacet
  facet normal 0 0 1
    outer loop
      vertex 7.14805 8.77164 5.5
      vertex 6.38268 6.92388 5.5
      vertex 6.55557 6.83147 5.5
    endloop
  endfacet
  facet normal 0 0 1
    outer loop
      vertex 6.58527 8.94236 5.5
      vertex 6.19509 6.98078 5.5
      vertex 6.38268 6.92388 5.5
    endloop
  endfacet
  facet normal 0 0 1
    outer loop
      vertex 6 9 5.5
      vertex 6.19509 6.98078 5.5
      vertex 6.58527 8.94236 5.5
    endloop
  endfacet
  facet normal 0 0 1
    outer loop
      vertex 6 9 5.5
      vertex 6 7 5.5
      vertex 6.19509 6.98078 5.5
    endloop
  endfacet
  facet normal 0 0 1
    outer loop
      vertex 6 9 5.5
      vertex 5.80491 6.98078 5.5
      vertex 6 7 5.5
    endloop
  endfacet
  facet normal -0 0 1
    outer loop
      vertex 5.41473 8.94236 5.5
      vertex 5.80491 6.98078 5.5
      vertex 6 9 5.5
    endloop
  endfacet
  facet normal 0 0 1
    outer loop
      vertex 5.80491 6.98078 5.5
      vertex 5.41473 8.94236 5.5
      vertex 5.61732 6.92388 5.5
    endloop
  endfacet
  facet normal -0 0 1
    outer loop
      vertex 4.85195 8.77164 5.5
      vertex 5.61732 6.92388 5.5
      vertex 5.41473 8.94236 5.5
    endloop
  endfacet
  facet normal 0 0 1
    outer loop
      vertex 5.61732 6.92388 5.5
      vertex 4.85195 8.77164 5.5
      vertex 5.44443 6.83147 5.5
    endloop
  endfacet
  facet normal -0 0 1
    outer loop
      vertex 4.33329 8.49441 5.5
      vertex 5.44443 6.83147 5.5
      vertex 4.85195 8.77164 5.5
    endloop
  endfacet
  facet normal 0 0 1
    outer loop
      vertex 5.44443 6.83147 5.5
      vertex 4.33329 8.49441 5.5
      vertex 5.29289 6.70711 5.5
    endloop
  endfacet
  facet normal -0 0 1
    outer loop
      vertex 3.87868 8.12132 5.5
      vertex 5.29289 6.70711 5.5
      vertex 4.33329 8.49441 5.5
    endloop
  endfacet
  facet normal -0 0 1
    outer loop
      vertex 3.50559 7.66671 5.5
      vertex 5.16853 6.55557 5.5
      vertex 3.87868 8.12132 5.5
    endloop
  endfacet
  facet normal 0 0 1
    outer loop
      vertex 5.29289 6.70711 5.5
      vertex 3.87868 8.12132 5.5
      vertex 5.16853 6.55557 5.5
    endloop
  endfacet
  facet normal 0 0 1
    outer loop
      vertex 8.49441 4.33329 5.5
      vertex 6.83147 5.44443 5.5
      vertex 8.12132 3.87868 5.5
    endloop
  endfacet
  facet normal -0 0 1
    outer loop
      vertex 6.70711 5.29289 5.5
      vertex 8.12132 3.87868 5.5
      vertex 6.83147 5.44443 5.5
    endloop
  endfacet
  facet normal 0 0 1
    outer loop
      vertex 8.12132 3.87868 5.5
      vertex 6.70711 5.29289 5.5
      vertex 7.66671 3.50559 5.5
    endloop
  endfacet
  facet normal -0 0 1
    outer loop
      vertex 6.55557 5.16853 5.5
      vertex 7.66671 3.50559 5.5
      vertex 6.70711 5.29289 5.5
    endloop
  endfacet
  facet normal 0 0 1
    outer loop
      vertex 7.66671 3.50559 5.5
      vertex 6.55557 5.16853 5.5
      vertex 7.14805 3.22836 5.5
    endloop
  endfacet
  facet normal -0 0 1
    outer loop
      vertex 6.38268 5.07612 5.5
      vertex 7.14805 3.22836 5.5
      vertex 6.55557 5.16853 5.5
    endloop
  endfacet
  facet normal 0 0 1
    outer loop
      vertex 7.14805 3.22836 5.5
      vertex 6.38268 5.07612 5.5
      vertex 6.58527 3.05764 5.5
    endloop
  endfacet
  facet normal -0 0 1
    outer loop
      vertex 6.19509 5.01922 5.5
      vertex 6.58527 3.05764 5.5
      vertex 6.38268 5.07612 5.5
    endloop
  endfacet
  facet normal -0 0 1
    outer loop
      vertex 6 5 5.5
      vertex 6.58527 3.05764 5.5
      vertex 6.19509 5.01922 5.5
    endloop
  endfacet
  facet normal 0 0 1
    outer loop
      vertex 6 5 5.5
      vertex 6 3 5.5
      vertex 6.58527 3.05764 5.5
    endloop
  endfacet
  facet normal 0 0 1
    outer loop
      vertex 5.80491 5.01922 5.5
      vertex 6 3 5.5
      vertex 6 5 5.5
    endloop
  endfacet
  facet normal 0 0 1
    outer loop
      vertex 5.41473 3.05764 5.5
      vertex 5.80491 5.01922 5.5
      vertex 5.61732 5.07612 5.5
    endloop
  endfacet
  facet normal 0 0 1
    outer loop
      vertex 4.85195 3.22836 5.5
      vertex 5.61732 5.07612 5.5
      vertex 5.44443 5.16853 5.5
    endloop
  endfacet
  facet normal 0 0 1
    outer loop
      vertex 5.80491 5.01922 5.5
      vertex 5.41473 3.05764 5.5
      vertex 6 3 5.5
    endloop
  endfacet
  facet normal 0 0 1
    outer loop
      vertex 4.33329 3.50559 5.5
      vertex 5.44443 5.16853 5.5
      vertex 5.29289 5.29289 5.5
    endloop
  endfacet
  facet normal 0 0 1
    outer loop
      vertex 3.87868 3.87868 5.5
      vertex 5.29289 5.29289 5.5
      vertex 5.16853 5.44443 5.5
    endloop
  endfacet
  facet normal 0 0 1
    outer loop
      vertex 3.50559 4.33329 5.5
      vertex 5.16853 5.44443 5.5
      vertex 5.07612 5.61732 5.5
    endloop
  endfacet
  facet normal 0 0 1
    outer loop
      vertex 3.22836 4.85195 5.5
      vertex 5.07612 5.61732 5.5
      vertex 5.01922 5.80491 5.5
    endloop
  endfacet
  facet normal 0 0 1
    outer loop
      vertex 5.61732 5.07612 5.5
      vertex 4.85195 3.22836 5.5
      vertex 5.41473 3.05764 5.5
    endloop
  endfacet
  facet normal 0 0 1
    outer loop
      vertex 3.05764 5.41473 5.5
      vertex 5.01922 5.80491 5.5
      vertex 5 6 5.5
    endloop
  endfacet
  facet normal 0 0 1
    outer loop
      vertex 5.16853 6.55557 5.5
      vertex 3.50559 7.66671 5.5
      vertex 5.07612 6.38268 5.5
    endloop
  endfacet
  facet normal -0 0 1
    outer loop
      vertex 3.22836 7.14805 5.5
      vertex 5.07612 6.38268 5.5
      vertex 3.50559 7.66671 5.5
    endloop
  endfacet
  facet normal 0 0 1
    outer loop
      vertex 5.44443 5.16853 5.5
      vertex 4.33329 3.50559 5.5
      vertex 4.85195 3.22836 5.5
    endloop
  endfacet
  facet normal 0 0 1
    outer loop
      vertex 5.07612 6.38268 5.5
      vertex 3.22836 7.14805 5.5
      vertex 5.01922 6.19509 5.5
    endloop
  endfacet
  facet normal 0 0 1
    outer loop
      vertex 5.29289 5.29289 5.5
      vertex 3.87868 3.87868 5.5
      vertex 4.33329 3.50559 5.5
    endloop
  endfacet
  facet normal -0 0 1
    outer loop
      vertex 3.05764 6.58527 5.5
      vertex 5.01922 6.19509 5.5
      vertex 3.22836 7.14805 5.5
    endloop
  endfacet
  facet normal 0 0 1
    outer loop
      vertex 5.16853 5.44443 5.5
      vertex 3.50559 4.33329 5.5
      vertex 3.87868 3.87868 5.5
    endloop
  endfacet
  facet normal 0 0 1
    outer loop
      vertex 5.01922 6.19509 5.5
      vertex 3.05764 6.58527 5.5
      vertex 5 6 5.5
    endloop
  endfacet
  facet normal 0 0 1
    outer loop
      vertex 5.07612 5.61732 5.5
      vertex 3.22836 4.85195 5.5
      vertex 3.50559 4.33329 5.5
    endloop
  endfacet
  facet normal 0 0 1
    outer loop
      vertex 3 6 5.5
      vertex 5 6 5.5
      vertex 3.05764 6.58527 5.5
    endloop
  endfacet
  facet normal 0 0 1
    outer loop
      vertex 5.01922 5.80491 5.5
      vertex 3.05764 5.41473 5.5
      vertex 3.22836 4.85195 5.5
    endloop
  endfacet
  facet normal 0 0 1
    outer loop
      vertex 5 6 5.5
      vertex 3 6 5.5
      vertex 3.05764 5.41473 5.5
    endloop
  endfacet
  facet normal -0.290289 -0.956939 0
    outer loop
      vertex 4.85195 3.22836 2
      vertex 5.41473 3.05764 5.5
      vertex 4.85195 3.22836 5.5
    endloop
  endfacet
  facet normal -0.290289 -0.956939 -0
    outer loop
      vertex 5.41473 3.05764 5.5
      vertex 4.85195 3.22836 2
      vertex 5.41473 3.05764 2
    endloop
  endfacet
  facet normal 0.956939 -0.290289 0
    outer loop
      vertex 8.77164 4.85195 5.5
      vertex 8.94236 5.41473 2
      vertex 8.94236 5.41473 5.5
    endloop
  endfacet
  facet normal 0.956939 -0.290289 0
    outer loop
      vertex 8.94236 5.41473 2
      vertex 8.77164 4.85195 5.5
      vertex 8.77164 4.85195 2
    endloop
  endfacet
  facet normal 0.773009 0.634395 0
    outer loop
      vertex 8.49441 7.66671 5.5
      vertex 8.12132 8.12132 2
      vertex 8.12132 8.12132 5.5
    endloop
  endfacet
  facet normal 0.773009 0.634395 0
    outer loop
      vertex 8.12132 8.12132 2
      vertex 8.49441 7.66671 5.5
      vertex 8.49441 7.66671 2
    endloop
  endfacet
  facet normal 0.634395 -0.773009 0
    outer loop
      vertex 7.66671 3.50559 2
      vertex 8.12132 3.87868 5.5
      vertex 7.66671 3.50559 5.5
    endloop
  endfacet
  facet normal 0.634395 -0.773009 0
    outer loop
      vertex 8.12132 3.87868 5.5
      vertex 7.66671 3.50559 2
      vertex 8.12132 3.87868 2
    endloop
  endfacet
  facet normal -0.634395 -0.773009 0
    outer loop
      vertex 3.87868 3.87868 2
      vertex 4.33329 3.50559 5.5
      vertex 3.87868 3.87868 5.5
    endloop
  endfacet
  facet normal -0.634395 -0.773009 -0
    outer loop
      vertex 4.33329 3.50559 5.5
      vertex 3.87868 3.87868 2
      vertex 4.33329 3.50559 2
    endloop
  endfacet
  facet normal -0.0980103 0.995185 0
    outer loop
      vertex 6 9 2
      vertex 5.41473 8.94236 5.5
      vertex 6 9 5.5
    endloop
  endfacet
  facet normal -0.0980103 0.995185 0
    outer loop
      vertex 5.41473 8.94236 5.5
      vertex 6 9 2
      vertex 5.41473 8.94236 2
    endloop
  endfacet
  facet normal 0.881921 -0.471397 0
    outer loop
      vertex 8.49441 4.33329 5.5
      vertex 8.77164 4.85195 2
      vertex 8.77164 4.85195 5.5
    endloop
  endfacet
  facet normal 0.881921 -0.471397 0
    outer loop
      vertex 8.77164 4.85195 2
      vertex 8.49441 4.33329 5.5
      vertex 8.49441 4.33329 2
    endloop
  endfacet
  facet normal -0.956939 -0.290289 0
    outer loop
      vertex 3.22836 4.85195 2
      vertex 3.05764 5.41473 5.5
      vertex 3.05764 5.41473 2
    endloop
  endfacet
  facet normal -0.956939 -0.290289 0
    outer loop
      vertex 3.05764 5.41473 5.5
      vertex 3.22836 4.85195 2
      vertex 3.22836 4.85195 5.5
    endloop
  endfacet
  facet normal -0.995185 -0.0980103 0
    outer loop
      vertex 3.05764 5.41473 2
      vertex 3 6 5.5
      vertex 3 6 2
    endloop
  endfacet
  facet normal -0.995185 -0.0980103 0
    outer loop
      vertex 3 6 5.5
      vertex 3.05764 5.41473 2
      vertex 3.05764 5.41473 5.5
    endloop
  endfacet
  facet normal -0.773009 -0.634395 0
    outer loop
      vertex 3.87868 3.87868 2
      vertex 3.50559 4.33329 5.5
      vertex 3.50559 4.33329 2
    endloop
  endfacet
  facet normal -0.773009 -0.634395 0
    outer loop
      vertex 3.50559 4.33329 5.5
      vertex 3.87868 3.87868 2
      vertex 3.87868 3.87868 5.5
    endloop
  endfacet
  facet normal -0.773009 0.634395 0
    outer loop
      vertex 3.50559 7.66671 2
      vertex 3.87868 8.12132 5.5
      vertex 3.87868 8.12132 2
    endloop
  endfacet
  facet normal -0.773009 0.634395 0
    outer loop
      vertex 3.87868 8.12132 5.5
      vertex 3.50559 7.66671 2
      vertex 3.50559 7.66671 5.5
    endloop
  endfacet
  facet normal -0.956939 0.290289 0
    outer loop
      vertex 3.05764 6.58527 2
      vertex 3.22836 7.14805 5.5
      vertex 3.22836 7.14805 2
    endloop
  endfacet
  facet normal -0.956939 0.290289 0
    outer loop
      vertex 3.22836 7.14805 5.5
      vertex 3.05764 6.58527 2
      vertex 3.05764 6.58527 5.5
    endloop
  endfacet
  facet normal -0.995185 0.0980103 0
    outer loop
      vertex 3 6 2
      vertex 3.05764 6.58527 5.5
      vertex 3.05764 6.58527 2
    endloop
  endfacet
  facet normal -0.995185 0.0980103 0
    outer loop
      vertex 3.05764 6.58527 5.5
      vertex 3 6 2
      vertex 3 6 5.5
    endloop
  endfacet
  facet normal -0.471397 -0.881921 0
    outer loop
      vertex 4.33329 3.50559 2
      vertex 4.85195 3.22836 5.5
      vertex 4.33329 3.50559 5.5
    endloop
  endfacet
  facet normal -0.471397 -0.881921 -0
    outer loop
      vertex 4.85195 3.22836 5.5
      vertex 4.33329 3.50559 2
      vertex 4.85195 3.22836 2
    endloop
  endfacet
  facet normal -0.47139 0.881925 0
    outer loop
      vertex 6.55557 5.16853 2
      vertex 6.38268 5.07612 5.5
      vertex 6.55557 5.16853 5.5
    endloop
  endfacet
  facet normal -0.47139 0.881925 0
    outer loop
      vertex 6.38268 5.07612 5.5
      vertex 6.55557 5.16853 2
      vertex 6.38268 5.07612 2
    endloop
  endfacet
  facet normal -0.956947 -0.290262 0
    outer loop
      vertex 6.98078 6.19509 2
      vertex 6.92388 6.38268 5.5
      vertex 6.92388 6.38268 2
    endloop
  endfacet
  facet normal -0.956947 -0.290262 0
    outer loop
      vertex 6.92388 6.38268 5.5
      vertex 6.98078 6.19509 2
      vertex 6.98078 6.19509 5.5
    endloop
  endfacet
  facet normal -0.290262 0.956947 0
    outer loop
      vertex 6.38268 5.07612 2
      vertex 6.19509 5.01922 5.5
      vertex 6.38268 5.07612 5.5
    endloop
  endfacet
  facet normal -0.290262 0.956947 0
    outer loop
      vertex 6.19509 5.01922 5.5
      vertex 6.38268 5.07612 2
      vertex 6.19509 5.01922 2
    endloop
  endfacet
  facet normal -0.634376 0.773025 0
    outer loop
      vertex 6.70711 5.29289 2
      vertex 6.55557 5.16853 5.5
      vertex 6.70711 5.29289 5.5
    endloop
  endfacet
  facet normal -0.634376 0.773025 0
    outer loop
      vertex 6.55557 5.16853 5.5
      vertex 6.70711 5.29289 2
      vertex 6.55557 5.16853 2
    endloop
  endfacet
  facet normal 0.634376 -0.773025 0
    outer loop
      vertex 5.29289 6.70711 2
      vertex 5.44443 6.83147 5.5
      vertex 5.29289 6.70711 5.5
    endloop
  endfacet
  facet normal 0.634376 -0.773025 0
    outer loop
      vertex 5.44443 6.83147 5.5
      vertex 5.29289 6.70711 2
      vertex 5.44443 6.83147 2
    endloop
  endfacet
  facet normal -0.995182 0.098044 0
    outer loop
      vertex 6.98078 5.80491 2
      vertex 7 6 5.5
      vertex 7 6 2
    endloop
  endfacet
  facet normal -0.995182 0.098044 0
    outer loop
      vertex 7 6 5.5
      vertex 6.98078 5.80491 2
      vertex 6.98078 5.80491 5.5
    endloop
  endfacet
  facet normal -0.773025 0.634376 0
    outer loop
      vertex 6.70711 5.29289 2
      vertex 6.83147 5.44443 5.5
      vertex 6.83147 5.44443 2
    endloop
  endfacet
  facet normal -0.773025 0.634376 0
    outer loop
      vertex 6.83147 5.44443 5.5
      vertex 6.70711 5.29289 2
      vertex 6.70711 5.29289 5.5
    endloop
  endfacet
  facet normal -0.098044 0.995182 0
    outer loop
      vertex 6.19509 5.01922 2
      vertex 6 5 5.5
      vertex 6.19509 5.01922 5.5
    endloop
  endfacet
  facet normal -0.098044 0.995182 0
    outer loop
      vertex 6 5 5.5
      vertex 6.19509 5.01922 2
      vertex 6 5 2
    endloop
  endfacet
  facet normal 0.773025 -0.634376 0
    outer loop
      vertex 5.16853 6.55557 5.5
      vertex 5.29289 6.70711 2
      vertex 5.29289 6.70711 5.5
    endloop
  endfacet
  facet normal 0.773025 -0.634376 0
    outer loop
      vertex 5.29289 6.70711 2
      vertex 5.16853 6.55557 5.5
      vertex 5.16853 6.55557 2
    endloop
  endfacet
  facet normal -0.773025 -0.634376 0
    outer loop
      vertex 6.83147 6.55557 2
      vertex 6.70711 6.70711 5.5
      vertex 6.70711 6.70711 2
    endloop
  endfacet
  facet normal -0.773025 -0.634376 0
    outer loop
      vertex 6.70711 6.70711 5.5
      vertex 6.83147 6.55557 2
      vertex 6.83147 6.55557 5.5
    endloop
  endfacet
  facet normal -0.995182 -0.098044 0
    outer loop
      vertex 7 6 2
      vertex 6.98078 6.19509 5.5
      vertex 6.98078 6.19509 2
    endloop
  endfacet
  facet normal -0.995182 -0.098044 0
    outer loop
      vertex 6.98078 6.19509 5.5
      vertex 7 6 2
      vertex 7 6 5.5
    endloop
  endfacet
  facet normal -0.098044 -0.995182 0
    outer loop
      vertex 6 7 2
      vertex 6.19509 6.98078 5.5
      vertex 6 7 5.5
    endloop
  endfacet
  facet normal -0.098044 -0.995182 -0
    outer loop
      vertex 6.19509 6.98078 5.5
      vertex 6 7 2
      vertex 6.19509 6.98078 2
    endloop
  endfacet
  facet normal -0.634376 -0.773025 0
    outer loop
      vertex 6.55557 6.83147 2
      vertex 6.70711 6.70711 5.5
      vertex 6.55557 6.83147 5.5
    endloop
  endfacet
  facet normal -0.634376 -0.773025 -0
    outer loop
      vertex 6.70711 6.70711 5.5
      vertex 6.55557 6.83147 2
      vertex 6.70711 6.70711 2
    endloop
  endfacet
  facet normal 0.098044 -0.995182 0
    outer loop
      vertex 5.80491 6.98078 2
      vertex 6 7 5.5
      vertex 5.80491 6.98078 5.5
    endloop
  endfacet
  facet normal 0.098044 -0.995182 0
    outer loop
      vertex 6 7 5.5
      vertex 5.80491 6.98078 2
      vertex 6 7 2
    endloop
  endfacet
  facet normal -0.881925 -0.47139 0
    outer loop
      vertex 6.92388 6.38268 2
      vertex 6.83147 6.55557 5.5
      vertex 6.83147 6.55557 2
    endloop
  endfacet
  facet normal -0.881925 -0.47139 0
    outer loop
      vertex 6.83147 6.55557 5.5
      vertex 6.92388 6.38268 2
      vertex 6.92388 6.38268 5.5
    endloop
  endfacet
  facet normal -0.47139 -0.881925 0
    outer loop
      vertex 6.38268 6.92388 2
      vertex 6.55557 6.83147 5.5
      vertex 6.38268 6.92388 5.5
    endloop
  endfacet
  facet normal -0.47139 -0.881925 -0
    outer loop
      vertex 6.55557 6.83147 5.5
      vertex 6.38268 6.92388 2
      vertex 6.55557 6.83147 2
    endloop
  endfacet
  facet normal 0.881925 -0.47139 0
    outer loop
      vertex 5.07612 6.38268 5.5
      vertex 5.16853 6.55557 2
      vertex 5.16853 6.55557 5.5
    endloop
  endfacet
  facet normal 0.881925 -0.47139 0
    outer loop
      vertex 5.16853 6.55557 2
      vertex 5.07612 6.38268 5.5
      vertex 5.07612 6.38268 2
    endloop
  endfacet
  facet normal 0.290262 -0.956947 0
    outer loop
      vertex 5.61732 6.92388 2
      vertex 5.80491 6.98078 5.5
      vertex 5.61732 6.92388 5.5
    endloop
  endfacet
  facet normal 0.290262 -0.956947 0
    outer loop
      vertex 5.80491 6.98078 5.5
      vertex 5.61732 6.92388 2
      vertex 5.80491 6.98078 2
    endloop
  endfacet
  facet normal 0.47139 0.881925 -0
    outer loop
      vertex 5.61732 5.07612 2
      vertex 5.44443 5.16853 5.5
      vertex 5.61732 5.07612 5.5
    endloop
  endfacet
  facet normal 0.47139 0.881925 0
    outer loop
      vertex 5.44443 5.16853 5.5
      vertex 5.61732 5.07612 2
      vertex 5.44443 5.16853 2
    endloop
  endfacet
  facet normal -0.290262 -0.956947 0
    outer loop
      vertex 6.19509 6.98078 2
      vertex 6.38268 6.92388 5.5
      vertex 6.19509 6.98078 5.5
    endloop
  endfacet
  facet normal -0.290262 -0.956947 -0
    outer loop
      vertex 6.38268 6.92388 5.5
      vertex 6.19509 6.98078 2
      vertex 6.38268 6.92388 2
    endloop
  endfacet
  facet normal 0.995182 -0.098044 0
    outer loop
      vertex 5 6 5.5
      vertex 5.01922 6.19509 2
      vertex 5.01922 6.19509 5.5
    endloop
  endfacet
  facet normal 0.995182 -0.098044 0
    outer loop
      vertex 5.01922 6.19509 2
      vertex 5 6 5.5
      vertex 5 6 2
    endloop
  endfacet
  facet normal 0.290262 0.956947 -0
    outer loop
      vertex 5.80491 5.01922 2
      vertex 5.61732 5.07612 5.5
      vertex 5.80491 5.01922 5.5
    endloop
  endfacet
  facet normal 0.290262 0.956947 0
    outer loop
      vertex 5.61732 5.07612 5.5
      vertex 5.80491 5.01922 2
      vertex 5.61732 5.07612 2
    endloop
  endfacet
  facet normal 0.956947 0.290262 0
    outer loop
      vertex 5.07612 5.61732 5.5
      vertex 5.01922 5.80491 2
      vertex 5.01922 5.80491 5.5
    endloop
  endfacet
  facet normal 0.956947 0.290262 0
    outer loop
      vertex 5.01922 5.80491 2
      vertex 5.07612 5.61732 5.5
      vertex 5.07612 5.61732 2
    endloop
  endfacet
  facet normal -0.881925 0.47139 0
    outer loop
      vertex 6.83147 5.44443 2
      vertex 6.92388 5.61732 5.5
      vertex 6.92388 5.61732 2
    endloop
  endfacet
  facet normal -0.881925 0.47139 0
    outer loop
      vertex 6.92388 5.61732 5.5
      vertex 6.83147 5.44443 2
      vertex 6.83147 5.44443 5.5
    endloop
  endfacet
  facet normal -0.956947 0.290262 0
    outer loop
      vertex 6.92388 5.61732 2
      vertex 6.98078 5.80491 5.5
      vertex 6.98078 5.80491 2
    endloop
  endfacet
  facet normal -0.956947 0.290262 0
    outer loop
      vertex 6.98078 5.80491 5.5
      vertex 6.92388 5.61732 2
      vertex 6.92388 5.61732 5.5
    endloop
  endfacet
  facet normal 0.956947 -0.290262 0
    outer loop
      vertex 5.01922 6.19509 5.5
      vertex 5.07612 6.38268 2
      vertex 5.07612 6.38268 5.5
    endloop
  endfacet
  facet normal 0.956947 -0.290262 0
    outer loop
      vertex 5.07612 6.38268 2
      vertex 5.01922 6.19509 5.5
      vertex 5.01922 6.19509 2
    endloop
  endfacet
  facet normal 0.47139 -0.881925 0
    outer loop
      vertex 5.44443 6.83147 2
      vertex 5.61732 6.92388 5.5
      vertex 5.44443 6.83147 5.5
    endloop
  endfacet
  facet normal 0.47139 -0.881925 0
    outer loop
      vertex 5.61732 6.92388 5.5
      vertex 5.44443 6.83147 2
      vertex 5.61732 6.92388 2
    endloop
  endfacet
  facet normal 0.634376 0.773025 -0
    outer loop
      vertex 5.44443 5.16853 2
      vertex 5.29289 5.29289 5.5
      vertex 5.44443 5.16853 5.5
    endloop
  endfacet
  facet normal 0.634376 0.773025 0
    outer loop
      vertex 5.29289 5.29289 5.5
      vertex 5.44443 5.16853 2
      vertex 5.29289 5.29289 2
    endloop
  endfacet
  facet normal 0.881925 0.47139 0
    outer loop
      vertex 5.16853 5.44443 5.5
      vertex 5.07612 5.61732 2
      vertex 5.07612 5.61732 5.5
    endloop
  endfacet
  facet normal 0.881925 0.47139 0
    outer loop
      vertex 5.07612 5.61732 2
      vertex 5.16853 5.44443 5.5
      vertex 5.16853 5.44443 2
    endloop
  endfacet
  facet normal 0.773025 0.634376 0
    outer loop
      vertex 5.29289 5.29289 5.5
      vertex 5.16853 5.44443 2
      vertex 5.16853 5.44443 5.5
    endloop
  endfacet
  facet normal 0.773025 0.634376 0
    outer loop
      vertex 5.16853 5.44443 2
      vertex 5.29289 5.29289 5.5
      vertex 5.29289 5.29289 2
    endloop
  endfacet
  facet normal 0.995182 0.098044 0
    outer loop
      vertex 5.01922 5.80491 5.5
      vertex 5 6 2
      vertex 5 6 5.5
    endloop
  endfacet
  facet normal 0.995182 0.098044 0
    outer loop
      vertex 5 6 2
      vertex 5.01922 5.80491 5.5
      vertex 5.01922 5.80491 2
    endloop
  endfacet
  facet normal 0.098044 0.995182 -0
    outer loop
      vertex 6 5 2
      vertex 5.80491 5.01922 5.5
      vertex 6 5 5.5
    endloop
  endfacet
  facet normal 0.098044 0.995182 0
    outer loop
      vertex 5.80491 5.01922 5.5
      vertex 6 5 2
      vertex 5.80491 5.01922 2
    endloop
  endfacet
  facet normal -0.471369 0.881936 0
    outer loop
      vertex 52.852 8.77164 2
      vertex 52.3333 8.49441 5.5
      vertex 52.852 8.77164 5.5
    endloop
  endfacet
  facet normal -0.471369 0.881936 0
    outer loop
      vertex 52.3333 8.49441 5.5
      vertex 52.852 8.77164 2
      vertex 52.3333 8.49441 2
    endloop
  endfacet
  facet normal 0.471369 0.881936 -0
    outer loop
      vertex 55.6667 8.49441 2
      vertex 55.148 8.77164 5.5
      vertex 55.6667 8.49441 5.5
    endloop
  endfacet
  facet normal 0.471369 0.881936 0
    outer loop
      vertex 55.148 8.77164 5.5
      vertex 55.6667 8.49441 2
      vertex 55.148 8.77164 2
    endloop
  endfacet
  facet normal 0.956901 0.290413 0
    outer loop
      vertex 56.9424 6.58527 5.5
      vertex 56.7716 7.14805 2
      vertex 56.7716 7.14805 5.5
    endloop
  endfacet
  facet normal 0.956901 0.290413 0
    outer loop
      vertex 56.7716 7.14805 2
      vertex 56.9424 6.58527 5.5
      vertex 56.9424 6.58527 2
    endloop
  endfacet
  facet normal 0.995192 0.0979429 0
    outer loop
      vertex 57 6 5.5
      vertex 56.9424 6.58527 2
      vertex 56.9424 6.58527 5.5
    endloop
  endfacet
  facet normal 0.995192 0.0979429 0
    outer loop
      vertex 56.9424 6.58527 2
      vertex 57 6 5.5
      vertex 57 6 2
    endloop
  endfacet
  facet normal 0.881942 0.471358 0
    outer loop
      vertex 56.7716 7.14805 5.5
      vertex 56.4944 7.66671 2
      vertex 56.4944 7.66671 5.5
    endloop
  endfacet
  facet normal 0.881942 0.471358 0
    outer loop
      vertex 56.4944 7.66671 2
      vertex 56.7716 7.14805 5.5
      vertex 56.7716 7.14805 2
    endloop
  endfacet
  facet normal 0.0980053 0.995186 -0
    outer loop
      vertex 54.5853 8.94236 2
      vertex 54 9 5.5
      vertex 54.5853 8.94236 5.5
    endloop
  endfacet
  facet normal 0.0980053 0.995186 0
    outer loop
      vertex 54 9 5.5
      vertex 54.5853 8.94236 2
      vertex 54 9 2
    endloop
  endfacet
  facet normal 0.0980053 -0.995186 0
    outer loop
      vertex 54 3 2
      vertex 54.5853 3.05764 5.5
      vertex 54 3 5.5
    endloop
  endfacet
  facet normal 0.0980053 -0.995186 0
    outer loop
      vertex 54.5853 3.05764 5.5
      vertex 54 3 2
      vertex 54.5853 3.05764 2
    endloop
  endfacet
  facet normal 0.290326 0.956928 -0
    outer loop
      vertex 55.148 8.77164 2
      vertex 54.5853 8.94236 5.5
      vertex 55.148 8.77164 5.5
    endloop
  endfacet
  facet normal 0.290326 0.956928 0
    outer loop
      vertex 54.5853 8.94236 5.5
      vertex 55.148 8.77164 2
      vertex 54.5853 8.94236 2
    endloop
  endfacet
  facet normal 0.634403 0.773003 -0
    outer loop
      vertex 56.1213 8.12132 2
      vertex 55.6667 8.49441 5.5
      vertex 56.1213 8.12132 5.5
    endloop
  endfacet
  facet normal 0.634403 0.773003 0
    outer loop
      vertex 55.6667 8.49441 5.5
      vertex 56.1213 8.12132 2
      vertex 55.6667 8.49441 2
    endloop
  endfacet
  facet normal 0.773001 -0.634405 0
    outer loop
      vertex 56.1213 3.87868 5.5
      vertex 56.4944 4.33329 2
      vertex 56.4944 4.33329 5.5
    endloop
  endfacet
  facet normal 0.773001 -0.634405 0
    outer loop
      vertex 56.4944 4.33329 2
      vertex 56.1213 3.87868 5.5
      vertex 56.1213 3.87868 2
    endloop
  endfacet
  facet normal -0.634403 0.773003 0
    outer loop
      vertex 52.3333 8.49441 2
      vertex 51.8787 8.12132 5.5
      vertex 52.3333 8.49441 5.5
    endloop
  endfacet
  facet normal -0.634403 0.773003 0
    outer loop
      vertex 51.8787 8.12132 5.5
      vertex 52.3333 8.49441 2
      vertex 51.8787 8.12132 2
    endloop
  endfacet
  facet normal 0.471369 -0.881936 0
    outer loop
      vertex 55.148 3.22836 2
      vertex 55.6667 3.50559 5.5
      vertex 55.148 3.22836 5.5
    endloop
  endfacet
  facet normal 0.471369 -0.881936 0
    outer loop
      vertex 55.6667 3.50559 5.5
      vertex 55.148 3.22836 2
      vertex 55.6667 3.50559 2
    endloop
  endfacet
  facet normal -0.881942 -0.471358 0
    outer loop
      vertex 51.5056 4.33329 2
      vertex 51.2284 4.85195 5.5
      vertex 51.2284 4.85195 2
    endloop
  endfacet
  facet normal -0.881942 -0.471358 0
    outer loop
      vertex 51.2284 4.85195 5.5
      vertex 51.5056 4.33329 2
      vertex 51.5056 4.33329 5.5
    endloop
  endfacet
  facet normal 0.995192 -0.0979429 0
    outer loop
      vertex 56.9424 5.41473 5.5
      vertex 57 6 2
      vertex 57 6 5.5
    endloop
  endfacet
  facet normal 0.995192 -0.0979429 0
    outer loop
      vertex 57 6 2
      vertex 56.9424 5.41473 5.5
      vertex 56.9424 5.41473 2
    endloop
  endfacet
  facet normal -0.290326 0.956928 0
    outer loop
      vertex 53.4147 8.94236 2
      vertex 52.852 8.77164 5.5
      vertex 53.4147 8.94236 5.5
    endloop
  endfacet
  facet normal -0.290326 0.956928 0
    outer loop
      vertex 52.852 8.77164 5.5
      vertex 53.4147 8.94236 2
      vertex 52.852 8.77164 2
    endloop
  endfacet
  facet normal -0.0980053 -0.995186 0
    outer loop
      vertex 53.4147 3.05764 2
      vertex 54 3 5.5
      vertex 53.4147 3.05764 5.5
    endloop
  endfacet
  facet normal -0.0980053 -0.995186 -0
    outer loop
      vertex 54 3 5.5
      vertex 53.4147 3.05764 2
      vertex 54 3 2
    endloop
  endfacet
  facet normal -0.881942 0.471358 0
    outer loop
      vertex 51.2284 7.14805 2
      vertex 51.5056 7.66671 5.5
      vertex 51.5056 7.66671 2
    endloop
  endfacet
  facet normal -0.881942 0.471358 0
    outer loop
      vertex 51.5056 7.66671 5.5
      vertex 51.2284 7.14805 2
      vertex 51.2284 7.14805 5.5
    endloop
  endfacet
  facet normal 0.290326 -0.956928 0
    outer loop
      vertex 54.5853 3.05764 2
      vertex 55.148 3.22836 5.5
      vertex 54.5853 3.05764 5.5
    endloop
  endfacet
  facet normal 0.290326 -0.956928 0
    outer loop
      vertex 55.148 3.22836 5.5
      vertex 54.5853 3.05764 2
      vertex 55.148 3.22836 2
    endloop
  endfacet
  facet normal 0 0 1
    outer loop
      vertex 55 6 5.5
      vertex 57 6 5.5
      vertex 56.9424 6.58527 5.5
    endloop
  endfacet
  facet normal 0 0 1
    outer loop
      vertex 54.9808 6.19509 5.5
      vertex 56.9424 6.58527 5.5
      vertex 56.7716 7.14805 5.5
    endloop
  endfacet
  facet normal 0 0 1
    outer loop
      vertex 57 6 5.5
      vertex 55 6 5.5
      vertex 56.9424 5.41473 5.5
    endloop
  endfacet
  facet normal 0 0 1
    outer loop
      vertex 54.9239 6.38268 5.5
      vertex 56.7716 7.14805 5.5
      vertex 56.4944 7.66671 5.5
    endloop
  endfacet
  facet normal -0 0 1
    outer loop
      vertex 54.9808 5.80491 5.5
      vertex 56.9424 5.41473 5.5
      vertex 55 6 5.5
    endloop
  endfacet
  facet normal 0 0 1
    outer loop
      vertex 54.8315 6.55557 5.5
      vertex 56.4944 7.66671 5.5
      vertex 56.1213 8.12132 5.5
    endloop
  endfacet
  facet normal 0 0 1
    outer loop
      vertex 56.9424 5.41473 5.5
      vertex 54.9808 5.80491 5.5
      vertex 56.7716 4.85195 5.5
    endloop
  endfacet
  facet normal 0 0 1
    outer loop
      vertex 54.7071 6.70711 5.5
      vertex 56.1213 8.12132 5.5
      vertex 55.6667 8.49441 5.5
    endloop
  endfacet
  facet normal -0 0 1
    outer loop
      vertex 54.9239 5.61732 5.5
      vertex 56.7716 4.85195 5.5
      vertex 54.9808 5.80491 5.5
    endloop
  endfacet
  facet normal 0 0 1
    outer loop
      vertex 54.5556 6.83147 5.5
      vertex 55.6667 8.49441 5.5
      vertex 55.148 8.77164 5.5
    endloop
  endfacet
  facet normal 0 0 1
    outer loop
      vertex 56.7716 4.85195 5.5
      vertex 54.9239 5.61732 5.5
      vertex 56.4944 4.33329 5.5
    endloop
  endfacet
  facet normal -0 0 1
    outer loop
      vertex 54.8315 5.44443 5.5
      vertex 56.4944 4.33329 5.5
      vertex 54.9239 5.61732 5.5
    endloop
  endfacet
  facet normal 0 0 1
    outer loop
      vertex 56.9424 6.58527 5.5
      vertex 54.9808 6.19509 5.5
      vertex 55 6 5.5
    endloop
  endfacet
  facet normal 0 0 1
    outer loop
      vertex 56.7716 7.14805 5.5
      vertex 54.9239 6.38268 5.5
      vertex 54.9808 6.19509 5.5
    endloop
  endfacet
  facet normal 0 0 1
    outer loop
      vertex 56.4944 7.66671 5.5
      vertex 54.8315 6.55557 5.5
      vertex 54.9239 6.38268 5.5
    endloop
  endfacet
  facet normal 0 0 1
    outer loop
      vertex 56.1213 8.12132 5.5
      vertex 54.7071 6.70711 5.5
      vertex 54.8315 6.55557 5.5
    endloop
  endfacet
  facet normal 0 0 1
    outer loop
      vertex 54.3827 6.92388 5.5
      vertex 55.148 8.77164 5.5
      vertex 54.5853 8.94236 5.5
    endloop
  endfacet
  facet normal 0 0 1
    outer loop
      vertex 55.6667 8.49441 5.5
      vertex 54.5556 6.83147 5.5
      vertex 54.7071 6.70711 5.5
    endloop
  endfacet
  facet normal 0 0 1
    outer loop
      vertex 55.148 8.77164 5.5
      vertex 54.3827 6.92388 5.5
      vertex 54.5556 6.83147 5.5
    endloop
  endfacet
  facet normal 0 0 1
    outer loop
      vertex 54.5853 8.94236 5.5
      vertex 54.1951 6.98078 5.5
      vertex 54.3827 6.92388 5.5
    endloop
  endfacet
  facet normal 0 0 1
    outer loop
      vertex 54 9 5.5
      vertex 54.1951 6.98078 5.5
      vertex 54.5853 8.94236 5.5
    endloop
  endfacet
  facet normal 0 0 1
    outer loop
      vertex 54 9 5.5
      vertex 54 7 5.5
      vertex 54.1951 6.98078 5.5
    endloop
  endfacet
  facet normal 0 0 1
    outer loop
      vertex 54 9 5.5
      vertex 53.8049 6.98078 5.5
      vertex 54 7 5.5
    endloop
  endfacet
  facet normal -0 0 1
    outer loop
      vertex 53.4147 8.94236 5.5
      vertex 53.8049 6.98078 5.5
      vertex 54 9 5.5
    endloop
  endfacet
  facet normal 0 0 1
    outer loop
      vertex 53.8049 6.98078 5.5
      vertex 53.4147 8.94236 5.5
      vertex 53.6173 6.92388 5.5
    endloop
  endfacet
  facet normal -0 0 1
    outer loop
      vertex 52.852 8.77164 5.5
      vertex 53.6173 6.92388 5.5
      vertex 53.4147 8.94236 5.5
    endloop
  endfacet
  facet normal 0 0 1
    outer loop
      vertex 53.6173 6.92388 5.5
      vertex 52.852 8.77164 5.5
      vertex 53.4444 6.83147 5.5
    endloop
  endfacet
  facet normal -0 0 1
    outer loop
      vertex 52.3333 8.49441 5.5
      vertex 53.4444 6.83147 5.5
      vertex 52.852 8.77164 5.5
    endloop
  endfacet
  facet normal 0 0 1
    outer loop
      vertex 53.4444 6.83147 5.5
      vertex 52.3333 8.49441 5.5
      vertex 53.2929 6.70711 5.5
    endloop
  endfacet
  facet normal -0 0 1
    outer loop
      vertex 51.8787 8.12132 5.5
      vertex 53.2929 6.70711 5.5
      vertex 52.3333 8.49441 5.5
    endloop
  endfacet
  facet normal -0 0 1
    outer loop
      vertex 51.5056 7.66671 5.5
      vertex 53.1685 6.55557 5.5
      vertex 51.8787 8.12132 5.5
    endloop
  endfacet
  facet normal 0 0 1
    outer loop
      vertex 53.2929 6.70711 5.5
      vertex 51.8787 8.12132 5.5
      vertex 53.1685 6.55557 5.5
    endloop
  endfacet
  facet normal 0 0 1
    outer loop
      vertex 56.4944 4.33329 5.5
      vertex 54.8315 5.44443 5.5
      vertex 56.1213 3.87868 5.5
    endloop
  endfacet
  facet normal -0 0 1
    outer loop
      vertex 54.7071 5.29289 5.5
      vertex 56.1213 3.87868 5.5
      vertex 54.8315 5.44443 5.5
    endloop
  endfacet
  facet normal 0 0 1
    outer loop
      vertex 56.1213 3.87868 5.5
      vertex 54.7071 5.29289 5.5
      vertex 55.6667 3.50559 5.5
    endloop
  endfacet
  facet normal -0 0 1
    outer loop
      vertex 54.5556 5.16853 5.5
      vertex 55.6667 3.50559 5.5
      vertex 54.7071 5.29289 5.5
    endloop
  endfacet
  facet normal 0 0 1
    outer loop
      vertex 55.6667 3.50559 5.5
      vertex 54.5556 5.16853 5.5
      vertex 55.148 3.22836 5.5
    endloop
  endfacet
  facet normal -0 0 1
    outer loop
      vertex 54.3827 5.07612 5.5
      vertex 55.148 3.22836 5.5
      vertex 54.5556 5.16853 5.5
    endloop
  endfacet
  facet normal 0 0 1
    outer loop
      vertex 55.148 3.22836 5.5
      vertex 54.3827 5.07612 5.5
      vertex 54.5853 3.05764 5.5
    endloop
  endfacet
  facet normal -0 0 1
    outer loop
      vertex 54.1951 5.01922 5.5
      vertex 54.5853 3.05764 5.5
      vertex 54.3827 5.07612 5.5
    endloop
  endfacet
  facet normal -0 0 1
    outer loop
      vertex 54 5 5.5
      vertex 54.5853 3.05764 5.5
      vertex 54.1951 5.01922 5.5
    endloop
  endfacet
  facet normal 0 0 1
    outer loop
      vertex 54 5 5.5
      vertex 54 3 5.5
      vertex 54.5853 3.05764 5.5
    endloop
  endfacet
  facet normal 0 0 1
    outer loop
      vertex 53.8049 5.01922 5.5
      vertex 54 3 5.5
      vertex 54 5 5.5
    endloop
  endfacet
  facet normal 0 0 1
    outer loop
      vertex 53.4147 3.05764 5.5
      vertex 53.8049 5.01922 5.5
      vertex 53.6173 5.07612 5.5
    endloop
  endfacet
  facet normal 0 0 1
    outer loop
      vertex 52.852 3.22836 5.5
      vertex 53.6173 5.07612 5.5
      vertex 53.4444 5.16853 5.5
    endloop
  endfacet
  facet normal 0 0 1
    outer loop
      vertex 53.8049 5.01922 5.5
      vertex 53.4147 3.05764 5.5
      vertex 54 3 5.5
    endloop
  endfacet
  facet normal 0 0 1
    outer loop
      vertex 52.3333 3.50559 5.5
      vertex 53.4444 5.16853 5.5
      vertex 53.2929 5.29289 5.5
    endloop
  endfacet
  facet normal 0 0 1
    outer loop
      vertex 51.8787 3.87868 5.5
      vertex 53.2929 5.29289 5.5
      vertex 53.1685 5.44443 5.5
    endloop
  endfacet
  facet normal 0 0 1
    outer loop
      vertex 51.5056 4.33329 5.5
      vertex 53.1685 5.44443 5.5
      vertex 53.0761 5.61732 5.5
    endloop
  endfacet
  facet normal 0 0 1
    outer loop
      vertex 51.2284 4.85195 5.5
      vertex 53.0761 5.61732 5.5
      vertex 53.0192 5.80491 5.5
    endloop
  endfacet
  facet normal 0 0 1
    outer loop
      vertex 53.6173 5.07612 5.5
      vertex 52.852 3.22836 5.5
      vertex 53.4147 3.05764 5.5
    endloop
  endfacet
  facet normal 0 0 1
    outer loop
      vertex 51.0576 5.41473 5.5
      vertex 53.0192 5.80491 5.5
      vertex 53 6 5.5
    endloop
  endfacet
  facet normal 0 0 1
    outer loop
      vertex 53.1685 6.55557 5.5
      vertex 51.5056 7.66671 5.5
      vertex 53.0761 6.38268 5.5
    endloop
  endfacet
  facet normal -0 0 1
    outer loop
      vertex 51.2284 7.14805 5.5
      vertex 53.0761 6.38268 5.5
      vertex 51.5056 7.66671 5.5
    endloop
  endfacet
  facet normal 0 0 1
    outer loop
      vertex 53.4444 5.16853 5.5
      vertex 52.3333 3.50559 5.5
      vertex 52.852 3.22836 5.5
    endloop
  endfacet
  facet normal 0 0 1
    outer loop
      vertex 53.0761 6.38268 5.5
      vertex 51.2284 7.14805 5.5
      vertex 53.0192 6.19509 5.5
    endloop
  endfacet
  facet normal 0 0 1
    outer loop
      vertex 53.2929 5.29289 5.5
      vertex 51.8787 3.87868 5.5
      vertex 52.3333 3.50559 5.5
    endloop
  endfacet
  facet normal -0 0 1
    outer loop
      vertex 51.0576 6.58527 5.5
      vertex 53.0192 6.19509 5.5
      vertex 51.2284 7.14805 5.5
    endloop
  endfacet
  facet normal 0 0 1
    outer loop
      vertex 53.1685 5.44443 5.5
      vertex 51.5056 4.33329 5.5
      vertex 51.8787 3.87868 5.5
    endloop
  endfacet
  facet normal 0 0 1
    outer loop
      vertex 53.0192 6.19509 5.5
      vertex 51.0576 6.58527 5.5
      vertex 53 6 5.5
    endloop
  endfacet
  facet normal 0 0 1
    outer loop
      vertex 53.0761 5.61732 5.5
      vertex 51.2284 4.85195 5.5
      vertex 51.5056 4.33329 5.5
    endloop
  endfacet
  facet normal 0 0 1
    outer loop
      vertex 51 6 5.5
      vertex 53 6 5.5
      vertex 51.0576 6.58527 5.5
    endloop
  endfacet
  facet normal 0 0 1
    outer loop
      vertex 53.0192 5.80491 5.5
      vertex 51.0576 5.41473 5.5
      vertex 51.2284 4.85195 5.5
    endloop
  endfacet
  facet normal 0 0 1
    outer loop
      vertex 53 6 5.5
      vertex 51 6 5.5
      vertex 51.0576 5.41473 5.5
    endloop
  endfacet
  facet normal -0.290326 -0.956928 0
    outer loop
      vertex 52.852 3.22836 2
      vertex 53.4147 3.05764 5.5
      vertex 52.852 3.22836 5.5
    endloop
  endfacet
  facet normal -0.290326 -0.956928 -0
    outer loop
      vertex 53.4147 3.05764 5.5
      vertex 52.852 3.22836 2
      vertex 53.4147 3.05764 2
    endloop
  endfacet
  facet normal 0.956901 -0.290413 0
    outer loop
      vertex 56.7716 4.85195 5.5
      vertex 56.9424 5.41473 2
      vertex 56.9424 5.41473 5.5
    endloop
  endfacet
  facet normal 0.956901 -0.290413 0
    outer loop
      vertex 56.9424 5.41473 2
      vertex 56.7716 4.85195 5.5
      vertex 56.7716 4.85195 2
    endloop
  endfacet
  facet normal 0.773001 0.634405 0
    outer loop
      vertex 56.4944 7.66671 5.5
      vertex 56.1213 8.12132 2
      vertex 56.1213 8.12132 5.5
    endloop
  endfacet
  facet normal 0.773001 0.634405 0
    outer loop
      vertex 56.1213 8.12132 2
      vertex 56.4944 7.66671 5.5
      vertex 56.4944 7.66671 2
    endloop
  endfacet
  facet normal 0.634403 -0.773003 0
    outer loop
      vertex 55.6667 3.50559 2
      vertex 56.1213 3.87868 5.5
      vertex 55.6667 3.50559 5.5
    endloop
  endfacet
  facet normal 0.634403 -0.773003 0
    outer loop
      vertex 56.1213 3.87868 5.5
      vertex 55.6667 3.50559 2
      vertex 56.1213 3.87868 2
    endloop
  endfacet
  facet normal -0.634403 -0.773003 0
    outer loop
      vertex 51.8787 3.87868 2
      vertex 52.3333 3.50559 5.5
      vertex 51.8787 3.87868 5.5
    endloop
  endfacet
  facet normal -0.634403 -0.773003 -0
    outer loop
      vertex 52.3333 3.50559 5.5
      vertex 51.8787 3.87868 2
      vertex 52.3333 3.50559 2
    endloop
  endfacet
  facet normal -0.0980053 0.995186 0
    outer loop
      vertex 54 9 2
      vertex 53.4147 8.94236 5.5
      vertex 54 9 5.5
    endloop
  endfacet
  facet normal -0.0980053 0.995186 0
    outer loop
      vertex 53.4147 8.94236 5.5
      vertex 54 9 2
      vertex 53.4147 8.94236 2
    endloop
  endfacet
  facet normal 0.881942 -0.471358 0
    outer loop
      vertex 56.4944 4.33329 5.5
      vertex 56.7716 4.85195 2
      vertex 56.7716 4.85195 5.5
    endloop
  endfacet
  facet normal 0.881942 -0.471358 0
    outer loop
      vertex 56.7716 4.85195 2
      vertex 56.4944 4.33329 5.5
      vertex 56.4944 4.33329 2
    endloop
  endfacet
  facet normal -0.956901 -0.290413 0
    outer loop
      vertex 51.2284 4.85195 2
      vertex 51.0576 5.41473 5.5
      vertex 51.0576 5.41473 2
    endloop
  endfacet
  facet normal -0.956901 -0.290413 0
    outer loop
      vertex 51.0576 5.41473 5.5
      vertex 51.2284 4.85195 2
      vertex 51.2284 4.85195 5.5
    endloop
  endfacet
  facet normal -0.995192 -0.0979429 0
    outer loop
      vertex 51.0576 5.41473 2
      vertex 51 6 5.5
      vertex 51 6 2
    endloop
  endfacet
  facet normal -0.995192 -0.0979429 0
    outer loop
      vertex 51 6 5.5
      vertex 51.0576 5.41473 2
      vertex 51.0576 5.41473 5.5
    endloop
  endfacet
  facet normal -0.773001 -0.634405 0
    outer loop
      vertex 51.8787 3.87868 2
      vertex 51.5056 4.33329 5.5
      vertex 51.5056 4.33329 2
    endloop
  endfacet
  facet normal -0.773001 -0.634405 0
    outer loop
      vertex 51.5056 4.33329 5.5
      vertex 51.8787 3.87868 2
      vertex 51.8787 3.87868 5.5
    endloop
  endfacet
  facet normal -0.773001 0.634405 0
    outer loop
      vertex 51.5056 7.66671 2
      vertex 51.8787 8.12132 5.5
      vertex 51.8787 8.12132 2
    endloop
  endfacet
  facet normal -0.773001 0.634405 0
    outer loop
      vertex 51.8787 8.12132 5.5
      vertex 51.5056 7.66671 2
      vertex 51.5056 7.66671 5.5
    endloop
  endfacet
  facet normal -0.956901 0.290413 0
    outer loop
      vertex 51.0576 6.58527 2
      vertex 51.2284 7.14805 5.5
      vertex 51.2284 7.14805 2
    endloop
  endfacet
  facet normal -0.956901 0.290413 0
    outer loop
      vertex 51.2284 7.14805 5.5
      vertex 51.0576 6.58527 2
      vertex 51.0576 6.58527 5.5
    endloop
  endfacet
  facet normal -0.995192 0.0979429 0
    outer loop
      vertex 51 6 2
      vertex 51.0576 6.58527 5.5
      vertex 51.0576 6.58527 2
    endloop
  endfacet
  facet normal -0.995192 0.0979429 0
    outer loop
      vertex 51.0576 6.58527 5.5
      vertex 51 6 2
      vertex 51 6 5.5
    endloop
  endfacet
  facet normal -0.471369 -0.881936 0
    outer loop
      vertex 52.3333 3.50559 2
      vertex 52.852 3.22836 5.5
      vertex 52.3333 3.50559 5.5
    endloop
  endfacet
  facet normal -0.471369 -0.881936 -0
    outer loop
      vertex 52.852 3.22836 5.5
      vertex 52.3333 3.50559 2
      vertex 52.852 3.22836 2
    endloop
  endfacet
  facet normal -0.471369 0.881936 0
    outer loop
      vertex 54.5556 5.16853 2
      vertex 54.3827 5.07612 5.5
      vertex 54.5556 5.16853 5.5
    endloop
  endfacet
  facet normal -0.471369 0.881936 0
    outer loop
      vertex 54.3827 5.07612 5.5
      vertex 54.5556 5.16853 2
      vertex 54.3827 5.07612 2
    endloop
  endfacet
  facet normal -0.956947 -0.290262 0
    outer loop
      vertex 54.9808 6.19509 2
      vertex 54.9239 6.38268 5.5
      vertex 54.9239 6.38268 2
    endloop
  endfacet
  facet normal -0.956947 -0.290262 0
    outer loop
      vertex 54.9239 6.38268 5.5
      vertex 54.9808 6.19509 2
      vertex 54.9808 6.19509 5.5
    endloop
  endfacet
  facet normal -0.290248 0.956951 0
    outer loop
      vertex 54.3827 5.07612 2
      vertex 54.1951 5.01922 5.5
      vertex 54.3827 5.07612 5.5
    endloop
  endfacet
  facet normal -0.290248 0.956951 0
    outer loop
      vertex 54.1951 5.01922 5.5
      vertex 54.3827 5.07612 2
      vertex 54.1951 5.01922 2
    endloop
  endfacet
  facet normal -0.634476 0.772942 0
    outer loop
      vertex 54.7071 5.29289 2
      vertex 54.5556 5.16853 5.5
      vertex 54.7071 5.29289 5.5
    endloop
  endfacet
  facet normal -0.634476 0.772942 0
    outer loop
      vertex 54.5556 5.16853 5.5
      vertex 54.7071 5.29289 2
      vertex 54.5556 5.16853 2
    endloop
  endfacet
  facet normal 0.634476 -0.772942 0
    outer loop
      vertex 53.2929 6.70711 2
      vertex 53.4444 6.83147 5.5
      vertex 53.2929 6.70711 5.5
    endloop
  endfacet
  facet normal 0.634476 -0.772942 0
    outer loop
      vertex 53.4444 6.83147 5.5
      vertex 53.2929 6.70711 2
      vertex 53.4444 6.83147 2
    endloop
  endfacet
  facet normal -0.995192 0.0979429 0
    outer loop
      vertex 54.9808 5.80491 2
      vertex 55 6 5.5
      vertex 55 6 2
    endloop
  endfacet
  facet normal -0.995192 0.0979429 0
    outer loop
      vertex 55 6 5.5
      vertex 54.9808 5.80491 2
      vertex 54.9808 5.80491 5.5
    endloop
  endfacet
  facet normal -0.772925 0.634498 0
    outer loop
      vertex 54.7071 5.29289 2
      vertex 54.8315 5.44443 5.5
      vertex 54.8315 5.44443 2
    endloop
  endfacet
  facet normal -0.772925 0.634498 0
    outer loop
      vertex 54.8315 5.44443 5.5
      vertex 54.7071 5.29289 2
      vertex 54.7071 5.29289 5.5
    endloop
  endfacet
  facet normal -0.098039 0.995183 0
    outer loop
      vertex 54.1951 5.01922 2
      vertex 54 5 5.5
      vertex 54.1951 5.01922 5.5
    endloop
  endfacet
  facet normal -0.098039 0.995183 0
    outer loop
      vertex 54 5 5.5
      vertex 54.1951 5.01922 2
      vertex 54 5 2
    endloop
  endfacet
  facet normal 0.772925 -0.634498 0
    outer loop
      vertex 53.1685 6.55557 5.5
      vertex 53.2929 6.70711 2
      vertex 53.2929 6.70711 5.5
    endloop
  endfacet
  facet normal 0.772925 -0.634498 0
    outer loop
      vertex 53.2929 6.70711 2
      vertex 53.1685 6.55557 5.5
      vertex 53.1685 6.55557 2
    endloop
  endfacet
  facet normal -0.772925 -0.634498 0
    outer loop
      vertex 54.8315 6.55557 2
      vertex 54.7071 6.70711 5.5
      vertex 54.7071 6.70711 2
    endloop
  endfacet
  facet normal -0.772925 -0.634498 0
    outer loop
      vertex 54.7071 6.70711 5.5
      vertex 54.8315 6.55557 2
      vertex 54.8315 6.55557 5.5
    endloop
  endfacet
  facet normal -0.995192 -0.0979429 0
    outer loop
      vertex 55 6 2
      vertex 54.9808 6.19509 5.5
      vertex 54.9808 6.19509 2
    endloop
  endfacet
  facet normal -0.995192 -0.0979429 0
    outer loop
      vertex 54.9808 6.19509 5.5
      vertex 55 6 2
      vertex 55 6 5.5
    endloop
  endfacet
  facet normal -0.098039 -0.995183 0
    outer loop
      vertex 54 7 2
      vertex 54.1951 6.98078 5.5
      vertex 54 7 5.5
    endloop
  endfacet
  facet normal -0.098039 -0.995183 -0
    outer loop
      vertex 54.1951 6.98078 5.5
      vertex 54 7 2
      vertex 54.1951 6.98078 2
    endloop
  endfacet
  facet normal -0.634476 -0.772942 0
    outer loop
      vertex 54.5556 6.83147 2
      vertex 54.7071 6.70711 5.5
      vertex 54.5556 6.83147 5.5
    endloop
  endfacet
  facet normal -0.634476 -0.772942 -0
    outer loop
      vertex 54.7071 6.70711 5.5
      vertex 54.5556 6.83147 2
      vertex 54.7071 6.70711 2
    endloop
  endfacet
  facet normal 0.098039 -0.995183 0
    outer loop
      vertex 53.8049 6.98078 2
      vertex 54 7 5.5
      vertex 53.8049 6.98078 5.5
    endloop
  endfacet
  facet normal 0.098039 -0.995183 0
    outer loop
      vertex 54 7 5.5
      vertex 53.8049 6.98078 2
      vertex 54 7 2
    endloop
  endfacet
  facet normal -0.881946 -0.471351 0
    outer loop
      vertex 54.9239 6.38268 2
      vertex 54.8315 6.55557 5.5
      vertex 54.8315 6.55557 2
    endloop
  endfacet
  facet normal -0.881946 -0.471351 0
    outer loop
      vertex 54.8315 6.55557 5.5
      vertex 54.9239 6.38268 2
      vertex 54.9239 6.38268 5.5
    endloop
  endfacet
  facet normal -0.471369 -0.881936 0
    outer loop
      vertex 54.3827 6.92388 2
      vertex 54.5556 6.83147 5.5
      vertex 54.3827 6.92388 5.5
    endloop
  endfacet
  facet normal -0.471369 -0.881936 -0
    outer loop
      vertex 54.5556 6.83147 5.5
      vertex 54.3827 6.92388 2
      vertex 54.5556 6.83147 2
    endloop
  endfacet
  facet normal 0.881946 -0.471351 0
    outer loop
      vertex 53.0761 6.38268 5.5
      vertex 53.1685 6.55557 2
      vertex 53.1685 6.55557 5.5
    endloop
  endfacet
  facet normal 0.881946 -0.471351 0
    outer loop
      vertex 53.1685 6.55557 2
      vertex 53.0761 6.38268 5.5
      vertex 53.0761 6.38268 2
    endloop
  endfacet
  facet normal 0.290248 -0.956951 0
    outer loop
      vertex 53.6173 6.92388 2
      vertex 53.8049 6.98078 5.5
      vertex 53.6173 6.92388 5.5
    endloop
  endfacet
  facet normal 0.290248 -0.956951 0
    outer loop
      vertex 53.8049 6.98078 5.5
      vertex 53.6173 6.92388 2
      vertex 53.8049 6.98078 2
    endloop
  endfacet
  facet normal 0.471369 0.881936 -0
    outer loop
      vertex 53.6173 5.07612 2
      vertex 53.4444 5.16853 5.5
      vertex 53.6173 5.07612 5.5
    endloop
  endfacet
  facet normal 0.471369 0.881936 0
    outer loop
      vertex 53.4444 5.16853 5.5
      vertex 53.6173 5.07612 2
      vertex 53.4444 5.16853 2
    endloop
  endfacet
  facet normal -0.290248 -0.956951 0
    outer loop
      vertex 54.1951 6.98078 2
      vertex 54.3827 6.92388 5.5
      vertex 54.1951 6.98078 5.5
    endloop
  endfacet
  facet normal -0.290248 -0.956951 -0
    outer loop
      vertex 54.3827 6.92388 5.5
      vertex 54.1951 6.98078 2
      vertex 54.3827 6.92388 2
    endloop
  endfacet
  facet normal 0.995192 -0.0979429 0
    outer loop
      vertex 53 6 5.5
      vertex 53.0192 6.19509 2
      vertex 53.0192 6.19509 5.5
    endloop
  endfacet
  facet normal 0.995192 -0.0979429 0
    outer loop
      vertex 53.0192 6.19509 2
      vertex 53 6 5.5
      vertex 53 6 2
    endloop
  endfacet
  facet normal 0.290248 0.956951 -0
    outer loop
      vertex 53.8049 5.01922 2
      vertex 53.6173 5.07612 5.5
      vertex 53.8049 5.01922 5.5
    endloop
  endfacet
  facet normal 0.290248 0.956951 0
    outer loop
      vertex 53.6173 5.07612 5.5
      vertex 53.8049 5.01922 2
      vertex 53.6173 5.07612 2
    endloop
  endfacet
  facet normal 0.956947 0.290262 0
    outer loop
      vertex 53.0761 5.61732 5.5
      vertex 53.0192 5.80491 2
      vertex 53.0192 5.80491 5.5
    endloop
  endfacet
  facet normal 0.956947 0.290262 0
    outer loop
      vertex 53.0192 5.80491 2
      vertex 53.0761 5.61732 5.5
      vertex 53.0761 5.61732 2
    endloop
  endfacet
  facet normal -0.881946 0.471351 0
    outer loop
      vertex 54.8315 5.44443 2
      vertex 54.9239 5.61732 5.5
      vertex 54.9239 5.61732 2
    endloop
  endfacet
  facet normal -0.881946 0.471351 0
    outer loop
      vertex 54.9239 5.61732 5.5
      vertex 54.8315 5.44443 2
      vertex 54.8315 5.44443 5.5
    endloop
  endfacet
  facet normal -0.956947 0.290262 0
    outer loop
      vertex 54.9239 5.61732 2
      vertex 54.9808 5.80491 5.5
      vertex 54.9808 5.80491 2
    endloop
  endfacet
  facet normal -0.956947 0.290262 0
    outer loop
      vertex 54.9808 5.80491 5.5
      vertex 54.9239 5.61732 2
      vertex 54.9239 5.61732 5.5
    endloop
  endfacet
  facet normal 0.956947 -0.290262 0
    outer loop
      vertex 53.0192 6.19509 5.5
      vertex 53.0761 6.38268 2
      vertex 53.0761 6.38268 5.5
    endloop
  endfacet
  facet normal 0.956947 -0.290262 0
    outer loop
      vertex 53.0761 6.38268 2
      vertex 53.0192 6.19509 5.5
      vertex 53.0192 6.19509 2
    endloop
  endfacet
  facet normal 0.471369 -0.881936 0
    outer loop
      vertex 53.4444 6.83147 2
      vertex 53.6173 6.92388 5.5
      vertex 53.4444 6.83147 5.5
    endloop
  endfacet
  facet normal 0.471369 -0.881936 0
    outer loop
      vertex 53.6173 6.92388 5.5
      vertex 53.4444 6.83147 2
      vertex 53.6173 6.92388 2
    endloop
  endfacet
  facet normal 0.634476 0.772942 -0
    outer loop
      vertex 53.4444 5.16853 2
      vertex 53.2929 5.29289 5.5
      vertex 53.4444 5.16853 5.5
    endloop
  endfacet
  facet normal 0.634476 0.772942 0
    outer loop
      vertex 53.2929 5.29289 5.5
      vertex 53.4444 5.16853 2
      vertex 53.2929 5.29289 2
    endloop
  endfacet
  facet normal 0.881946 0.471351 0
    outer loop
      vertex 53.1685 5.44443 5.5
      vertex 53.0761 5.61732 2
      vertex 53.0761 5.61732 5.5
    endloop
  endfacet
  facet normal 0.881946 0.471351 0
    outer loop
      vertex 53.0761 5.61732 2
      vertex 53.1685 5.44443 5.5
      vertex 53.1685 5.44443 2
    endloop
  endfacet
  facet normal 0.772925 0.634498 0
    outer loop
      vertex 53.2929 5.29289 5.5
      vertex 53.1685 5.44443 2
      vertex 53.1685 5.44443 5.5
    endloop
  endfacet
  facet normal 0.772925 0.634498 0
    outer loop
      vertex 53.1685 5.44443 2
      vertex 53.2929 5.29289 5.5
      vertex 53.2929 5.29289 2
    endloop
  endfacet
  facet normal 0.995192 0.0979429 0
    outer loop
      vertex 53.0192 5.80491 5.5
      vertex 53 6 2
      vertex 53 6 5.5
    endloop
  endfacet
  facet normal 0.995192 0.0979429 0
    outer loop
      vertex 53 6 2
      vertex 53.0192 5.80491 5.5
      vertex 53.0192 5.80491 2
    endloop
  endfacet
  facet normal 0.098039 0.995183 -0
    outer loop
      vertex 54 5 2
      vertex 53.8049 5.01922 5.5
      vertex 54 5 5.5
    endloop
  endfacet
  facet normal 0.098039 0.995183 0
    outer loop
      vertex 53.8049 5.01922 5.5
      vertex 54 5 2
      vertex 53.8049 5.01922 2
    endloop
  endfacet
  facet normal -0.471358 0.881942 0
    outer loop
      vertex 4.85195 71.7716 2
      vertex 4.33329 71.4944 5.5
      vertex 4.85195 71.7716 5.5
    endloop
  endfacet
  facet normal -0.471358 0.881942 0
    outer loop
      vertex 4.33329 71.4944 5.5
      vertex 4.85195 71.7716 2
      vertex 4.33329 71.4944 2
    endloop
  endfacet
  facet normal 0.471358 0.881942 -0
    outer loop
      vertex 7.66671 71.4944 2
      vertex 7.14805 71.7716 5.5
      vertex 7.66671 71.4944 5.5
    endloop
  endfacet
  facet normal 0.471358 0.881942 0
    outer loop
      vertex 7.14805 71.7716 5.5
      vertex 7.66671 71.4944 2
      vertex 7.14805 71.7716 2
    endloop
  endfacet
  facet normal 0.956928 0.290326 0
    outer loop
      vertex 8.94236 69.5853 5.5
      vertex 8.77164 70.148 2
      vertex 8.77164 70.148 5.5
    endloop
  endfacet
  facet normal 0.956928 0.290326 0
    outer loop
      vertex 8.77164 70.148 2
      vertex 8.94236 69.5853 5.5
      vertex 8.94236 69.5853 2
    endloop
  endfacet
  facet normal 0.995186 0.0980053 0
    outer loop
      vertex 9 69 5.5
      vertex 8.94236 69.5853 2
      vertex 8.94236 69.5853 5.5
    endloop
  endfacet
  facet normal 0.995186 0.0980053 0
    outer loop
      vertex 8.94236 69.5853 2
      vertex 9 69 5.5
      vertex 9 69 2
    endloop
  endfacet
  facet normal 0.881936 0.471369 0
    outer loop
      vertex 8.77164 70.148 5.5
      vertex 8.49441 70.6667 2
      vertex 8.49441 70.6667 5.5
    endloop
  endfacet
  facet normal 0.881936 0.471369 0
    outer loop
      vertex 8.49441 70.6667 2
      vertex 8.77164 70.148 5.5
      vertex 8.77164 70.148 2
    endloop
  endfacet
  facet normal 0.0979429 0.995192 -0
    outer loop
      vertex 6.58527 71.9424 2
      vertex 6 72 5.5
      vertex 6.58527 71.9424 5.5
    endloop
  endfacet
  facet normal 0.0979429 0.995192 0
    outer loop
      vertex 6 72 5.5
      vertex 6.58527 71.9424 2
      vertex 6 72 2
    endloop
  endfacet
  facet normal 0.0979429 -0.995192 0
    outer loop
      vertex 6 66 2
      vertex 6.58527 66.0576 5.5
      vertex 6 66 5.5
    endloop
  endfacet
  facet normal 0.0979429 -0.995192 0
    outer loop
      vertex 6.58527 66.0576 5.5
      vertex 6 66 2
      vertex 6.58527 66.0576 2
    endloop
  endfacet
  facet normal 0.290413 0.956901 -0
    outer loop
      vertex 7.14805 71.7716 2
      vertex 6.58527 71.9424 5.5
      vertex 7.14805 71.7716 5.5
    endloop
  endfacet
  facet normal 0.290413 0.956901 0
    outer loop
      vertex 6.58527 71.9424 5.5
      vertex 7.14805 71.7716 2
      vertex 6.58527 71.9424 2
    endloop
  endfacet
  facet normal 0.634405 0.773001 -0
    outer loop
      vertex 8.12132 71.1213 2
      vertex 7.66671 71.4944 5.5
      vertex 8.12132 71.1213 5.5
    endloop
  endfacet
  facet normal 0.634405 0.773001 0
    outer loop
      vertex 7.66671 71.4944 5.5
      vertex 8.12132 71.1213 2
      vertex 7.66671 71.4944 2
    endloop
  endfacet
  facet normal 0.773003 -0.634403 0
    outer loop
      vertex 8.12132 66.8787 5.5
      vertex 8.49441 67.3333 2
      vertex 8.49441 67.3333 5.5
    endloop
  endfacet
  facet normal 0.773003 -0.634403 0
    outer loop
      vertex 8.49441 67.3333 2
      vertex 8.12132 66.8787 5.5
      vertex 8.12132 66.8787 2
    endloop
  endfacet
  facet normal -0.634405 0.773001 0
    outer loop
      vertex 4.33329 71.4944 2
      vertex 3.87868 71.1213 5.5
      vertex 4.33329 71.4944 5.5
    endloop
  endfacet
  facet normal -0.634405 0.773001 0
    outer loop
      vertex 3.87868 71.1213 5.5
      vertex 4.33329 71.4944 2
      vertex 3.87868 71.1213 2
    endloop
  endfacet
  facet normal 0.471358 -0.881942 0
    outer loop
      vertex 7.14805 66.2284 2
      vertex 7.66671 66.5056 5.5
      vertex 7.14805 66.2284 5.5
    endloop
  endfacet
  facet normal 0.471358 -0.881942 0
    outer loop
      vertex 7.66671 66.5056 5.5
      vertex 7.14805 66.2284 2
      vertex 7.66671 66.5056 2
    endloop
  endfacet
  facet normal -0.881936 -0.471369 0
    outer loop
      vertex 3.50559 67.3333 2
      vertex 3.22836 67.852 5.5
      vertex 3.22836 67.852 2
    endloop
  endfacet
  facet normal -0.881936 -0.471369 0
    outer loop
      vertex 3.22836 67.852 5.5
      vertex 3.50559 67.3333 2
      vertex 3.50559 67.3333 5.5
    endloop
  endfacet
  facet normal 0.995186 -0.0980053 0
    outer loop
      vertex 8.94236 68.4147 5.5
      vertex 9 69 2
      vertex 9 69 5.5
    endloop
  endfacet
  facet normal 0.995186 -0.0980053 0
    outer loop
      vertex 9 69 2
      vertex 8.94236 68.4147 5.5
      vertex 8.94236 68.4147 2
    endloop
  endfacet
  facet normal -0.290413 0.956901 0
    outer loop
      vertex 5.41473 71.9424 2
      vertex 4.85195 71.7716 5.5
      vertex 5.41473 71.9424 5.5
    endloop
  endfacet
  facet normal -0.290413 0.956901 0
    outer loop
      vertex 4.85195 71.7716 5.5
      vertex 5.41473 71.9424 2
      vertex 4.85195 71.7716 2
    endloop
  endfacet
  facet normal -0.0979429 -0.995192 0
    outer loop
      vertex 5.41473 66.0576 2
      vertex 6 66 5.5
      vertex 5.41473 66.0576 5.5
    endloop
  endfacet
  facet normal -0.0979429 -0.995192 -0
    outer loop
      vertex 6 66 5.5
      vertex 5.41473 66.0576 2
      vertex 6 66 2
    endloop
  endfacet
  facet normal -0.881936 0.471369 0
    outer loop
      vertex 3.22836 70.148 2
      vertex 3.50559 70.6667 5.5
      vertex 3.50559 70.6667 2
    endloop
  endfacet
  facet normal -0.881936 0.471369 0
    outer loop
      vertex 3.50559 70.6667 5.5
      vertex 3.22836 70.148 2
      vertex 3.22836 70.148 5.5
    endloop
  endfacet
  facet normal 0.290413 -0.956901 0
    outer loop
      vertex 6.58527 66.0576 2
      vertex 7.14805 66.2284 5.5
      vertex 6.58527 66.0576 5.5
    endloop
  endfacet
  facet normal 0.290413 -0.956901 0
    outer loop
      vertex 7.14805 66.2284 5.5
      vertex 6.58527 66.0576 2
      vertex 7.14805 66.2284 2
    endloop
  endfacet
  facet normal 0 0 1
    outer loop
      vertex 7 69 5.5
      vertex 9 69 5.5
      vertex 8.94236 69.5853 5.5
    endloop
  endfacet
  facet normal 0 0 1
    outer loop
      vertex 6.98078 69.1951 5.5
      vertex 8.94236 69.5853 5.5
      vertex 8.77164 70.148 5.5
    endloop
  endfacet
  facet normal 0 0 1
    outer loop
      vertex 9 69 5.5
      vertex 7 69 5.5
      vertex 8.94236 68.4147 5.5
    endloop
  endfacet
  facet normal 0 0 1
    outer loop
      vertex 6.92388 69.3827 5.5
      vertex 8.77164 70.148 5.5
      vertex 8.49441 70.6667 5.5
    endloop
  endfacet
  facet normal -0 0 1
    outer loop
      vertex 6.98078 68.8049 5.5
      vertex 8.94236 68.4147 5.5
      vertex 7 69 5.5
    endloop
  endfacet
  facet normal 0 0 1
    outer loop
      vertex 6.83147 69.5556 5.5
      vertex 8.49441 70.6667 5.5
      vertex 8.12132 71.1213 5.5
    endloop
  endfacet
  facet normal 0 0 1
    outer loop
      vertex 8.94236 68.4147 5.5
      vertex 6.98078 68.8049 5.5
      vertex 8.77164 67.852 5.5
    endloop
  endfacet
  facet normal 0 0 1
    outer loop
      vertex 6.70711 69.7071 5.5
      vertex 8.12132 71.1213 5.5
      vertex 7.66671 71.4944 5.5
    endloop
  endfacet
  facet normal -0 0 1
    outer loop
      vertex 6.92388 68.6173 5.5
      vertex 8.77164 67.852 5.5
      vertex 6.98078 68.8049 5.5
    endloop
  endfacet
  facet normal 0 0 1
    outer loop
      vertex 6.55557 69.8315 5.5
      vertex 7.66671 71.4944 5.5
      vertex 7.14805 71.7716 5.5
    endloop
  endfacet
  facet normal 0 0 1
    outer loop
      vertex 8.77164 67.852 5.5
      vertex 6.92388 68.6173 5.5
      vertex 8.49441 67.3333 5.5
    endloop
  endfacet
  facet normal -0 0 1
    outer loop
      vertex 6.83147 68.4444 5.5
      vertex 8.49441 67.3333 5.5
      vertex 6.92388 68.6173 5.5
    endloop
  endfacet
  facet normal 0 0 1
    outer loop
      vertex 8.94236 69.5853 5.5
      vertex 6.98078 69.1951 5.5
      vertex 7 69 5.5
    endloop
  endfacet
  facet normal 0 0 1
    outer loop
      vertex 8.77164 70.148 5.5
      vertex 6.92388 69.3827 5.5
      vertex 6.98078 69.1951 5.5
    endloop
  endfacet
  facet normal 0 0 1
    outer loop
      vertex 8.49441 70.6667 5.5
      vertex 6.83147 69.5556 5.5
      vertex 6.92388 69.3827 5.5
    endloop
  endfacet
  facet normal 0 0 1
    outer loop
      vertex 8.12132 71.1213 5.5
      vertex 6.70711 69.7071 5.5
      vertex 6.83147 69.5556 5.5
    endloop
  endfacet
  facet normal 0 0 1
    outer loop
      vertex 6.38268 69.9239 5.5
      vertex 7.14805 71.7716 5.5
      vertex 6.58527 71.9424 5.5
    endloop
  endfacet
  facet normal 0 0 1
    outer loop
      vertex 7.66671 71.4944 5.5
      vertex 6.55557 69.8315 5.5
      vertex 6.70711 69.7071 5.5
    endloop
  endfacet
  facet normal 0 0 1
    outer loop
      vertex 7.14805 71.7716 5.5
      vertex 6.38268 69.9239 5.5
      vertex 6.55557 69.8315 5.5
    endloop
  endfacet
  facet normal 0 0 1
    outer loop
      vertex 6.58527 71.9424 5.5
      vertex 6.19509 69.9808 5.5
      vertex 6.38268 69.9239 5.5
    endloop
  endfacet
  facet normal 0 0 1
    outer loop
      vertex 6 72 5.5
      vertex 6.19509 69.9808 5.5
      vertex 6.58527 71.9424 5.5
    endloop
  endfacet
  facet normal 0 0 1
    outer loop
      vertex 6 72 5.5
      vertex 6 70 5.5
      vertex 6.19509 69.9808 5.5
    endloop
  endfacet
  facet normal 0 0 1
    outer loop
      vertex 6 72 5.5
      vertex 5.80491 69.9808 5.5
      vertex 6 70 5.5
    endloop
  endfacet
  facet normal -0 0 1
    outer loop
      vertex 5.41473 71.9424 5.5
      vertex 5.80491 69.9808 5.5
      vertex 6 72 5.5
    endloop
  endfacet
  facet normal 0 0 1
    outer loop
      vertex 5.80491 69.9808 5.5
      vertex 5.41473 71.9424 5.5
      vertex 5.61732 69.9239 5.5
    endloop
  endfacet
  facet normal -0 0 1
    outer loop
      vertex 4.85195 71.7716 5.5
      vertex 5.61732 69.9239 5.5
      vertex 5.41473 71.9424 5.5
    endloop
  endfacet
  facet normal 0 0 1
    outer loop
      vertex 5.61732 69.9239 5.5
      vertex 4.85195 71.7716 5.5
      vertex 5.44443 69.8315 5.5
    endloop
  endfacet
  facet normal -0 0 1
    outer loop
      vertex 4.33329 71.4944 5.5
      vertex 5.44443 69.8315 5.5
      vertex 4.85195 71.7716 5.5
    endloop
  endfacet
  facet normal 0 0 1
    outer loop
      vertex 5.44443 69.8315 5.5
      vertex 4.33329 71.4944 5.5
      vertex 5.29289 69.7071 5.5
    endloop
  endfacet
  facet normal -0 0 1
    outer loop
      vertex 3.87868 71.1213 5.5
      vertex 5.29289 69.7071 5.5
      vertex 4.33329 71.4944 5.5
    endloop
  endfacet
  facet normal -0 0 1
    outer loop
      vertex 3.50559 70.6667 5.5
      vertex 5.16853 69.5556 5.5
      vertex 3.87868 71.1213 5.5
    endloop
  endfacet
  facet normal 0 0 1
    outer loop
      vertex 5.29289 69.7071 5.5
      vertex 3.87868 71.1213 5.5
      vertex 5.16853 69.5556 5.5
    endloop
  endfacet
  facet normal 0 0 1
    outer loop
      vertex 8.49441 67.3333 5.5
      vertex 6.83147 68.4444 5.5
      vertex 8.12132 66.8787 5.5
    endloop
  endfacet
  facet normal -0 0 1
    outer loop
      vertex 6.70711 68.2929 5.5
      vertex 8.12132 66.8787 5.5
      vertex 6.83147 68.4444 5.5
    endloop
  endfacet
  facet normal 0 0 1
    outer loop
      vertex 8.12132 66.8787 5.5
      vertex 6.70711 68.2929 5.5
      vertex 7.66671 66.5056 5.5
    endloop
  endfacet
  facet normal -0 0 1
    outer loop
      vertex 6.55557 68.1685 5.5
      vertex 7.66671 66.5056 5.5
      vertex 6.70711 68.2929 5.5
    endloop
  endfacet
  facet normal 0 0 1
    outer loop
      vertex 7.66671 66.5056 5.5
      vertex 6.55557 68.1685 5.5
      vertex 7.14805 66.2284 5.5
    endloop
  endfacet
  facet normal -0 0 1
    outer loop
      vertex 6.38268 68.0761 5.5
      vertex 7.14805 66.2284 5.5
      vertex 6.55557 68.1685 5.5
    endloop
  endfacet
  facet normal 0 0 1
    outer loop
      vertex 7.14805 66.2284 5.5
      vertex 6.38268 68.0761 5.5
      vertex 6.58527 66.0576 5.5
    endloop
  endfacet
  facet normal -0 0 1
    outer loop
      vertex 6.19509 68.0192 5.5
      vertex 6.58527 66.0576 5.5
      vertex 6.38268 68.0761 5.5
    endloop
  endfacet
  facet normal -0 0 1
    outer loop
      vertex 6 68 5.5
      vertex 6.58527 66.0576 5.5
      vertex 6.19509 68.0192 5.5
    endloop
  endfacet
  facet normal 0 0 1
    outer loop
      vertex 6 68 5.5
      vertex 6 66 5.5
      vertex 6.58527 66.0576 5.5
    endloop
  endfacet
  facet normal 0 0 1
    outer loop
      vertex 5.80491 68.0192 5.5
      vertex 6 66 5.5
      vertex 6 68 5.5
    endloop
  endfacet
  facet normal 0 0 1
    outer loop
      vertex 5.41473 66.0576 5.5
      vertex 5.80491 68.0192 5.5
      vertex 5.61732 68.0761 5.5
    endloop
  endfacet
  facet normal 0 0 1
    outer loop
      vertex 4.85195 66.2284 5.5
      vertex 5.61732 68.0761 5.5
      vertex 5.44443 68.1685 5.5
    endloop
  endfacet
  facet normal 0 0 1
    outer loop
      vertex 5.80491 68.0192 5.5
      vertex 5.41473 66.0576 5.5
      vertex 6 66 5.5
    endloop
  endfacet
  facet normal 0 0 1
    outer loop
      vertex 4.33329 66.5056 5.5
      vertex 5.44443 68.1685 5.5
      vertex 5.29289 68.2929 5.5
    endloop
  endfacet
  facet normal 0 0 1
    outer loop
      vertex 3.87868 66.8787 5.5
      vertex 5.29289 68.2929 5.5
      vertex 5.16853 68.4444 5.5
    endloop
  endfacet
  facet normal 0 0 1
    outer loop
      vertex 3.50559 67.3333 5.5
      vertex 5.16853 68.4444 5.5
      vertex 5.07612 68.6173 5.5
    endloop
  endfacet
  facet normal 0 0 1
    outer loop
      vertex 3.22836 67.852 5.5
      vertex 5.07612 68.6173 5.5
      vertex 5.01922 68.8049 5.5
    endloop
  endfacet
  facet normal 0 0 1
    outer loop
      vertex 5.61732 68.0761 5.5
      vertex 4.85195 66.2284 5.5
      vertex 5.41473 66.0576 5.5
    endloop
  endfacet
  facet normal 0 0 1
    outer loop
      vertex 3.05764 68.4147 5.5
      vertex 5.01922 68.8049 5.5
      vertex 5 69 5.5
    endloop
  endfacet
  facet normal 0 0 1
    outer loop
      vertex 5.16853 69.5556 5.5
      vertex 3.50559 70.6667 5.5
      vertex 5.07612 69.3827 5.5
    endloop
  endfacet
  facet normal -0 0 1
    outer loop
      vertex 3.22836 70.148 5.5
      vertex 5.07612 69.3827 5.5
      vertex 3.50559 70.6667 5.5
    endloop
  endfacet
  facet normal 0 0 1
    outer loop
      vertex 5.44443 68.1685 5.5
      vertex 4.33329 66.5056 5.5
      vertex 4.85195 66.2284 5.5
    endloop
  endfacet
  facet normal 0 0 1
    outer loop
      vertex 5.07612 69.3827 5.5
      vertex 3.22836 70.148 5.5
      vertex 5.01922 69.1951 5.5
    endloop
  endfacet
  facet normal 0 0 1
    outer loop
      vertex 5.29289 68.2929 5.5
      vertex 3.87868 66.8787 5.5
      vertex 4.33329 66.5056 5.5
    endloop
  endfacet
  facet normal -0 0 1
    outer loop
      vertex 3.05764 69.5853 5.5
      vertex 5.01922 69.1951 5.5
      vertex 3.22836 70.148 5.5
    endloop
  endfacet
  facet normal 0 0 1
    outer loop
      vertex 5.16853 68.4444 5.5
      vertex 3.50559 67.3333 5.5
      vertex 3.87868 66.8787 5.5
    endloop
  endfacet
  facet normal 0 0 1
    outer loop
      vertex 5.01922 69.1951 5.5
      vertex 3.05764 69.5853 5.5
      vertex 5 69 5.5
    endloop
  endfacet
  facet normal 0 0 1
    outer loop
      vertex 5.07612 68.6173 5.5
      vertex 3.22836 67.852 5.5
      vertex 3.50559 67.3333 5.5
    endloop
  endfacet
  facet normal 0 0 1
    outer loop
      vertex 3 69 5.5
      vertex 5 69 5.5
      vertex 3.05764 69.5853 5.5
    endloop
  endfacet
  facet normal 0 0 1
    outer loop
      vertex 5.01922 68.8049 5.5
      vertex 3.05764 68.4147 5.5
      vertex 3.22836 67.852 5.5
    endloop
  endfacet
  facet normal 0 0 1
    outer loop
      vertex 5 69 5.5
      vertex 3 69 5.5
      vertex 3.05764 68.4147 5.5
    endloop
  endfacet
  facet normal -0.290413 -0.956901 0
    outer loop
      vertex 4.85195 66.2284 2
      vertex 5.41473 66.0576 5.5
      vertex 4.85195 66.2284 5.5
    endloop
  endfacet
  facet normal -0.290413 -0.956901 -0
    outer loop
      vertex 5.41473 66.0576 5.5
      vertex 4.85195 66.2284 2
      vertex 5.41473 66.0576 2
    endloop
  endfacet
  facet normal 0.956928 -0.290326 0
    outer loop
      vertex 8.77164 67.852 5.5
      vertex 8.94236 68.4147 2
      vertex 8.94236 68.4147 5.5
    endloop
  endfacet
  facet normal 0.956928 -0.290326 0
    outer loop
      vertex 8.94236 68.4147 2
      vertex 8.77164 67.852 5.5
      vertex 8.77164 67.852 2
    endloop
  endfacet
  facet normal 0.773003 0.634403 0
    outer loop
      vertex 8.49441 70.6667 5.5
      vertex 8.12132 71.1213 2
      vertex 8.12132 71.1213 5.5
    endloop
  endfacet
  facet normal 0.773003 0.634403 0
    outer loop
      vertex 8.12132 71.1213 2
      vertex 8.49441 70.6667 5.5
      vertex 8.49441 70.6667 2
    endloop
  endfacet
  facet normal 0.634405 -0.773001 0
    outer loop
      vertex 7.66671 66.5056 2
      vertex 8.12132 66.8787 5.5
      vertex 7.66671 66.5056 5.5
    endloop
  endfacet
  facet normal 0.634405 -0.773001 0
    outer loop
      vertex 8.12132 66.8787 5.5
      vertex 7.66671 66.5056 2
      vertex 8.12132 66.8787 2
    endloop
  endfacet
  facet normal -0.634405 -0.773001 0
    outer loop
      vertex 3.87868 66.8787 2
      vertex 4.33329 66.5056 5.5
      vertex 3.87868 66.8787 5.5
    endloop
  endfacet
  facet normal -0.634405 -0.773001 -0
    outer loop
      vertex 4.33329 66.5056 5.5
      vertex 3.87868 66.8787 2
      vertex 4.33329 66.5056 2
    endloop
  endfacet
  facet normal -0.0979429 0.995192 0
    outer loop
      vertex 6 72 2
      vertex 5.41473 71.9424 5.5
      vertex 6 72 5.5
    endloop
  endfacet
  facet normal -0.0979429 0.995192 0
    outer loop
      vertex 5.41473 71.9424 5.5
      vertex 6 72 2
      vertex 5.41473 71.9424 2
    endloop
  endfacet
  facet normal 0.881936 -0.471369 0
    outer loop
      vertex 8.49441 67.3333 5.5
      vertex 8.77164 67.852 2
      vertex 8.77164 67.852 5.5
    endloop
  endfacet
  facet normal 0.881936 -0.471369 0
    outer loop
      vertex 8.77164 67.852 2
      vertex 8.49441 67.3333 5.5
      vertex 8.49441 67.3333 2
    endloop
  endfacet
  facet normal -0.956928 -0.290326 0
    outer loop
      vertex 3.22836 67.852 2
      vertex 3.05764 68.4147 5.5
      vertex 3.05764 68.4147 2
    endloop
  endfacet
  facet normal -0.956928 -0.290326 0
    outer loop
      vertex 3.05764 68.4147 5.5
      vertex 3.22836 67.852 2
      vertex 3.22836 67.852 5.5
    endloop
  endfacet
  facet normal -0.995186 -0.0980053 0
    outer loop
      vertex 3.05764 68.4147 2
      vertex 3 69 5.5
      vertex 3 69 2
    endloop
  endfacet
  facet normal -0.995186 -0.0980053 0
    outer loop
      vertex 3 69 5.5
      vertex 3.05764 68.4147 2
      vertex 3.05764 68.4147 5.5
    endloop
  endfacet
  facet normal -0.773003 -0.634403 0
    outer loop
      vertex 3.87868 66.8787 2
      vertex 3.50559 67.3333 5.5
      vertex 3.50559 67.3333 2
    endloop
  endfacet
  facet normal -0.773003 -0.634403 0
    outer loop
      vertex 3.50559 67.3333 5.5
      vertex 3.87868 66.8787 2
      vertex 3.87868 66.8787 5.5
    endloop
  endfacet
  facet normal -0.773003 0.634403 0
    outer loop
      vertex 3.50559 70.6667 2
      vertex 3.87868 71.1213 5.5
      vertex 3.87868 71.1213 2
    endloop
  endfacet
  facet normal -0.773003 0.634403 0
    outer loop
      vertex 3.87868 71.1213 5.5
      vertex 3.50559 70.6667 2
      vertex 3.50559 70.6667 5.5
    endloop
  endfacet
  facet normal -0.956928 0.290326 0
    outer loop
      vertex 3.05764 69.5853 2
      vertex 3.22836 70.148 5.5
      vertex 3.22836 70.148 2
    endloop
  endfacet
  facet normal -0.956928 0.290326 0
    outer loop
      vertex 3.22836 70.148 5.5
      vertex 3.05764 69.5853 2
      vertex 3.05764 69.5853 5.5
    endloop
  endfacet
  facet normal -0.995186 0.0980053 0
    outer loop
      vertex 3 69 2
      vertex 3.05764 69.5853 5.5
      vertex 3.05764 69.5853 2
    endloop
  endfacet
  facet normal -0.995186 0.0980053 0
    outer loop
      vertex 3.05764 69.5853 5.5
      vertex 3 69 2
      vertex 3 69 5.5
    endloop
  endfacet
  facet normal -0.471358 -0.881942 0
    outer loop
      vertex 4.33329 66.5056 2
      vertex 4.85195 66.2284 5.5
      vertex 4.33329 66.5056 5.5
    endloop
  endfacet
  facet normal -0.471358 -0.881942 -0
    outer loop
      vertex 4.85195 66.2284 5.5
      vertex 4.33329 66.5056 2
      vertex 4.85195 66.2284 2
    endloop
  endfacet
  facet normal -0.471351 0.881946 0
    outer loop
      vertex 6.55557 68.1685 2
      vertex 6.38268 68.0761 5.5
      vertex 6.55557 68.1685 5.5
    endloop
  endfacet
  facet normal -0.471351 0.881946 0
    outer loop
      vertex 6.38268 68.0761 5.5
      vertex 6.55557 68.1685 2
      vertex 6.38268 68.0761 2
    endloop
  endfacet
  facet normal -0.956951 -0.290248 0
    outer loop
      vertex 6.98078 69.1951 2
      vertex 6.92388 69.3827 5.5
      vertex 6.92388 69.3827 2
    endloop
  endfacet
  facet normal -0.956951 -0.290248 0
    outer loop
      vertex 6.92388 69.3827 5.5
      vertex 6.98078 69.1951 2
      vertex 6.98078 69.1951 5.5
    endloop
  endfacet
  facet normal -0.290262 0.956947 0
    outer loop
      vertex 6.38268 68.0761 2
      vertex 6.19509 68.0192 5.5
      vertex 6.38268 68.0761 5.5
    endloop
  endfacet
  facet normal -0.290262 0.956947 0
    outer loop
      vertex 6.19509 68.0192 5.5
      vertex 6.38268 68.0761 2
      vertex 6.19509 68.0192 2
    endloop
  endfacet
  facet normal -0.634498 0.772925 0
    outer loop
      vertex 6.70711 68.2929 2
      vertex 6.55557 68.1685 5.5
      vertex 6.70711 68.2929 5.5
    endloop
  endfacet
  facet normal -0.634498 0.772925 0
    outer loop
      vertex 6.55557 68.1685 5.5
      vertex 6.70711 68.2929 2
      vertex 6.55557 68.1685 2
    endloop
  endfacet
  facet normal 0.634498 -0.772925 0
    outer loop
      vertex 5.29289 69.7071 2
      vertex 5.44443 69.8315 5.5
      vertex 5.29289 69.7071 5.5
    endloop
  endfacet
  facet normal 0.634498 -0.772925 0
    outer loop
      vertex 5.44443 69.8315 5.5
      vertex 5.29289 69.7071 2
      vertex 5.44443 69.8315 2
    endloop
  endfacet
  facet normal -0.995183 0.098039 0
    outer loop
      vertex 6.98078 68.8049 2
      vertex 7 69 5.5
      vertex 7 69 2
    endloop
  endfacet
  facet normal -0.995183 0.098039 0
    outer loop
      vertex 7 69 5.5
      vertex 6.98078 68.8049 2
      vertex 6.98078 68.8049 5.5
    endloop
  endfacet
  facet normal -0.772942 0.634476 0
    outer loop
      vertex 6.70711 68.2929 2
      vertex 6.83147 68.4444 5.5
      vertex 6.83147 68.4444 2
    endloop
  endfacet
  facet normal -0.772942 0.634476 0
    outer loop
      vertex 6.83147 68.4444 5.5
      vertex 6.70711 68.2929 2
      vertex 6.70711 68.2929 5.5
    endloop
  endfacet
  facet normal -0.0979429 0.995192 0
    outer loop
      vertex 6.19509 68.0192 2
      vertex 6 68 5.5
      vertex 6.19509 68.0192 5.5
    endloop
  endfacet
  facet normal -0.0979429 0.995192 0
    outer loop
      vertex 6 68 5.5
      vertex 6.19509 68.0192 2
      vertex 6 68 2
    endloop
  endfacet
  facet normal 0.772942 -0.634476 0
    outer loop
      vertex 5.16853 69.5556 5.5
      vertex 5.29289 69.7071 2
      vertex 5.29289 69.7071 5.5
    endloop
  endfacet
  facet normal 0.772942 -0.634476 0
    outer loop
      vertex 5.29289 69.7071 2
      vertex 5.16853 69.5556 5.5
      vertex 5.16853 69.5556 2
    endloop
  endfacet
  facet normal -0.772942 -0.634476 0
    outer loop
      vertex 6.83147 69.5556 2
      vertex 6.70711 69.7071 5.5
      vertex 6.70711 69.7071 2
    endloop
  endfacet
  facet normal -0.772942 -0.634476 0
    outer loop
      vertex 6.70711 69.7071 5.5
      vertex 6.83147 69.5556 2
      vertex 6.83147 69.5556 5.5
    endloop
  endfacet
  facet normal -0.995183 -0.098039 0
    outer loop
      vertex 7 69 2
      vertex 6.98078 69.1951 5.5
      vertex 6.98078 69.1951 2
    endloop
  endfacet
  facet normal -0.995183 -0.098039 0
    outer loop
      vertex 6.98078 69.1951 5.5
      vertex 7 69 2
      vertex 7 69 5.5
    endloop
  endfacet
  facet normal -0.0979429 -0.995192 0
    outer loop
      vertex 6 70 2
      vertex 6.19509 69.9808 5.5
      vertex 6 70 5.5
    endloop
  endfacet
  facet normal -0.0979429 -0.995192 -0
    outer loop
      vertex 6.19509 69.9808 5.5
      vertex 6 70 2
      vertex 6.19509 69.9808 2
    endloop
  endfacet
  facet normal -0.634498 -0.772925 0
    outer loop
      vertex 6.55557 69.8315 2
      vertex 6.70711 69.7071 5.5
      vertex 6.55557 69.8315 5.5
    endloop
  endfacet
  facet normal -0.634498 -0.772925 -0
    outer loop
      vertex 6.70711 69.7071 5.5
      vertex 6.55557 69.8315 2
      vertex 6.70711 69.7071 2
    endloop
  endfacet
  facet normal 0.0979429 -0.995192 0
    outer loop
      vertex 5.80491 69.9808 2
      vertex 6 70 5.5
      vertex 5.80491 69.9808 5.5
    endloop
  endfacet
  facet normal 0.0979429 -0.995192 0
    outer loop
      vertex 6 70 5.5
      vertex 5.80491 69.9808 2
      vertex 6 70 2
    endloop
  endfacet
  facet normal -0.881936 -0.471369 0
    outer loop
      vertex 6.92388 69.3827 2
      vertex 6.83147 69.5556 5.5
      vertex 6.83147 69.5556 2
    endloop
  endfacet
  facet normal -0.881936 -0.471369 0
    outer loop
      vertex 6.83147 69.5556 5.5
      vertex 6.92388 69.3827 2
      vertex 6.92388 69.3827 5.5
    endloop
  endfacet
  facet normal -0.471351 -0.881946 0
    outer loop
      vertex 6.38268 69.9239 2
      vertex 6.55557 69.8315 5.5
      vertex 6.38268 69.9239 5.5
    endloop
  endfacet
  facet normal -0.471351 -0.881946 -0
    outer loop
      vertex 6.55557 69.8315 5.5
      vertex 6.38268 69.9239 2
      vertex 6.55557 69.8315 2
    endloop
  endfacet
  facet normal 0.881936 -0.471369 0
    outer loop
      vertex 5.07612 69.3827 5.5
      vertex 5.16853 69.5556 2
      vertex 5.16853 69.5556 5.5
    endloop
  endfacet
  facet normal 0.881936 -0.471369 0
    outer loop
      vertex 5.16853 69.5556 2
      vertex 5.07612 69.3827 5.5
      vertex 5.07612 69.3827 2
    endloop
  endfacet
  facet normal 0.290262 -0.956947 0
    outer loop
      vertex 5.61732 69.9239 2
      vertex 5.80491 69.9808 5.5
      vertex 5.61732 69.9239 5.5
    endloop
  endfacet
  facet normal 0.290262 -0.956947 0
    outer loop
      vertex 5.80491 69.9808 5.5
      vertex 5.61732 69.9239 2
      vertex 5.80491 69.9808 2
    endloop
  endfacet
  facet normal 0.471351 0.881946 -0
    outer loop
      vertex 5.61732 68.0761 2
      vertex 5.44443 68.1685 5.5
      vertex 5.61732 68.0761 5.5
    endloop
  endfacet
  facet normal 0.471351 0.881946 0
    outer loop
      vertex 5.44443 68.1685 5.5
      vertex 5.61732 68.0761 2
      vertex 5.44443 68.1685 2
    endloop
  endfacet
  facet normal -0.290262 -0.956947 0
    outer loop
      vertex 6.19509 69.9808 2
      vertex 6.38268 69.9239 5.5
      vertex 6.19509 69.9808 5.5
    endloop
  endfacet
  facet normal -0.290262 -0.956947 -0
    outer loop
      vertex 6.38268 69.9239 5.5
      vertex 6.19509 69.9808 2
      vertex 6.38268 69.9239 2
    endloop
  endfacet
  facet normal 0.995183 -0.098039 0
    outer loop
      vertex 5 69 5.5
      vertex 5.01922 69.1951 2
      vertex 5.01922 69.1951 5.5
    endloop
  endfacet
  facet normal 0.995183 -0.098039 0
    outer loop
      vertex 5.01922 69.1951 2
      vertex 5 69 5.5
      vertex 5 69 2
    endloop
  endfacet
  facet normal 0.290262 0.956947 -0
    outer loop
      vertex 5.80491 68.0192 2
      vertex 5.61732 68.0761 5.5
      vertex 5.80491 68.0192 5.5
    endloop
  endfacet
  facet normal 0.290262 0.956947 0
    outer loop
      vertex 5.61732 68.0761 5.5
      vertex 5.80491 68.0192 2
      vertex 5.61732 68.0761 2
    endloop
  endfacet
  facet normal 0.956951 0.290248 0
    outer loop
      vertex 5.07612 68.6173 5.5
      vertex 5.01922 68.8049 2
      vertex 5.01922 68.8049 5.5
    endloop
  endfacet
  facet normal 0.956951 0.290248 0
    outer loop
      vertex 5.01922 68.8049 2
      vertex 5.07612 68.6173 5.5
      vertex 5.07612 68.6173 2
    endloop
  endfacet
  facet normal -0.881936 0.471369 0
    outer loop
      vertex 6.83147 68.4444 2
      vertex 6.92388 68.6173 5.5
      vertex 6.92388 68.6173 2
    endloop
  endfacet
  facet normal -0.881936 0.471369 0
    outer loop
      vertex 6.92388 68.6173 5.5
      vertex 6.83147 68.4444 2
      vertex 6.83147 68.4444 5.5
    endloop
  endfacet
  facet normal -0.956951 0.290248 0
    outer loop
      vertex 6.92388 68.6173 2
      vertex 6.98078 68.8049 5.5
      vertex 6.98078 68.8049 2
    endloop
  endfacet
  facet normal -0.956951 0.290248 0
    outer loop
      vertex 6.98078 68.8049 5.5
      vertex 6.92388 68.6173 2
      vertex 6.92388 68.6173 5.5
    endloop
  endfacet
  facet normal 0.956951 -0.290248 0
    outer loop
      vertex 5.01922 69.1951 5.5
      vertex 5.07612 69.3827 2
      vertex 5.07612 69.3827 5.5
    endloop
  endfacet
  facet normal 0.956951 -0.290248 0
    outer loop
      vertex 5.07612 69.3827 2
      vertex 5.01922 69.1951 5.5
      vertex 5.01922 69.1951 2
    endloop
  endfacet
  facet normal 0.471351 -0.881946 0
    outer loop
      vertex 5.44443 69.8315 2
      vertex 5.61732 69.9239 5.5
      vertex 5.44443 69.8315 5.5
    endloop
  endfacet
  facet normal 0.471351 -0.881946 0
    outer loop
      vertex 5.61732 69.9239 5.5
      vertex 5.44443 69.8315 2
      vertex 5.61732 69.9239 2
    endloop
  endfacet
  facet normal 0.634498 0.772925 -0
    outer loop
      vertex 5.44443 68.1685 2
      vertex 5.29289 68.2929 5.5
      vertex 5.44443 68.1685 5.5
    endloop
  endfacet
  facet normal 0.634498 0.772925 0
    outer loop
      vertex 5.29289 68.2929 5.5
      vertex 5.44443 68.1685 2
      vertex 5.29289 68.2929 2
    endloop
  endfacet
  facet normal 0.881936 0.471369 0
    outer loop
      vertex 5.16853 68.4444 5.5
      vertex 5.07612 68.6173 2
      vertex 5.07612 68.6173 5.5
    endloop
  endfacet
  facet normal 0.881936 0.471369 0
    outer loop
      vertex 5.07612 68.6173 2
      vertex 5.16853 68.4444 5.5
      vertex 5.16853 68.4444 2
    endloop
  endfacet
  facet normal 0.772942 0.634476 0
    outer loop
      vertex 5.29289 68.2929 5.5
      vertex 5.16853 68.4444 2
      vertex 5.16853 68.4444 5.5
    endloop
  endfacet
  facet normal 0.772942 0.634476 0
    outer loop
      vertex 5.16853 68.4444 2
      vertex 5.29289 68.2929 5.5
      vertex 5.29289 68.2929 2
    endloop
  endfacet
  facet normal 0.995183 0.098039 0
    outer loop
      vertex 5.01922 68.8049 5.5
      vertex 5 69 2
      vertex 5 69 5.5
    endloop
  endfacet
  facet normal 0.995183 0.098039 0
    outer loop
      vertex 5 69 2
      vertex 5.01922 68.8049 5.5
      vertex 5.01922 68.8049 2
    endloop
  endfacet
  facet normal 0.0979429 0.995192 -0
    outer loop
      vertex 6 68 2
      vertex 5.80491 68.0192 5.5
      vertex 6 68 5.5
    endloop
  endfacet
  facet normal 0.0979429 0.995192 0
    outer loop
      vertex 5.80491 68.0192 5.5
      vertex 6 68 2
      vertex 5.80491 68.0192 2
    endloop
  endfacet
  facet normal -0.471329 0.881957 0
    outer loop
      vertex 52.852 71.7716 2
      vertex 52.3333 71.4944 5.5
      vertex 52.852 71.7716 5.5
    endloop
  endfacet
  facet normal -0.471329 0.881957 0
    outer loop
      vertex 52.3333 71.4944 5.5
      vertex 52.852 71.7716 2
      vertex 52.3333 71.4944 2
    endloop
  endfacet
  facet normal 0.471329 0.881957 -0
    outer loop
      vertex 55.6667 71.4944 2
      vertex 55.148 71.7716 5.5
      vertex 55.6667 71.4944 5.5
    endloop
  endfacet
  facet normal 0.471329 0.881957 0
    outer loop
      vertex 55.148 71.7716 5.5
      vertex 55.6667 71.4944 2
      vertex 55.148 71.7716 2
    endloop
  endfacet
  facet normal 0.95689 0.290451 0
    outer loop
      vertex 56.9424 69.5853 5.5
      vertex 56.7716 70.148 2
      vertex 56.7716 70.148 5.5
    endloop
  endfacet
  facet normal 0.95689 0.290451 0
    outer loop
      vertex 56.7716 70.148 2
      vertex 56.9424 69.5853 5.5
      vertex 56.9424 69.5853 2
    endloop
  endfacet
  facet normal 0.995193 0.097938 0
    outer loop
      vertex 57 69 5.5
      vertex 56.9424 69.5853 2
      vertex 56.9424 69.5853 5.5
    endloop
  endfacet
  facet normal 0.995193 0.097938 0
    outer loop
      vertex 56.9424 69.5853 2
      vertex 57 69 5.5
      vertex 57 69 2
    endloop
  endfacet
  facet normal 0.881957 0.471329 0
    outer loop
      vertex 56.7716 70.148 5.5
      vertex 56.4944 70.6667 2
      vertex 56.4944 70.6667 5.5
    endloop
  endfacet
  facet normal 0.881957 0.471329 0
    outer loop
      vertex 56.4944 70.6667 2
      vertex 56.7716 70.148 5.5
      vertex 56.7716 70.148 2
    endloop
  endfacet
  facet normal 0.097938 0.995193 -0
    outer loop
      vertex 54.5853 71.9424 2
      vertex 54 72 5.5
      vertex 54.5853 71.9424 5.5
    endloop
  endfacet
  facet normal 0.097938 0.995193 0
    outer loop
      vertex 54 72 5.5
      vertex 54.5853 71.9424 2
      vertex 54 72 2
    endloop
  endfacet
  facet normal 0.097938 -0.995193 0
    outer loop
      vertex 54 66 2
      vertex 54.5853 66.0576 5.5
      vertex 54 66 5.5
    endloop
  endfacet
  facet normal 0.097938 -0.995193 0
    outer loop
      vertex 54.5853 66.0576 5.5
      vertex 54 66 2
      vertex 54.5853 66.0576 2
    endloop
  endfacet
  facet normal 0.290451 0.95689 -0
    outer loop
      vertex 55.148 71.7716 2
      vertex 54.5853 71.9424 5.5
      vertex 55.148 71.7716 5.5
    endloop
  endfacet
  facet normal 0.290451 0.95689 0
    outer loop
      vertex 54.5853 71.9424 5.5
      vertex 55.148 71.7716 2
      vertex 54.5853 71.9424 2
    endloop
  endfacet
  facet normal 0.634413 0.772994 -0
    outer loop
      vertex 56.1213 71.1213 2
      vertex 55.6667 71.4944 5.5
      vertex 56.1213 71.1213 5.5
    endloop
  endfacet
  facet normal 0.634413 0.772994 0
    outer loop
      vertex 55.6667 71.4944 5.5
      vertex 56.1213 71.1213 2
      vertex 55.6667 71.4944 2
    endloop
  endfacet
  facet normal 0.772994 -0.634413 0
    outer loop
      vertex 56.1213 66.8787 5.5
      vertex 56.4944 67.3333 2
      vertex 56.4944 67.3333 5.5
    endloop
  endfacet
  facet normal 0.772994 -0.634413 0
    outer loop
      vertex 56.4944 67.3333 2
      vertex 56.1213 66.8787 5.5
      vertex 56.1213 66.8787 2
    endloop
  endfacet
  facet normal -0.634413 0.772994 0
    outer loop
      vertex 52.3333 71.4944 2
      vertex 51.8787 71.1213 5.5
      vertex 52.3333 71.4944 5.5
    endloop
  endfacet
  facet normal -0.634413 0.772994 0
    outer loop
      vertex 51.8787 71.1213 5.5
      vertex 52.3333 71.4944 2
      vertex 51.8787 71.1213 2
    endloop
  endfacet
  facet normal 0.471329 -0.881957 0
    outer loop
      vertex 55.148 66.2284 2
      vertex 55.6667 66.5056 5.5
      vertex 55.148 66.2284 5.5
    endloop
  endfacet
  facet normal 0.471329 -0.881957 0
    outer loop
      vertex 55.6667 66.5056 5.5
      vertex 55.148 66.2284 2
      vertex 55.6667 66.5056 2
    endloop
  endfacet
  facet normal -0.881957 -0.471329 0
    outer loop
      vertex 51.5056 67.3333 2
      vertex 51.2284 67.852 5.5
      vertex 51.2284 67.852 2
    endloop
  endfacet
  facet normal -0.881957 -0.471329 0
    outer loop
      vertex 51.2284 67.852 5.5
      vertex 51.5056 67.3333 2
      vertex 51.5056 67.3333 5.5
    endloop
  endfacet
  facet normal 0.995193 -0.097938 0
    outer loop
      vertex 56.9424 68.4147 5.5
      vertex 57 69 2
      vertex 57 69 5.5
    endloop
  endfacet
  facet normal 0.995193 -0.097938 0
    outer loop
      vertex 57 69 2
      vertex 56.9424 68.4147 5.5
      vertex 56.9424 68.4147 2
    endloop
  endfacet
  facet normal -0.290451 0.95689 0
    outer loop
      vertex 53.4147 71.9424 2
      vertex 52.852 71.7716 5.5
      vertex 53.4147 71.9424 5.5
    endloop
  endfacet
  facet normal -0.290451 0.95689 0
    outer loop
      vertex 52.852 71.7716 5.5
      vertex 53.4147 71.9424 2
      vertex 52.852 71.7716 2
    endloop
  endfacet
  facet normal -0.097938 -0.995193 0
    outer loop
      vertex 53.4147 66.0576 2
      vertex 54 66 5.5
      vertex 53.4147 66.0576 5.5
    endloop
  endfacet
  facet normal -0.097938 -0.995193 -0
    outer loop
      vertex 54 66 5.5
      vertex 53.4147 66.0576 2
      vertex 54 66 2
    endloop
  endfacet
  facet normal -0.881957 0.471329 0
    outer loop
      vertex 51.2284 70.148 2
      vertex 51.5056 70.6667 5.5
      vertex 51.5056 70.6667 2
    endloop
  endfacet
  facet normal -0.881957 0.471329 0
    outer loop
      vertex 51.5056 70.6667 5.5
      vertex 51.2284 70.148 2
      vertex 51.2284 70.148 5.5
    endloop
  endfacet
  facet normal 0.290451 -0.95689 0
    outer loop
      vertex 54.5853 66.0576 2
      vertex 55.148 66.2284 5.5
      vertex 54.5853 66.0576 5.5
    endloop
  endfacet
  facet normal 0.290451 -0.95689 0
    outer loop
      vertex 55.148 66.2284 5.5
      vertex 54.5853 66.0576 2
      vertex 55.148 66.2284 2
    endloop
  endfacet
  facet normal 0 0 1
    outer loop
      vertex 55 69 5.5
      vertex 57 69 5.5
      vertex 56.9424 69.5853 5.5
    endloop
  endfacet
  facet normal 0 0 1
    outer loop
      vertex 54.9808 69.1951 5.5
      vertex 56.9424 69.5853 5.5
      vertex 56.7716 70.148 5.5
    endloop
  endfacet
  facet normal 0 0 1
    outer loop
      vertex 57 69 5.5
      vertex 55 69 5.5
      vertex 56.9424 68.4147 5.5
    endloop
  endfacet
  facet normal 0 0 1
    outer loop
      vertex 54.9239 69.3827 5.5
      vertex 56.7716 70.148 5.5
      vertex 56.4944 70.6667 5.5
    endloop
  endfacet
  facet normal -0 0 1
    outer loop
      vertex 54.9808 68.8049 5.5
      vertex 56.9424 68.4147 5.5
      vertex 55 69 5.5
    endloop
  endfacet
  facet normal 0 0 1
    outer loop
      vertex 54.8315 69.5556 5.5
      vertex 56.4944 70.6667 5.5
      vertex 56.1213 71.1213 5.5
    endloop
  endfacet
  facet normal 0 0 1
    outer loop
      vertex 56.9424 68.4147 5.5
      vertex 54.9808 68.8049 5.5
      vertex 56.7716 67.852 5.5
    endloop
  endfacet
  facet normal 0 0 1
    outer loop
      vertex 54.7071 69.7071 5.5
      vertex 56.1213 71.1213 5.5
      vertex 55.6667 71.4944 5.5
    endloop
  endfacet
  facet normal -0 0 1
    outer loop
      vertex 54.9239 68.6173 5.5
      vertex 56.7716 67.852 5.5
      vertex 54.9808 68.8049 5.5
    endloop
  endfacet
  facet normal 0 0 1
    outer loop
      vertex 54.5556 69.8315 5.5
      vertex 55.6667 71.4944 5.5
      vertex 55.148 71.7716 5.5
    endloop
  endfacet
  facet normal 0 0 1
    outer loop
      vertex 56.7716 67.852 5.5
      vertex 54.9239 68.6173 5.5
      vertex 56.4944 67.3333 5.5
    endloop
  endfacet
  facet normal -0 0 1
    outer loop
      vertex 54.8315 68.4444 5.5
      vertex 56.4944 67.3333 5.5
      vertex 54.9239 68.6173 5.5
    endloop
  endfacet
  facet normal 0 0 1
    outer loop
      vertex 56.9424 69.5853 5.5
      vertex 54.9808 69.1951 5.5
      vertex 55 69 5.5
    endloop
  endfacet
  facet normal 0 0 1
    outer loop
      vertex 56.7716 70.148 5.5
      vertex 54.9239 69.3827 5.5
      vertex 54.9808 69.1951 5.5
    endloop
  endfacet
  facet normal 0 0 1
    outer loop
      vertex 56.4944 70.6667 5.5
      vertex 54.8315 69.5556 5.5
      vertex 54.9239 69.3827 5.5
    endloop
  endfacet
  facet normal 0 0 1
    outer loop
      vertex 56.1213 71.1213 5.5
      vertex 54.7071 69.7071 5.5
      vertex 54.8315 69.5556 5.5
    endloop
  endfacet
  facet normal 0 0 1
    outer loop
      vertex 54.3827 69.9239 5.5
      vertex 55.148 71.7716 5.5
      vertex 54.5853 71.9424 5.5
    endloop
  endfacet
  facet normal 0 0 1
    outer loop
      vertex 55.6667 71.4944 5.5
      vertex 54.5556 69.8315 5.5
      vertex 54.7071 69.7071 5.5
    endloop
  endfacet
  facet normal 0 0 1
    outer loop
      vertex 55.148 71.7716 5.5
      vertex 54.3827 69.9239 5.5
      vertex 54.5556 69.8315 5.5
    endloop
  endfacet
  facet normal 0 0 1
    outer loop
      vertex 54.5853 71.9424 5.5
      vertex 54.1951 69.9808 5.5
      vertex 54.3827 69.9239 5.5
    endloop
  endfacet
  facet normal 0 0 1
    outer loop
      vertex 54 72 5.5
      vertex 54.1951 69.9808 5.5
      vertex 54.5853 71.9424 5.5
    endloop
  endfacet
  facet normal 0 0 1
    outer loop
      vertex 54 72 5.5
      vertex 54 70 5.5
      vertex 54.1951 69.9808 5.5
    endloop
  endfacet
  facet normal 0 0 1
    outer loop
      vertex 54 72 5.5
      vertex 53.8049 69.9808 5.5
      vertex 54 70 5.5
    endloop
  endfacet
  facet normal -0 0 1
    outer loop
      vertex 53.4147 71.9424 5.5
      vertex 53.8049 69.9808 5.5
      vertex 54 72 5.5
    endloop
  endfacet
  facet normal 0 0 1
    outer loop
      vertex 53.8049 69.9808 5.5
      vertex 53.4147 71.9424 5.5
      vertex 53.6173 69.9239 5.5
    endloop
  endfacet
  facet normal -0 0 1
    outer loop
      vertex 52.852 71.7716 5.5
      vertex 53.6173 69.9239 5.5
      vertex 53.4147 71.9424 5.5
    endloop
  endfacet
  facet normal 0 0 1
    outer loop
      vertex 53.6173 69.9239 5.5
      vertex 52.852 71.7716 5.5
      vertex 53.4444 69.8315 5.5
    endloop
  endfacet
  facet normal -0 0 1
    outer loop
      vertex 52.3333 71.4944 5.5
      vertex 53.4444 69.8315 5.5
      vertex 52.852 71.7716 5.5
    endloop
  endfacet
  facet normal 0 0 1
    outer loop
      vertex 53.4444 69.8315 5.5
      vertex 52.3333 71.4944 5.5
      vertex 53.2929 69.7071 5.5
    endloop
  endfacet
  facet normal -0 0 1
    outer loop
      vertex 51.8787 71.1213 5.5
      vertex 53.2929 69.7071 5.5
      vertex 52.3333 71.4944 5.5
    endloop
  endfacet
  facet normal -0 0 1
    outer loop
      vertex 51.5056 70.6667 5.5
      vertex 53.1685 69.5556 5.5
      vertex 51.8787 71.1213 5.5
    endloop
  endfacet
  facet normal 0 0 1
    outer loop
      vertex 53.2929 69.7071 5.5
      vertex 51.8787 71.1213 5.5
      vertex 53.1685 69.5556 5.5
    endloop
  endfacet
  facet normal 0 0 1
    outer loop
      vertex 56.4944 67.3333 5.5
      vertex 54.8315 68.4444 5.5
      vertex 56.1213 66.8787 5.5
    endloop
  endfacet
  facet normal -0 0 1
    outer loop
      vertex 54.7071 68.2929 5.5
      vertex 56.1213 66.8787 5.5
      vertex 54.8315 68.4444 5.5
    endloop
  endfacet
  facet normal 0 0 1
    outer loop
      vertex 56.1213 66.8787 5.5
      vertex 54.7071 68.2929 5.5
      vertex 55.6667 66.5056 5.5
    endloop
  endfacet
  facet normal -0 0 1
    outer loop
      vertex 54.5556 68.1685 5.5
      vertex 55.6667 66.5056 5.5
      vertex 54.7071 68.2929 5.5
    endloop
  endfacet
  facet normal 0 0 1
    outer loop
      vertex 55.6667 66.5056 5.5
      vertex 54.5556 68.1685 5.5
      vertex 55.148 66.2284 5.5
    endloop
  endfacet
  facet normal -0 0 1
    outer loop
      vertex 54.3827 68.0761 5.5
      vertex 55.148 66.2284 5.5
      vertex 54.5556 68.1685 5.5
    endloop
  endfacet
  facet normal 0 0 1
    outer loop
      vertex 55.148 66.2284 5.5
      vertex 54.3827 68.0761 5.5
      vertex 54.5853 66.0576 5.5
    endloop
  endfacet
  facet normal -0 0 1
    outer loop
      vertex 54.1951 68.0192 5.5
      vertex 54.5853 66.0576 5.5
      vertex 54.3827 68.0761 5.5
    endloop
  endfacet
  facet normal -0 0 1
    outer loop
      vertex 54 68 5.5
      vertex 54.5853 66.0576 5.5
      vertex 54.1951 68.0192 5.5
    endloop
  endfacet
  facet normal 0 0 1
    outer loop
      vertex 54 68 5.5
      vertex 54 66 5.5
      vertex 54.5853 66.0576 5.5
    endloop
  endfacet
  facet normal 0 0 1
    outer loop
      vertex 53.8049 68.0192 5.5
      vertex 54 66 5.5
      vertex 54 68 5.5
    endloop
  endfacet
  facet normal 0 0 1
    outer loop
      vertex 53.4147 66.0576 5.5
      vertex 53.8049 68.0192 5.5
      vertex 53.6173 68.0761 5.5
    endloop
  endfacet
  facet normal 0 0 1
    outer loop
      vertex 52.852 66.2284 5.5
      vertex 53.6173 68.0761 5.5
      vertex 53.4444 68.1685 5.5
    endloop
  endfacet
  facet normal 0 0 1
    outer loop
      vertex 53.8049 68.0192 5.5
      vertex 53.4147 66.0576 5.5
      vertex 54 66 5.5
    endloop
  endfacet
  facet normal 0 0 1
    outer loop
      vertex 52.3333 66.5056 5.5
      vertex 53.4444 68.1685 5.5
      vertex 53.2929 68.2929 5.5
    endloop
  endfacet
  facet normal 0 0 1
    outer loop
      vertex 51.8787 66.8787 5.5
      vertex 53.2929 68.2929 5.5
      vertex 53.1685 68.4444 5.5
    endloop
  endfacet
  facet normal 0 0 1
    outer loop
      vertex 51.5056 67.3333 5.5
      vertex 53.1685 68.4444 5.5
      vertex 53.0761 68.6173 5.5
    endloop
  endfacet
  facet normal 0 0 1
    outer loop
      vertex 51.2284 67.852 5.5
      vertex 53.0761 68.6173 5.5
      vertex 53.0192 68.8049 5.5
    endloop
  endfacet
  facet normal 0 0 1
    outer loop
      vertex 53.6173 68.0761 5.5
      vertex 52.852 66.2284 5.5
      vertex 53.4147 66.0576 5.5
    endloop
  endfacet
  facet normal 0 0 1
    outer loop
      vertex 51.0576 68.4147 5.5
      vertex 53.0192 68.8049 5.5
      vertex 53 69 5.5
    endloop
  endfacet
  facet normal 0 0 1
    outer loop
      vertex 53.1685 69.5556 5.5
      vertex 51.5056 70.6667 5.5
      vertex 53.0761 69.3827 5.5
    endloop
  endfacet
  facet normal -0 0 1
    outer loop
      vertex 51.2284 70.148 5.5
      vertex 53.0761 69.3827 5.5
      vertex 51.5056 70.6667 5.5
    endloop
  endfacet
  facet normal 0 0 1
    outer loop
      vertex 53.4444 68.1685 5.5
      vertex 52.3333 66.5056 5.5
      vertex 52.852 66.2284 5.5
    endloop
  endfacet
  facet normal 0 0 1
    outer loop
      vertex 53.0761 69.3827 5.5
      vertex 51.2284 70.148 5.5
      vertex 53.0192 69.1951 5.5
    endloop
  endfacet
  facet normal 0 0 1
    outer loop
      vertex 53.2929 68.2929 5.5
      vertex 51.8787 66.8787 5.5
      vertex 52.3333 66.5056 5.5
    endloop
  endfacet
  facet normal -0 0 1
    outer loop
      vertex 51.0576 69.5853 5.5
      vertex 53.0192 69.1951 5.5
      vertex 51.2284 70.148 5.5
    endloop
  endfacet
  facet normal 0 0 1
    outer loop
      vertex 53.1685 68.4444 5.5
      vertex 51.5056 67.3333 5.5
      vertex 51.8787 66.8787 5.5
    endloop
  endfacet
  facet normal 0 0 1
    outer loop
      vertex 53.0192 69.1951 5.5
      vertex 51.0576 69.5853 5.5
      vertex 53 69 5.5
    endloop
  endfacet
  facet normal 0 0 1
    outer loop
      vertex 53.0761 68.6173 5.5
      vertex 51.2284 67.852 5.5
      vertex 51.5056 67.3333 5.5
    endloop
  endfacet
  facet normal 0 0 1
    outer loop
      vertex 51 69 5.5
      vertex 53 69 5.5
      vertex 51.0576 69.5853 5.5
    endloop
  endfacet
  facet normal 0 0 1
    outer loop
      vertex 53.0192 68.8049 5.5
      vertex 51.0576 68.4147 5.5
      vertex 51.2284 67.852 5.5
    endloop
  endfacet
  facet normal 0 0 1
    outer loop
      vertex 53 69 5.5
      vertex 51 69 5.5
      vertex 51.0576 68.4147 5.5
    endloop
  endfacet
  facet normal -0.290451 -0.95689 0
    outer loop
      vertex 52.852 66.2284 2
      vertex 53.4147 66.0576 5.5
      vertex 52.852 66.2284 5.5
    endloop
  endfacet
  facet normal -0.290451 -0.95689 -0
    outer loop
      vertex 53.4147 66.0576 5.5
      vertex 52.852 66.2284 2
      vertex 53.4147 66.0576 2
    endloop
  endfacet
  facet normal 0.95689 -0.290451 0
    outer loop
      vertex 56.7716 67.852 5.5
      vertex 56.9424 68.4147 2
      vertex 56.9424 68.4147 5.5
    endloop
  endfacet
  facet normal 0.95689 -0.290451 0
    outer loop
      vertex 56.9424 68.4147 2
      vertex 56.7716 67.852 5.5
      vertex 56.7716 67.852 2
    endloop
  endfacet
  facet normal 0.772994 0.634413 0
    outer loop
      vertex 56.4944 70.6667 5.5
      vertex 56.1213 71.1213 2
      vertex 56.1213 71.1213 5.5
    endloop
  endfacet
  facet normal 0.772994 0.634413 0
    outer loop
      vertex 56.1213 71.1213 2
      vertex 56.4944 70.6667 5.5
      vertex 56.4944 70.6667 2
    endloop
  endfacet
  facet normal 0.634413 -0.772994 0
    outer loop
      vertex 55.6667 66.5056 2
      vertex 56.1213 66.8787 5.5
      vertex 55.6667 66.5056 5.5
    endloop
  endfacet
  facet normal 0.634413 -0.772994 0
    outer loop
      vertex 56.1213 66.8787 5.5
      vertex 55.6667 66.5056 2
      vertex 56.1213 66.8787 2
    endloop
  endfacet
  facet normal -0.634413 -0.772994 0
    outer loop
      vertex 51.8787 66.8787 2
      vertex 52.3333 66.5056 5.5
      vertex 51.8787 66.8787 5.5
    endloop
  endfacet
  facet normal -0.634413 -0.772994 -0
    outer loop
      vertex 52.3333 66.5056 5.5
      vertex 51.8787 66.8787 2
      vertex 52.3333 66.5056 2
    endloop
  endfacet
  facet normal -0.097938 0.995193 0
    outer loop
      vertex 54 72 2
      vertex 53.4147 71.9424 5.5
      vertex 54 72 5.5
    endloop
  endfacet
  facet normal -0.097938 0.995193 0
    outer loop
      vertex 53.4147 71.9424 5.5
      vertex 54 72 2
      vertex 53.4147 71.9424 2
    endloop
  endfacet
  facet normal 0.881957 -0.471329 0
    outer loop
      vertex 56.4944 67.3333 5.5
      vertex 56.7716 67.852 2
      vertex 56.7716 67.852 5.5
    endloop
  endfacet
  facet normal 0.881957 -0.471329 0
    outer loop
      vertex 56.7716 67.852 2
      vertex 56.4944 67.3333 5.5
      vertex 56.4944 67.3333 2
    endloop
  endfacet
  facet normal -0.95689 -0.290451 0
    outer loop
      vertex 51.2284 67.852 2
      vertex 51.0576 68.4147 5.5
      vertex 51.0576 68.4147 2
    endloop
  endfacet
  facet normal -0.95689 -0.290451 0
    outer loop
      vertex 51.0576 68.4147 5.5
      vertex 51.2284 67.852 2
      vertex 51.2284 67.852 5.5
    endloop
  endfacet
  facet normal -0.995193 -0.097938 0
    outer loop
      vertex 51.0576 68.4147 2
      vertex 51 69 5.5
      vertex 51 69 2
    endloop
  endfacet
  facet normal -0.995193 -0.097938 0
    outer loop
      vertex 51 69 5.5
      vertex 51.0576 68.4147 2
      vertex 51.0576 68.4147 5.5
    endloop
  endfacet
  facet normal -0.772994 -0.634413 0
    outer loop
      vertex 51.8787 66.8787 2
      vertex 51.5056 67.3333 5.5
      vertex 51.5056 67.3333 2
    endloop
  endfacet
  facet normal -0.772994 -0.634413 0
    outer loop
      vertex 51.5056 67.3333 5.5
      vertex 51.8787 66.8787 2
      vertex 51.8787 66.8787 5.5
    endloop
  endfacet
  facet normal -0.772994 0.634413 0
    outer loop
      vertex 51.5056 70.6667 2
      vertex 51.8787 71.1213 5.5
      vertex 51.8787 71.1213 2
    endloop
  endfacet
  facet normal -0.772994 0.634413 0
    outer loop
      vertex 51.8787 71.1213 5.5
      vertex 51.5056 70.6667 2
      vertex 51.5056 70.6667 5.5
    endloop
  endfacet
  facet normal -0.95689 0.290451 0
    outer loop
      vertex 51.0576 69.5853 2
      vertex 51.2284 70.148 5.5
      vertex 51.2284 70.148 2
    endloop
  endfacet
  facet normal -0.95689 0.290451 0
    outer loop
      vertex 51.2284 70.148 5.5
      vertex 51.0576 69.5853 2
      vertex 51.0576 69.5853 5.5
    endloop
  endfacet
  facet normal -0.995193 0.097938 0
    outer loop
      vertex 51 69 2
      vertex 51.0576 69.5853 5.5
      vertex 51.0576 69.5853 2
    endloop
  endfacet
  facet normal -0.995193 0.097938 0
    outer loop
      vertex 51.0576 69.5853 5.5
      vertex 51 69 2
      vertex 51 69 5.5
    endloop
  endfacet
  facet normal -0.471329 -0.881957 0
    outer loop
      vertex 52.3333 66.5056 2
      vertex 52.852 66.2284 5.5
      vertex 52.3333 66.5056 5.5
    endloop
  endfacet
  facet normal -0.471329 -0.881957 -0
    outer loop
      vertex 52.852 66.2284 5.5
      vertex 52.3333 66.5056 2
      vertex 52.852 66.2284 2
    endloop
  endfacet
  facet normal -0.471329 0.881957 0
    outer loop
      vertex 54.5556 68.1685 2
      vertex 54.3827 68.0761 5.5
      vertex 54.5556 68.1685 5.5
    endloop
  endfacet
  facet normal -0.471329 0.881957 0
    outer loop
      vertex 54.3827 68.0761 5.5
      vertex 54.5556 68.1685 2
      vertex 54.3827 68.0761 2
    endloop
  endfacet
  facet normal -0.956951 -0.290248 0
    outer loop
      vertex 54.9808 69.1951 2
      vertex 54.9239 69.3827 5.5
      vertex 54.9239 69.3827 2
    endloop
  endfacet
  facet normal -0.956951 -0.290248 0
    outer loop
      vertex 54.9239 69.3827 5.5
      vertex 54.9808 69.1951 2
      vertex 54.9808 69.1951 5.5
    endloop
  endfacet
  facet normal -0.290248 0.956951 0
    outer loop
      vertex 54.3827 68.0761 2
      vertex 54.1951 68.0192 5.5
      vertex 54.3827 68.0761 5.5
    endloop
  endfacet
  facet normal -0.290248 0.956951 0
    outer loop
      vertex 54.1951 68.0192 5.5
      vertex 54.3827 68.0761 2
      vertex 54.1951 68.0192 2
    endloop
  endfacet
  facet normal -0.634598 0.772842 0
    outer loop
      vertex 54.7071 68.2929 2
      vertex 54.5556 68.1685 5.5
      vertex 54.7071 68.2929 5.5
    endloop
  endfacet
  facet normal -0.634598 0.772842 0
    outer loop
      vertex 54.5556 68.1685 5.5
      vertex 54.7071 68.2929 2
      vertex 54.5556 68.1685 2
    endloop
  endfacet
  facet normal 0.634598 -0.772842 0
    outer loop
      vertex 53.2929 69.7071 2
      vertex 53.4444 69.8315 5.5
      vertex 53.2929 69.7071 5.5
    endloop
  endfacet
  facet normal 0.634598 -0.772842 0
    outer loop
      vertex 53.4444 69.8315 5.5
      vertex 53.2929 69.7071 2
      vertex 53.4444 69.8315 2
    endloop
  endfacet
  facet normal -0.995193 0.097938 0
    outer loop
      vertex 54.9808 68.8049 2
      vertex 55 69 5.5
      vertex 55 69 2
    endloop
  endfacet
  facet normal -0.995193 0.097938 0
    outer loop
      vertex 55 69 5.5
      vertex 54.9808 68.8049 2
      vertex 54.9808 68.8049 5.5
    endloop
  endfacet
  facet normal -0.772842 0.634598 0
    outer loop
      vertex 54.7071 68.2929 2
      vertex 54.8315 68.4444 5.5
      vertex 54.8315 68.4444 2
    endloop
  endfacet
  facet normal -0.772842 0.634598 0
    outer loop
      vertex 54.8315 68.4444 5.5
      vertex 54.7071 68.2929 2
      vertex 54.7071 68.2929 5.5
    endloop
  endfacet
  facet normal -0.097938 0.995193 0
    outer loop
      vertex 54.1951 68.0192 2
      vertex 54 68 5.5
      vertex 54.1951 68.0192 5.5
    endloop
  endfacet
  facet normal -0.097938 0.995193 0
    outer loop
      vertex 54 68 5.5
      vertex 54.1951 68.0192 2
      vertex 54 68 2
    endloop
  endfacet
  facet normal 0.772842 -0.634598 0
    outer loop
      vertex 53.1685 69.5556 5.5
      vertex 53.2929 69.7071 2
      vertex 53.2929 69.7071 5.5
    endloop
  endfacet
  facet normal 0.772842 -0.634598 0
    outer loop
      vertex 53.2929 69.7071 2
      vertex 53.1685 69.5556 5.5
      vertex 53.1685 69.5556 2
    endloop
  endfacet
  facet normal -0.772842 -0.634598 0
    outer loop
      vertex 54.8315 69.5556 2
      vertex 54.7071 69.7071 5.5
      vertex 54.7071 69.7071 2
    endloop
  endfacet
  facet normal -0.772842 -0.634598 0
    outer loop
      vertex 54.7071 69.7071 5.5
      vertex 54.8315 69.5556 2
      vertex 54.8315 69.5556 5.5
    endloop
  endfacet
  facet normal -0.995193 -0.097938 0
    outer loop
      vertex 55 69 2
      vertex 54.9808 69.1951 5.5
      vertex 54.9808 69.1951 2
    endloop
  endfacet
  facet normal -0.995193 -0.097938 0
    outer loop
      vertex 54.9808 69.1951 5.5
      vertex 55 69 2
      vertex 55 69 5.5
    endloop
  endfacet
  facet normal -0.097938 -0.995193 0
    outer loop
      vertex 54 70 2
      vertex 54.1951 69.9808 5.5
      vertex 54 70 5.5
    endloop
  endfacet
  facet normal -0.097938 -0.995193 -0
    outer loop
      vertex 54.1951 69.9808 5.5
      vertex 54 70 2
      vertex 54.1951 69.9808 2
    endloop
  endfacet
  facet normal -0.634598 -0.772842 0
    outer loop
      vertex 54.5556 69.8315 2
      vertex 54.7071 69.7071 5.5
      vertex 54.5556 69.8315 5.5
    endloop
  endfacet
  facet normal -0.634598 -0.772842 -0
    outer loop
      vertex 54.7071 69.7071 5.5
      vertex 54.5556 69.8315 2
      vertex 54.7071 69.7071 2
    endloop
  endfacet
  facet normal 0.097938 -0.995193 0
    outer loop
      vertex 53.8049 69.9808 2
      vertex 54 70 5.5
      vertex 53.8049 69.9808 5.5
    endloop
  endfacet
  facet normal 0.097938 -0.995193 0
    outer loop
      vertex 54 70 5.5
      vertex 53.8049 69.9808 2
      vertex 54 70 2
    endloop
  endfacet
  facet normal -0.881957 -0.471329 0
    outer loop
      vertex 54.9239 69.3827 2
      vertex 54.8315 69.5556 5.5
      vertex 54.8315 69.5556 2
    endloop
  endfacet
  facet normal -0.881957 -0.471329 0
    outer loop
      vertex 54.8315 69.5556 5.5
      vertex 54.9239 69.3827 2
      vertex 54.9239 69.3827 5.5
    endloop
  endfacet
  facet normal -0.471329 -0.881957 0
    outer loop
      vertex 54.3827 69.9239 2
      vertex 54.5556 69.8315 5.5
      vertex 54.3827 69.9239 5.5
    endloop
  endfacet
  facet normal -0.471329 -0.881957 -0
    outer loop
      vertex 54.5556 69.8315 5.5
      vertex 54.3827 69.9239 2
      vertex 54.5556 69.8315 2
    endloop
  endfacet
  facet normal 0.881957 -0.471329 0
    outer loop
      vertex 53.0761 69.3827 5.5
      vertex 53.1685 69.5556 2
      vertex 53.1685 69.5556 5.5
    endloop
  endfacet
  facet normal 0.881957 -0.471329 0
    outer loop
      vertex 53.1685 69.5556 2
      vertex 53.0761 69.3827 5.5
      vertex 53.0761 69.3827 2
    endloop
  endfacet
  facet normal 0.290248 -0.956951 0
    outer loop
      vertex 53.6173 69.9239 2
      vertex 53.8049 69.9808 5.5
      vertex 53.6173 69.9239 5.5
    endloop
  endfacet
  facet normal 0.290248 -0.956951 0
    outer loop
      vertex 53.8049 69.9808 5.5
      vertex 53.6173 69.9239 2
      vertex 53.8049 69.9808 2
    endloop
  endfacet
  facet normal 0.471329 0.881957 -0
    outer loop
      vertex 53.6173 68.0761 2
      vertex 53.4444 68.1685 5.5
      vertex 53.6173 68.0761 5.5
    endloop
  endfacet
  facet normal 0.471329 0.881957 0
    outer loop
      vertex 53.4444 68.1685 5.5
      vertex 53.6173 68.0761 2
      vertex 53.4444 68.1685 2
    endloop
  endfacet
  facet normal -0.290248 -0.956951 0
    outer loop
      vertex 54.1951 69.9808 2
      vertex 54.3827 69.9239 5.5
      vertex 54.1951 69.9808 5.5
    endloop
  endfacet
  facet normal -0.290248 -0.956951 -0
    outer loop
      vertex 54.3827 69.9239 5.5
      vertex 54.1951 69.9808 2
      vertex 54.3827 69.9239 2
    endloop
  endfacet
  facet normal 0.995193 -0.097938 0
    outer loop
      vertex 53 69 5.5
      vertex 53.0192 69.1951 2
      vertex 53.0192 69.1951 5.5
    endloop
  endfacet
  facet normal 0.995193 -0.097938 0
    outer loop
      vertex 53.0192 69.1951 2
      vertex 53 69 5.5
      vertex 53 69 2
    endloop
  endfacet
  facet normal 0.290248 0.956951 -0
    outer loop
      vertex 53.8049 68.0192 2
      vertex 53.6173 68.0761 5.5
      vertex 53.8049 68.0192 5.5
    endloop
  endfacet
  facet normal 0.290248 0.956951 0
    outer loop
      vertex 53.6173 68.0761 5.5
      vertex 53.8049 68.0192 2
      vertex 53.6173 68.0761 2
    endloop
  endfacet
  facet normal 0.956951 0.290248 0
    outer loop
      vertex 53.0761 68.6173 5.5
      vertex 53.0192 68.8049 2
      vertex 53.0192 68.8049 5.5
    endloop
  endfacet
  facet normal 0.956951 0.290248 0
    outer loop
      vertex 53.0192 68.8049 2
      vertex 53.0761 68.6173 5.5
      vertex 53.0761 68.6173 2
    endloop
  endfacet
  facet normal -0.881957 0.471329 0
    outer loop
      vertex 54.8315 68.4444 2
      vertex 54.9239 68.6173 5.5
      vertex 54.9239 68.6173 2
    endloop
  endfacet
  facet normal -0.881957 0.471329 0
    outer loop
      vertex 54.9239 68.6173 5.5
      vertex 54.8315 68.4444 2
      vertex 54.8315 68.4444 5.5
    endloop
  endfacet
  facet normal -0.956951 0.290248 0
    outer loop
      vertex 54.9239 68.6173 2
      vertex 54.9808 68.8049 5.5
      vertex 54.9808 68.8049 2
    endloop
  endfacet
  facet normal -0.956951 0.290248 0
    outer loop
      vertex 54.9808 68.8049 5.5
      vertex 54.9239 68.6173 2
      vertex 54.9239 68.6173 5.5
    endloop
  endfacet
  facet normal 0.956951 -0.290248 0
    outer loop
      vertex 53.0192 69.1951 5.5
      vertex 53.0761 69.3827 2
      vertex 53.0761 69.3827 5.5
    endloop
  endfacet
  facet normal 0.956951 -0.290248 0
    outer loop
      vertex 53.0761 69.3827 2
      vertex 53.0192 69.1951 5.5
      vertex 53.0192 69.1951 2
    endloop
  endfacet
  facet normal 0.471329 -0.881957 0
    outer loop
      vertex 53.4444 69.8315 2
      vertex 53.6173 69.9239 5.5
      vertex 53.4444 69.8315 5.5
    endloop
  endfacet
  facet normal 0.471329 -0.881957 0
    outer loop
      vertex 53.6173 69.9239 5.5
      vertex 53.4444 69.8315 2
      vertex 53.6173 69.9239 2
    endloop
  endfacet
  facet normal 0.634598 0.772842 -0
    outer loop
      vertex 53.4444 68.1685 2
      vertex 53.2929 68.2929 5.5
      vertex 53.4444 68.1685 5.5
    endloop
  endfacet
  facet normal 0.634598 0.772842 0
    outer loop
      vertex 53.2929 68.2929 5.5
      vertex 53.4444 68.1685 2
      vertex 53.2929 68.2929 2
    endloop
  endfacet
  facet normal 0.881957 0.471329 0
    outer loop
      vertex 53.1685 68.4444 5.5
      vertex 53.0761 68.6173 2
      vertex 53.0761 68.6173 5.5
    endloop
  endfacet
  facet normal 0.881957 0.471329 0
    outer loop
      vertex 53.0761 68.6173 2
      vertex 53.1685 68.4444 5.5
      vertex 53.1685 68.4444 2
    endloop
  endfacet
  facet normal 0.772842 0.634598 0
    outer loop
      vertex 53.2929 68.2929 5.5
      vertex 53.1685 68.4444 2
      vertex 53.1685 68.4444 5.5
    endloop
  endfacet
  facet normal 0.772842 0.634598 0
    outer loop
      vertex 53.1685 68.4444 2
      vertex 53.2929 68.2929 5.5
      vertex 53.2929 68.2929 2
    endloop
  endfacet
  facet normal 0.995193 0.097938 0
    outer loop
      vertex 53.0192 68.8049 5.5
      vertex 53 69 2
      vertex 53 69 5.5
    endloop
  endfacet
  facet normal 0.995193 0.097938 0
    outer loop
      vertex 53 69 2
      vertex 53.0192 68.8049 5.5
      vertex 53.0192 68.8049 2
    endloop
  endfacet
  facet normal 0.097938 0.995193 -0
    outer loop
      vertex 54 68 2
      vertex 53.8049 68.0192 5.5
      vertex 54 68 5.5
    endloop
  endfacet
  facet normal 0.097938 0.995193 0
    outer loop
      vertex 53.8049 68.0192 5.5
      vertex 54 68 2
      vertex 53.8049 68.0192 2
    endloop
  endfacet
  facet normal 1 -0 0
    outer loop
      vertex 130 2 5
      vertex 130 73 2
      vertex 130 73 5
    endloop
  endfacet
  facet normal 1 0 0
    outer loop
      vertex 130 73 2
      vertex 130 2 5
      vertex 130 2 2
    endloop
  endfacet
  facet normal 0 0 1
    outer loop
      vertex 130 73 5
      vertex 128.8 71.8 5
      vertex 130 2 5
    endloop
  endfacet
  facet normal 0 0 1
    outer loop
      vertex 130 73 5
      vertex 75.2 71.8 5
      vertex 128.8 71.8 5
    endloop
  endfacet
  facet normal 0 0 1
    outer loop
      vertex 75.2 71.8 5
      vertex 74 73 5
      vertex 75.2 3.2 5
    endloop
  endfacet
  facet normal -0 0 1
    outer loop
      vertex 74 73 5
      vertex 75.2 71.8 5
      vertex 130 73 5
    endloop
  endfacet
  facet normal -0 0 1
    outer loop
      vertex 128.8 3.2 5
      vertex 130 2 5
      vertex 128.8 71.8 5
    endloop
  endfacet
  facet normal -0 0 1
    outer loop
      vertex 75.2 3.2 5
      vertex 130 2 5
      vertex 128.8 3.2 5
    endloop
  endfacet
  facet normal 0 0 1
    outer loop
      vertex 75.2 3.2 5
      vertex 74 2 5
      vertex 130 2 5
    endloop
  endfacet
  facet normal 0 0 1
    outer loop
      vertex 74 2 5
      vertex 75.2 3.2 5
      vertex 74 73 5
    endloop
  endfacet
  facet normal 0 0 1
    outer loop
      vertex 132 75 2
      vertex 130 73 2
      vertex 132 0 2
    endloop
  endfacet
  facet normal 0 0 1
    outer loop
      vertex 132 75 2
      vertex 74 73 2
      vertex 130 73 2
    endloop
  endfacet
  facet normal 0 0 1
    outer loop
      vertex 74 73 2
      vertex 72 75 2
      vertex 74 2 2
    endloop
  endfacet
  facet normal -0 0 1
    outer loop
      vertex 72 75 2
      vertex 74 73 2
      vertex 132 75 2
    endloop
  endfacet
  facet normal -0 0 1
    outer loop
      vertex 130 2 2
      vertex 132 0 2
      vertex 130 73 2
    endloop
  endfacet
  facet normal -0 0 1
    outer loop
      vertex 74 2 2
      vertex 132 0 2
      vertex 130 2 2
    endloop
  endfacet
  facet normal 0 0 1
    outer loop
      vertex 74 2 2
      vertex 72 0 2
      vertex 132 0 2
    endloop
  endfacet
  facet normal 0 0 1
    outer loop
      vertex 72 0 2
      vertex 74 2 2
      vertex 72 75 2
    endloop
  endfacet
  facet normal -0 0 1
    outer loop
      vertex 125.523 17.2689 2
      vertex 127.273 7 2
      vertex 127.273 20.3 2
    endloop
  endfacet
  facet normal 0 0 1
    outer loop
      vertex 125.523 17.2689 2
      vertex 125.523 10.0311 2
      vertex 127.273 7 2
    endloop
  endfacet
  facet normal 0 0 1
    outer loop
      vertex 125.523 17.2689 2
      vertex 123.542 13.65 2
      vertex 125.523 10.0311 2
    endloop
  endfacet
  facet normal 0 0 1
    outer loop
      vertex 121.792 16.6811 2
      vertex 125.523 17.2689 2
      vertex 122.023 17.2689 2
    endloop
  endfacet
  facet normal 0 0 1
    outer loop
      vertex 125.523 17.2689 2
      vertex 121.792 16.6811 2
      vertex 123.542 13.65 2
    endloop
  endfacet
  facet normal 0 0 1
    outer loop
      vertex 118.061 17.2689 2
      vertex 122.023 17.2689 2
      vertex 120.273 20.3 2
    endloop
  endfacet
  facet normal 0 0 1
    outer loop
      vertex 118.061 17.2689 2
      vertex 120.273 20.3 2
      vertex 119.811 20.3 2
    endloop
  endfacet
  facet normal 0 0 1
    outer loop
      vertex 122.023 17.2689 2
      vertex 118.061 17.2689 2
      vertex 121.792 16.6811 2
    endloop
  endfacet
  facet normal 0 0 1
    outer loop
      vertex 121.792 16.6811 2
      vertex 118.061 17.2689 2
      vertex 118.292 16.6811 2
    endloop
  endfacet
  facet normal 0 0 1
    outer loop
      vertex 114.33 16.6811 2
      vertex 118.292 16.6811 2
      vertex 118.061 17.2689 2
    endloop
  endfacet
  facet normal 0 0 1
    outer loop
      vertex 118.292 16.6811 2
      vertex 114.33 16.6811 2
      vertex 116.542 13.65 2
    endloop
  endfacet
  facet normal 0 0 1
    outer loop
      vertex 114.33 16.6811 2
      vertex 118.061 17.2689 2
      vertex 114.561 17.2689 2
    endloop
  endfacet
  facet normal 0 0 1
    outer loop
      vertex 116.542 13.65 2
      vertex 114.33 16.6811 2
      vertex 116.08 13.65 2
    endloop
  endfacet
  facet normal 0 0 1
    outer loop
      vertex 110.599 17.2689 2
      vertex 114.561 17.2689 2
      vertex 112.811 20.3 2
    endloop
  endfacet
  facet normal 0 0 1
    outer loop
      vertex 110.599 17.2689 2
      vertex 112.811 20.3 2
      vertex 112.349 20.3 2
    endloop
  endfacet
  facet normal 0 0 1
    outer loop
      vertex 114.561 17.2689 2
      vertex 110.599 17.2689 2
      vertex 114.33 16.6811 2
    endloop
  endfacet
  facet normal 0 0 1
    outer loop
      vertex 114.33 16.6811 2
      vertex 110.599 17.2689 2
      vertex 110.83 16.6811 2
    endloop
  endfacet
  facet normal 0 0 1
    outer loop
      vertex 106.868 16.6811 2
      vertex 110.83 16.6811 2
      vertex 110.599 17.2689 2
    endloop
  endfacet
  facet normal 0 0 1
    outer loop
      vertex 110.83 16.6811 2
      vertex 106.868 16.6811 2
      vertex 109.08 13.65 2
    endloop
  endfacet
  facet normal 0 0 1
    outer loop
      vertex 106.868 16.6811 2
      vertex 110.599 17.2689 2
      vertex 107.099 17.2689 2
    endloop
  endfacet
  facet normal 0 0 1
    outer loop
      vertex 109.08 13.65 2
      vertex 106.868 16.6811 2
      vertex 108.618 13.65 2
    endloop
  endfacet
  facet normal 0 0 1
    outer loop
      vertex 103.137 17.2689 2
      vertex 107.099 17.2689 2
      vertex 105.349 20.3 2
    endloop
  endfacet
  facet normal 0 0 1
    outer loop
      vertex 103.137 17.2689 2
      vertex 105.349 20.3 2
      vertex 104.887 20.3 2
    endloop
  endfacet
  facet normal 0 0 1
    outer loop
      vertex 107.099 17.2689 2
      vertex 103.137 17.2689 2
      vertex 106.868 16.6811 2
    endloop
  endfacet
  facet normal 0 0 1
    outer loop
      vertex 106.868 16.6811 2
      vertex 103.137 17.2689 2
      vertex 103.368 16.6811 2
    endloop
  endfacet
  facet normal 0 0 1
    outer loop
      vertex 99.4054 16.6811 2
      vertex 103.368 16.6811 2
      vertex 103.137 17.2689 2
    endloop
  endfacet
  facet normal 0 0 1
    outer loop
      vertex 103.368 16.6811 2
      vertex 99.4054 16.6811 2
      vertex 101.618 13.65 2
    endloop
  endfacet
  facet normal 0 0 1
    outer loop
      vertex 99.4054 16.6811 2
      vertex 103.137 17.2689 2
      vertex 99.6365 17.2689 2
    endloop
  endfacet
  facet normal 0 0 1
    outer loop
      vertex 101.618 13.65 2
      vertex 99.4054 16.6811 2
      vertex 101.155 13.65 2
    endloop
  endfacet
  facet normal 0 0 1
    outer loop
      vertex 95.6744 17.2689 2
      vertex 99.6365 17.2689 2
      vertex 97.8865 20.3 2
    endloop
  endfacet
  facet normal 0 0 1
    outer loop
      vertex 95.6744 17.2689 2
      vertex 97.8865 20.3 2
      vertex 97.4244 20.3 2
    endloop
  endfacet
  facet normal 0 0 1
    outer loop
      vertex 99.6365 17.2689 2
      vertex 95.6744 17.2689 2
      vertex 99.4054 16.6811 2
    endloop
  endfacet
  facet normal 0 0 1
    outer loop
      vertex 99.4054 16.6811 2
      vertex 95.6744 17.2689 2
      vertex 95.9054 16.6811 2
    endloop
  endfacet
  facet normal 0 0 1
    outer loop
      vertex 91.9433 16.6811 2
      vertex 95.9054 16.6811 2
      vertex 95.6744 17.2689 2
    endloop
  endfacet
  facet normal 0 0 1
    outer loop
      vertex 95.9054 16.6811 2
      vertex 91.9433 16.6811 2
      vertex 94.1554 13.65 2
    endloop
  endfacet
  facet normal 0 0 1
    outer loop
      vertex 91.9433 16.6811 2
      vertex 95.6744 17.2689 2
      vertex 92.1744 17.2689 2
    endloop
  endfacet
  facet normal 0 0 1
    outer loop
      vertex 94.1554 13.65 2
      vertex 91.9433 16.6811 2
      vertex 93.6933 13.65 2
    endloop
  endfacet
  facet normal 0 0 1
    outer loop
      vertex 88.2122 17.2689 2
      vertex 92.1744 17.2689 2
      vertex 90.4244 20.3 2
    endloop
  endfacet
  facet normal 0 0 1
    outer loop
      vertex 88.2122 17.2689 2
      vertex 90.4244 20.3 2
      vertex 89.9622 20.3 2
    endloop
  endfacet
  facet normal 0 0 1
    outer loop
      vertex 92.1744 17.2689 2
      vertex 88.2122 17.2689 2
      vertex 91.9433 16.6811 2
    endloop
  endfacet
  facet normal 0 0 1
    outer loop
      vertex 91.9433 16.6811 2
      vertex 88.2122 17.2689 2
      vertex 88.4433 16.6811 2
    endloop
  endfacet
  facet normal 0 0 1
    outer loop
      vertex 84.4811 16.6811 2
      vertex 88.4433 16.6811 2
      vertex 88.2122 17.2689 2
    endloop
  endfacet
  facet normal 0 0 1
    outer loop
      vertex 88.4433 16.6811 2
      vertex 84.4811 16.6811 2
      vertex 86.6933 13.65 2
    endloop
  endfacet
  facet normal 0 0 1
    outer loop
      vertex 84.4811 16.6811 2
      vertex 88.2122 17.2689 2
      vertex 84.7122 17.2689 2
    endloop
  endfacet
  facet normal 0 0 1
    outer loop
      vertex 86.6933 13.65 2
      vertex 84.4811 16.6811 2
      vertex 86.2311 13.65 2
    endloop
  endfacet
  facet normal 0 0 1
    outer loop
      vertex 80.9811 16.6811 2
      vertex 84.7122 17.2689 2
      vertex 82.9622 20.3 2
    endloop
  endfacet
  facet normal 0 0 1
    outer loop
      vertex 80.9811 16.6811 2
      vertex 82.9622 20.3 2
      vertex 80.9811 23.9189 2
    endloop
  endfacet
  facet normal 0 0 1
    outer loop
      vertex 84.7122 17.2689 2
      vertex 80.9811 16.6811 2
      vertex 84.4811 16.6811 2
    endloop
  endfacet
  facet normal 0 0 1
    outer loop
      vertex 79.2311 26.95 2
      vertex 80.9811 16.6811 2
      vertex 80.9811 23.9189 2
    endloop
  endfacet
  facet normal 0 0 1
    outer loop
      vertex 80.9811 16.6811 2
      vertex 79.2311 26.95 2
      vertex 79.2311 13.65 2
    endloop
  endfacet
  facet normal -0 0 1
    outer loop
      vertex 125.523 30.5689 2
      vertex 127.273 20.3 2
      vertex 127.273 33.6 2
    endloop
  endfacet
  facet normal 0 0 1
    outer loop
      vertex 125.523 30.5689 2
      vertex 125.523 23.3311 2
      vertex 127.273 20.3 2
    endloop
  endfacet
  facet normal 0 0 1
    outer loop
      vertex 125.523 30.5689 2
      vertex 123.542 26.95 2
      vertex 125.523 23.3311 2
    endloop
  endfacet
  facet normal 0 0 1
    outer loop
      vertex 121.792 29.9811 2
      vertex 125.523 30.5689 2
      vertex 122.023 30.5689 2
    endloop
  endfacet
  facet normal 0 0 1
    outer loop
      vertex 125.523 30.5689 2
      vertex 121.792 29.9811 2
      vertex 123.542 26.95 2
    endloop
  endfacet
  facet normal 0 0 1
    outer loop
      vertex 118.061 30.5689 2
      vertex 122.023 30.5689 2
      vertex 120.273 33.6 2
    endloop
  endfacet
  facet normal 0 0 1
    outer loop
      vertex 118.061 30.5689 2
      vertex 120.273 33.6 2
      vertex 119.811 33.6 2
    endloop
  endfacet
  facet normal 0 0 1
    outer loop
      vertex 122.023 30.5689 2
      vertex 118.061 30.5689 2
      vertex 121.792 29.9811 2
    endloop
  endfacet
  facet normal 0 0 1
    outer loop
      vertex 121.792 29.9811 2
      vertex 118.061 30.5689 2
      vertex 118.292 29.9811 2
    endloop
  endfacet
  facet normal 0 0 1
    outer loop
      vertex 114.33 29.9811 2
      vertex 118.292 29.9811 2
      vertex 118.061 30.5689 2
    endloop
  endfacet
  facet normal 0 0 1
    outer loop
      vertex 118.292 29.9811 2
      vertex 114.33 29.9811 2
      vertex 116.542 26.95 2
    endloop
  endfacet
  facet normal 0 0 1
    outer loop
      vertex 114.33 29.9811 2
      vertex 118.061 30.5689 2
      vertex 114.561 30.5689 2
    endloop
  endfacet
  facet normal 0 0 1
    outer loop
      vertex 116.542 26.95 2
      vertex 114.33 29.9811 2
      vertex 116.08 26.95 2
    endloop
  endfacet
  facet normal 0 0 1
    outer loop
      vertex 110.599 30.5689 2
      vertex 114.561 30.5689 2
      vertex 112.811 33.6 2
    endloop
  endfacet
  facet normal 0 0 1
    outer loop
      vertex 110.599 30.5689 2
      vertex 112.811 33.6 2
      vertex 112.349 33.6 2
    endloop
  endfacet
  facet normal 0 0 1
    outer loop
      vertex 114.561 30.5689 2
      vertex 110.599 30.5689 2
      vertex 114.33 29.9811 2
    endloop
  endfacet
  facet normal 0 0 1
    outer loop
      vertex 114.33 29.9811 2
      vertex 110.599 30.5689 2
      vertex 110.83 29.9811 2
    endloop
  endfacet
  facet normal 0 0 1
    outer loop
      vertex 106.868 29.9811 2
      vertex 110.83 29.9811 2
      vertex 110.599 30.5689 2
    endloop
  endfacet
  facet normal 0 0 1
    outer loop
      vertex 110.83 29.9811 2
      vertex 106.868 29.9811 2
      vertex 109.08 26.95 2
    endloop
  endfacet
  facet normal 0 0 1
    outer loop
      vertex 106.868 29.9811 2
      vertex 110.599 30.5689 2
      vertex 107.099 30.5689 2
    endloop
  endfacet
  facet normal 0 0 1
    outer loop
      vertex 109.08 26.95 2
      vertex 106.868 29.9811 2
      vertex 108.618 26.95 2
    endloop
  endfacet
  facet normal 0 0 1
    outer loop
      vertex 103.137 30.5689 2
      vertex 107.099 30.5689 2
      vertex 105.349 33.6 2
    endloop
  endfacet
  facet normal 0 0 1
    outer loop
      vertex 103.137 30.5689 2
      vertex 105.349 33.6 2
      vertex 104.887 33.6 2
    endloop
  endfacet
  facet normal 0 0 1
    outer loop
      vertex 107.099 30.5689 2
      vertex 103.137 30.5689 2
      vertex 106.868 29.9811 2
    endloop
  endfacet
  facet normal 0 0 1
    outer loop
      vertex 106.868 29.9811 2
      vertex 103.137 30.5689 2
      vertex 103.368 29.9811 2
    endloop
  endfacet
  facet normal 0 0 1
    outer loop
      vertex 99.4054 29.9811 2
      vertex 103.368 29.9811 2
      vertex 103.137 30.5689 2
    endloop
  endfacet
  facet normal 0 0 1
    outer loop
      vertex 103.368 29.9811 2
      vertex 99.4054 29.9811 2
      vertex 101.618 26.95 2
    endloop
  endfacet
  facet normal 0 0 1
    outer loop
      vertex 99.4054 29.9811 2
      vertex 103.137 30.5689 2
      vertex 99.6365 30.5689 2
    endloop
  endfacet
  facet normal 0 0 1
    outer loop
      vertex 101.618 26.95 2
      vertex 99.4054 29.9811 2
      vertex 101.155 26.95 2
    endloop
  endfacet
  facet normal 0 0 1
    outer loop
      vertex 95.6744 30.5689 2
      vertex 99.6365 30.5689 2
      vertex 97.8865 33.6 2
    endloop
  endfacet
  facet normal 0 0 1
    outer loop
      vertex 95.6744 30.5689 2
      vertex 97.8865 33.6 2
      vertex 97.4244 33.6 2
    endloop
  endfacet
  facet normal 0 0 1
    outer loop
      vertex 99.6365 30.5689 2
      vertex 95.6744 30.5689 2
      vertex 99.4054 29.9811 2
    endloop
  endfacet
  facet normal 0 0 1
    outer loop
      vertex 99.4054 29.9811 2
      vertex 95.6744 30.5689 2
      vertex 95.9054 29.9811 2
    endloop
  endfacet
  facet normal 0 0 1
    outer loop
      vertex 91.9433 29.9811 2
      vertex 95.9054 29.9811 2
      vertex 95.6744 30.5689 2
    endloop
  endfacet
  facet normal 0 0 1
    outer loop
      vertex 95.9054 29.9811 2
      vertex 91.9433 29.9811 2
      vertex 94.1554 26.95 2
    endloop
  endfacet
  facet normal 0 0 1
    outer loop
      vertex 91.9433 29.9811 2
      vertex 95.6744 30.5689 2
      vertex 92.1744 30.5689 2
    endloop
  endfacet
  facet normal 0 0 1
    outer loop
      vertex 94.1554 26.95 2
      vertex 91.9433 29.9811 2
      vertex 93.6933 26.95 2
    endloop
  endfacet
  facet normal 0 0 1
    outer loop
      vertex 88.2122 30.5689 2
      vertex 92.1744 30.5689 2
      vertex 90.4244 33.6 2
    endloop
  endfacet
  facet normal 0 0 1
    outer loop
      vertex 88.2122 30.5689 2
      vertex 90.4244 33.6 2
      vertex 89.9622 33.6 2
    endloop
  endfacet
  facet normal 0 0 1
    outer loop
      vertex 92.1744 30.5689 2
      vertex 88.2122 30.5689 2
      vertex 91.9433 29.9811 2
    endloop
  endfacet
  facet normal 0 0 1
    outer loop
      vertex 91.9433 29.9811 2
      vertex 88.2122 30.5689 2
      vertex 88.4433 29.9811 2
    endloop
  endfacet
  facet normal 0 0 1
    outer loop
      vertex 84.4811 29.9811 2
      vertex 88.4433 29.9811 2
      vertex 88.2122 30.5689 2
    endloop
  endfacet
  facet normal 0 0 1
    outer loop
      vertex 88.4433 29.9811 2
      vertex 84.4811 29.9811 2
      vertex 86.6933 26.95 2
    endloop
  endfacet
  facet normal 0 0 1
    outer loop
      vertex 84.4811 29.9811 2
      vertex 88.2122 30.5689 2
      vertex 84.7122 30.5689 2
    endloop
  endfacet
  facet normal 0 0 1
    outer loop
      vertex 86.6933 26.95 2
      vertex 84.4811 29.9811 2
      vertex 86.2311 26.95 2
    endloop
  endfacet
  facet normal 0 0 1
    outer loop
      vertex 80.9811 29.9811 2
      vertex 84.7122 30.5689 2
      vertex 82.9622 33.6 2
    endloop
  endfacet
  facet normal 0 0 1
    outer loop
      vertex 80.9811 29.9811 2
      vertex 82.9622 33.6 2
      vertex 80.9811 37.2189 2
    endloop
  endfacet
  facet normal 0 0 1
    outer loop
      vertex 84.7122 30.5689 2
      vertex 80.9811 29.9811 2
      vertex 84.4811 29.9811 2
    endloop
  endfacet
  facet normal 0 0 1
    outer loop
      vertex 79.2311 40.25 2
      vertex 80.9811 29.9811 2
      vertex 80.9811 37.2189 2
    endloop
  endfacet
  facet normal 0 0 1
    outer loop
      vertex 80.9811 29.9811 2
      vertex 79.2311 40.25 2
      vertex 79.2311 26.95 2
    endloop
  endfacet
  facet normal -0 0 1
    outer loop
      vertex 125.523 43.8689 2
      vertex 127.273 33.6 2
      vertex 127.273 46.9 2
    endloop
  endfacet
  facet normal 0 0 1
    outer loop
      vertex 125.523 43.8689 2
      vertex 125.523 36.6311 2
      vertex 127.273 33.6 2
    endloop
  endfacet
  facet normal 0 0 1
    outer loop
      vertex 125.523 43.8689 2
      vertex 123.542 40.25 2
      vertex 125.523 36.6311 2
    endloop
  endfacet
  facet normal 0 0 1
    outer loop
      vertex 121.792 43.2811 2
      vertex 125.523 43.8689 2
      vertex 122.023 43.8689 2
    endloop
  endfacet
  facet normal 0 0 1
    outer loop
      vertex 125.523 43.8689 2
      vertex 121.792 43.2811 2
      vertex 123.542 40.25 2
    endloop
  endfacet
  facet normal 0 0 1
    outer loop
      vertex 118.061 43.8689 2
      vertex 122.023 43.8689 2
      vertex 120.273 46.9 2
    endloop
  endfacet
  facet normal 0 0 1
    outer loop
      vertex 118.061 43.8689 2
      vertex 120.273 46.9 2
      vertex 119.811 46.9 2
    endloop
  endfacet
  facet normal 0 0 1
    outer loop
      vertex 122.023 43.8689 2
      vertex 118.061 43.8689 2
      vertex 121.792 43.2811 2
    endloop
  endfacet
  facet normal 0 0 1
    outer loop
      vertex 121.792 43.2811 2
      vertex 118.061 43.8689 2
      vertex 118.292 43.2811 2
    endloop
  endfacet
  facet normal 0 0 1
    outer loop
      vertex 114.33 43.2811 2
      vertex 118.292 43.2811 2
      vertex 118.061 43.8689 2
    endloop
  endfacet
  facet normal 0 0 1
    outer loop
      vertex 118.292 43.2811 2
      vertex 114.33 43.2811 2
      vertex 116.542 40.25 2
    endloop
  endfacet
  facet normal 0 0 1
    outer loop
      vertex 114.33 43.2811 2
      vertex 118.061 43.8689 2
      vertex 114.561 43.8689 2
    endloop
  endfacet
  facet normal 0 0 1
    outer loop
      vertex 116.542 40.25 2
      vertex 114.33 43.2811 2
      vertex 116.08 40.25 2
    endloop
  endfacet
  facet normal 0 0 1
    outer loop
      vertex 110.599 43.8689 2
      vertex 114.561 43.8689 2
      vertex 112.811 46.9 2
    endloop
  endfacet
  facet normal 0 0 1
    outer loop
      vertex 110.599 43.8689 2
      vertex 112.811 46.9 2
      vertex 112.349 46.9 2
    endloop
  endfacet
  facet normal 0 0 1
    outer loop
      vertex 114.561 43.8689 2
      vertex 110.599 43.8689 2
      vertex 114.33 43.2811 2
    endloop
  endfacet
  facet normal 0 0 1
    outer loop
      vertex 114.33 43.2811 2
      vertex 110.599 43.8689 2
      vertex 110.83 43.2811 2
    endloop
  endfacet
  facet normal 0 0 1
    outer loop
      vertex 106.868 43.2811 2
      vertex 110.83 43.2811 2
      vertex 110.599 43.8689 2
    endloop
  endfacet
  facet normal 0 0 1
    outer loop
      vertex 110.83 43.2811 2
      vertex 106.868 43.2811 2
      vertex 109.08 40.25 2
    endloop
  endfacet
  facet normal 0 0 1
    outer loop
      vertex 106.868 43.2811 2
      vertex 110.599 43.8689 2
      vertex 107.099 43.8689 2
    endloop
  endfacet
  facet normal 0 0 1
    outer loop
      vertex 109.08 40.25 2
      vertex 106.868 43.2811 2
      vertex 108.618 40.25 2
    endloop
  endfacet
  facet normal 0 0 1
    outer loop
      vertex 103.137 43.8689 2
      vertex 107.099 43.8689 2
      vertex 105.349 46.9 2
    endloop
  endfacet
  facet normal 0 0 1
    outer loop
      vertex 103.137 43.8689 2
      vertex 105.349 46.9 2
      vertex 104.887 46.9 2
    endloop
  endfacet
  facet normal 0 0 1
    outer loop
      vertex 107.099 43.8689 2
      vertex 103.137 43.8689 2
      vertex 106.868 43.2811 2
    endloop
  endfacet
  facet normal 0 0 1
    outer loop
      vertex 106.868 43.2811 2
      vertex 103.137 43.8689 2
      vertex 103.368 43.2811 2
    endloop
  endfacet
  facet normal 0 0 1
    outer loop
      vertex 99.4054 43.2811 2
      vertex 103.368 43.2811 2
      vertex 103.137 43.8689 2
    endloop
  endfacet
  facet normal 0 0 1
    outer loop
      vertex 103.368 43.2811 2
      vertex 99.4054 43.2811 2
      vertex 101.618 40.25 2
    endloop
  endfacet
  facet normal 0 0 1
    outer loop
      vertex 99.4054 43.2811 2
      vertex 103.137 43.8689 2
      vertex 99.6365 43.8689 2
    endloop
  endfacet
  facet normal 0 0 1
    outer loop
      vertex 101.618 40.25 2
      vertex 99.4054 43.2811 2
      vertex 101.155 40.25 2
    endloop
  endfacet
  facet normal 0 0 1
    outer loop
      vertex 95.6744 43.8689 2
      vertex 99.6365 43.8689 2
      vertex 97.8865 46.9 2
    endloop
  endfacet
  facet normal 0 0 1
    outer loop
      vertex 95.6744 43.8689 2
      vertex 97.8865 46.9 2
      vertex 97.4244 46.9 2
    endloop
  endfacet
  facet normal 0 0 1
    outer loop
      vertex 99.6365 43.8689 2
      vertex 95.6744 43.8689 2
      vertex 99.4054 43.2811 2
    endloop
  endfacet
  facet normal 0 0 1
    outer loop
      vertex 99.4054 43.2811 2
      vertex 95.6744 43.8689 2
      vertex 95.9054 43.2811 2
    endloop
  endfacet
  facet normal 0 0 1
    outer loop
      vertex 91.9433 43.2811 2
      vertex 95.9054 43.2811 2
      vertex 95.6744 43.8689 2
    endloop
  endfacet
  facet normal 0 0 1
    outer loop
      vertex 95.9054 43.2811 2
      vertex 91.9433 43.2811 2
      vertex 94.1554 40.25 2
    endloop
  endfacet
  facet normal 0 0 1
    outer loop
      vertex 91.9433 43.2811 2
      vertex 95.6744 43.8689 2
      vertex 92.1744 43.8689 2
    endloop
  endfacet
  facet normal 0 0 1
    outer loop
      vertex 94.1554 40.25 2
      vertex 91.9433 43.2811 2
      vertex 93.6933 40.25 2
    endloop
  endfacet
  facet normal 0 0 1
    outer loop
      vertex 88.2122 43.8689 2
      vertex 92.1744 43.8689 2
      vertex 90.4244 46.9 2
    endloop
  endfacet
  facet normal 0 0 1
    outer loop
      vertex 88.2122 43.8689 2
      vertex 90.4244 46.9 2
      vertex 89.9622 46.9 2
    endloop
  endfacet
  facet normal 0 0 1
    outer loop
      vertex 92.1744 43.8689 2
      vertex 88.2122 43.8689 2
      vertex 91.9433 43.2811 2
    endloop
  endfacet
  facet normal 0 0 1
    outer loop
      vertex 91.9433 43.2811 2
      vertex 88.2122 43.8689 2
      vertex 88.4433 43.2811 2
    endloop
  endfacet
  facet normal 0 0 1
    outer loop
      vertex 84.4811 43.2811 2
      vertex 88.4433 43.2811 2
      vertex 88.2122 43.8689 2
    endloop
  endfacet
  facet normal 0 0 1
    outer loop
      vertex 88.4433 43.2811 2
      vertex 84.4811 43.2811 2
      vertex 86.6933 40.25 2
    endloop
  endfacet
  facet normal 0 0 1
    outer loop
      vertex 84.4811 43.2811 2
      vertex 88.2122 43.8689 2
      vertex 84.7122 43.8689 2
    endloop
  endfacet
  facet normal 0 0 1
    outer loop
      vertex 86.6933 40.25 2
      vertex 84.4811 43.2811 2
      vertex 86.2311 40.25 2
    endloop
  endfacet
  facet normal 0 0 1
    outer loop
      vertex 80.9811 43.2811 2
      vertex 84.7122 43.8689 2
      vertex 82.9622 46.9 2
    endloop
  endfacet
  facet normal 0 0 1
    outer loop
      vertex 80.9811 43.2811 2
      vertex 82.9622 46.9 2
      vertex 80.9811 50.5189 2
    endloop
  endfacet
  facet normal 0 0 1
    outer loop
      vertex 84.7122 43.8689 2
      vertex 80.9811 43.2811 2
      vertex 84.4811 43.2811 2
    endloop
  endfacet
  facet normal 0 0 1
    outer loop
      vertex 79.2311 53.55 2
      vertex 80.9811 43.2811 2
      vertex 80.9811 50.5189 2
    endloop
  endfacet
  facet normal 0 0 1
    outer loop
      vertex 80.9811 43.2811 2
      vertex 79.2311 53.55 2
      vertex 79.2311 40.25 2
    endloop
  endfacet
  facet normal -0 0 1
    outer loop
      vertex 125.523 57.1689 2
      vertex 127.273 46.9 2
      vertex 127.273 60.2 2
    endloop
  endfacet
  facet normal 0 0 1
    outer loop
      vertex 125.523 57.1689 2
      vertex 125.523 49.9311 2
      vertex 127.273 46.9 2
    endloop
  endfacet
  facet normal 0 0 1
    outer loop
      vertex 125.523 57.1689 2
      vertex 123.542 53.55 2
      vertex 125.523 49.9311 2
    endloop
  endfacet
  facet normal 0 0 1
    outer loop
      vertex 121.792 56.5811 2
      vertex 125.523 57.1689 2
      vertex 122.023 57.1689 2
    endloop
  endfacet
  facet normal 0 0 1
    outer loop
      vertex 125.523 57.1689 2
      vertex 121.792 56.5811 2
      vertex 123.542 53.55 2
    endloop
  endfacet
  facet normal 0 0 1
    outer loop
      vertex 118.061 57.1689 2
      vertex 122.023 57.1689 2
      vertex 120.273 60.2 2
    endloop
  endfacet
  facet normal 0 0 1
    outer loop
      vertex 118.061 63.2311 2
      vertex 122.023 63.2311 2
      vertex 118.061 63.8189 2
    endloop
  endfacet
  facet normal 0 0 1
    outer loop
      vertex 118.061 57.1689 2
      vertex 120.273 60.2 2
      vertex 119.811 60.2 2
    endloop
  endfacet
  facet normal 0 0 1
    outer loop
      vertex 122.023 57.1689 2
      vertex 118.061 57.1689 2
      vertex 121.792 56.5811 2
    endloop
  endfacet
  facet normal 0 0 1
    outer loop
      vertex 121.792 56.5811 2
      vertex 118.061 57.1689 2
      vertex 118.292 56.5811 2
    endloop
  endfacet
  facet normal 0 0 1
    outer loop
      vertex 114.33 56.5811 2
      vertex 118.292 56.5811 2
      vertex 118.061 57.1689 2
    endloop
  endfacet
  facet normal 0 0 1
    outer loop
      vertex 118.292 56.5811 2
      vertex 114.33 56.5811 2
      vertex 116.542 53.55 2
    endloop
  endfacet
  facet normal 0 0 1
    outer loop
      vertex 114.33 56.5811 2
      vertex 118.061 57.1689 2
      vertex 114.561 57.1689 2
    endloop
  endfacet
  facet normal 0 0 1
    outer loop
      vertex 116.542 53.55 2
      vertex 114.33 56.5811 2
      vertex 116.08 53.55 2
    endloop
  endfacet
  facet normal 0 0 1
    outer loop
      vertex 110.599 57.1689 2
      vertex 114.561 57.1689 2
      vertex 112.811 60.2 2
    endloop
  endfacet
  facet normal 0 0 1
    outer loop
      vertex 110.599 63.2311 2
      vertex 114.561 63.2311 2
      vertex 110.599 63.8189 2
    endloop
  endfacet
  facet normal 0 0 1
    outer loop
      vertex 110.599 57.1689 2
      vertex 112.811 60.2 2
      vertex 112.349 60.2 2
    endloop
  endfacet
  facet normal 0 0 1
    outer loop
      vertex 114.561 57.1689 2
      vertex 110.599 57.1689 2
      vertex 114.33 56.5811 2
    endloop
  endfacet
  facet normal 0 0 1
    outer loop
      vertex 114.33 56.5811 2
      vertex 110.599 57.1689 2
      vertex 110.83 56.5811 2
    endloop
  endfacet
  facet normal 0 0 1
    outer loop
      vertex 106.868 56.5811 2
      vertex 110.83 56.5811 2
      vertex 110.599 57.1689 2
    endloop
  endfacet
  facet normal 0 0 1
    outer loop
      vertex 110.83 56.5811 2
      vertex 106.868 56.5811 2
      vertex 109.08 53.55 2
    endloop
  endfacet
  facet normal 0 0 1
    outer loop
      vertex 106.868 56.5811 2
      vertex 110.599 57.1689 2
      vertex 107.099 57.1689 2
    endloop
  endfacet
  facet normal 0 0 1
    outer loop
      vertex 109.08 53.55 2
      vertex 106.868 56.5811 2
      vertex 108.618 53.55 2
    endloop
  endfacet
  facet normal 0 0 1
    outer loop
      vertex 103.137 57.1689 2
      vertex 107.099 57.1689 2
      vertex 105.349 60.2 2
    endloop
  endfacet
  facet normal 0 0 1
    outer loop
      vertex 103.137 63.2311 2
      vertex 107.099 63.2311 2
      vertex 103.137 63.8189 2
    endloop
  endfacet
  facet normal 0 0 1
    outer loop
      vertex 103.137 57.1689 2
      vertex 105.349 60.2 2
      vertex 104.887 60.2 2
    endloop
  endfacet
  facet normal 0 0 1
    outer loop
      vertex 107.099 57.1689 2
      vertex 103.137 57.1689 2
      vertex 106.868 56.5811 2
    endloop
  endfacet
  facet normal 0 0 1
    outer loop
      vertex 106.868 56.5811 2
      vertex 103.137 57.1689 2
      vertex 103.368 56.5811 2
    endloop
  endfacet
  facet normal 0 0 1
    outer loop
      vertex 99.4054 56.5811 2
      vertex 103.368 56.5811 2
      vertex 103.137 57.1689 2
    endloop
  endfacet
  facet normal 0 0 1
    outer loop
      vertex 103.368 56.5811 2
      vertex 99.4054 56.5811 2
      vertex 101.618 53.55 2
    endloop
  endfacet
  facet normal 0 0 1
    outer loop
      vertex 99.4054 56.5811 2
      vertex 103.137 57.1689 2
      vertex 99.6365 57.1689 2
    endloop
  endfacet
  facet normal 0 0 1
    outer loop
      vertex 101.618 53.55 2
      vertex 99.4054 56.5811 2
      vertex 101.155 53.55 2
    endloop
  endfacet
  facet normal 0 0 1
    outer loop
      vertex 95.6744 57.1689 2
      vertex 99.6365 57.1689 2
      vertex 97.8865 60.2 2
    endloop
  endfacet
  facet normal 0 0 1
    outer loop
      vertex 95.6744 63.2311 2
      vertex 99.6365 63.2311 2
      vertex 95.6744 63.8189 2
    endloop
  endfacet
  facet normal 0 0 1
    outer loop
      vertex 95.6744 57.1689 2
      vertex 97.8865 60.2 2
      vertex 97.4244 60.2 2
    endloop
  endfacet
  facet normal 0 0 1
    outer loop
      vertex 99.6365 57.1689 2
      vertex 95.6744 57.1689 2
      vertex 99.4054 56.5811 2
    endloop
  endfacet
  facet normal 0 0 1
    outer loop
      vertex 99.4054 56.5811 2
      vertex 95.6744 57.1689 2
      vertex 95.9054 56.5811 2
    endloop
  endfacet
  facet normal 0 0 1
    outer loop
      vertex 91.9433 56.5811 2
      vertex 95.9054 56.5811 2
      vertex 95.6744 57.1689 2
    endloop
  endfacet
  facet normal 0 0 1
    outer loop
      vertex 95.9054 56.5811 2
      vertex 91.9433 56.5811 2
      vertex 94.1554 53.55 2
    endloop
  endfacet
  facet normal 0 0 1
    outer loop
      vertex 91.9433 56.5811 2
      vertex 95.6744 57.1689 2
      vertex 92.1744 57.1689 2
    endloop
  endfacet
  facet normal 0 0 1
    outer loop
      vertex 94.1554 53.55 2
      vertex 91.9433 56.5811 2
      vertex 93.6933 53.55 2
    endloop
  endfacet
  facet normal 0 0 1
    outer loop
      vertex 88.2122 57.1689 2
      vertex 92.1744 57.1689 2
      vertex 90.4244 60.2 2
    endloop
  endfacet
  facet normal 0 0 1
    outer loop
      vertex 88.2122 63.2311 2
      vertex 92.1744 63.2311 2
      vertex 88.2122 63.8189 2
    endloop
  endfacet
  facet normal 0 0 1
    outer loop
      vertex 88.2122 57.1689 2
      vertex 90.4244 60.2 2
      vertex 89.9622 60.2 2
    endloop
  endfacet
  facet normal 0 0 1
    outer loop
      vertex 92.1744 57.1689 2
      vertex 88.2122 57.1689 2
      vertex 91.9433 56.5811 2
    endloop
  endfacet
  facet normal 0 0 1
    outer loop
      vertex 91.9433 56.5811 2
      vertex 88.2122 57.1689 2
      vertex 88.4433 56.5811 2
    endloop
  endfacet
  facet normal 0 0 1
    outer loop
      vertex 84.4811 56.5811 2
      vertex 88.4433 56.5811 2
      vertex 88.2122 57.1689 2
    endloop
  endfacet
  facet normal 0 0 1
    outer loop
      vertex 88.4433 56.5811 2
      vertex 84.4811 56.5811 2
      vertex 86.6933 53.55 2
    endloop
  endfacet
  facet normal 0 0 1
    outer loop
      vertex 84.4811 56.5811 2
      vertex 88.2122 57.1689 2
      vertex 84.7122 57.1689 2
    endloop
  endfacet
  facet normal 0 0 1
    outer loop
      vertex 86.6933 53.55 2
      vertex 84.4811 56.5811 2
      vertex 86.2311 53.55 2
    endloop
  endfacet
  facet normal 0 0 1
    outer loop
      vertex 80.9811 56.5811 2
      vertex 84.7122 57.1689 2
      vertex 82.9622 60.2 2
    endloop
  endfacet
  facet normal 0 0 1
    outer loop
      vertex 84.7122 57.1689 2
      vertex 80.9811 56.5811 2
      vertex 84.4811 56.5811 2
    endloop
  endfacet
  facet normal -0 0 1
    outer loop
      vertex 125.523 63.8189 2
      vertex 127.273 60.2 2
      vertex 127.273 66.85 2
    endloop
  endfacet
  facet normal 0 0 1
    outer loop
      vertex 125.523 63.8189 2
      vertex 125.523 63.2311 2
      vertex 127.273 60.2 2
    endloop
  endfacet
  facet normal -0 0 1
    outer loop
      vertex 122.023 63.8189 2
      vertex 125.523 63.2311 2
      vertex 125.523 63.8189 2
    endloop
  endfacet
  facet normal 0 0 1
    outer loop
      vertex 122.023 63.8189 2
      vertex 122.023 63.2311 2
      vertex 125.523 63.2311 2
    endloop
  endfacet
  facet normal -0 0 1
    outer loop
      vertex 119.811 66.85 2
      vertex 122.023 63.8189 2
      vertex 120.273 66.85 2
    endloop
  endfacet
  facet normal 0 0 1
    outer loop
      vertex 118.061 63.8189 2
      vertex 122.023 63.8189 2
      vertex 119.811 66.85 2
    endloop
  endfacet
  facet normal 0 0 1
    outer loop
      vertex 127.273 60.2 2
      vertex 128.8 71.8 2
      vertex 127.273 66.85 2
    endloop
  endfacet
  facet normal 0 0 1
    outer loop
      vertex 128.8 71.8 2
      vertex 125.523 69.8811 2
      vertex 127.273 66.85 2
    endloop
  endfacet
  facet normal 0 0 1
    outer loop
      vertex 128.8 71.8 2
      vertex 122.023 69.8811 2
      vertex 125.523 69.8811 2
    endloop
  endfacet
  facet normal 0 0 1
    outer loop
      vertex 122.023 63.8189 2
      vertex 118.061 63.8189 2
      vertex 122.023 63.2311 2
    endloop
  endfacet
  facet normal 0 0 1
    outer loop
      vertex 122.023 69.8811 2
      vertex 119.811 66.85 2
      vertex 120.273 66.85 2
    endloop
  endfacet
  facet normal 0 0 1
    outer loop
      vertex 122.023 69.8811 2
      vertex 118.061 69.8811 2
      vertex 119.811 66.85 2
    endloop
  endfacet
  facet normal 0 0 1
    outer loop
      vertex 128.8 71.8 2
      vertex 118.061 69.8811 2
      vertex 122.023 69.8811 2
    endloop
  endfacet
  facet normal 0 0 1
    outer loop
      vertex 128.8 71.8 2
      vertex 114.561 69.8811 2
      vertex 118.061 69.8811 2
    endloop
  endfacet
  facet normal 0 0 1
    outer loop
      vertex 114.561 63.8189 2
      vertex 110.599 63.8189 2
      vertex 114.561 63.2311 2
    endloop
  endfacet
  facet normal 0 0 1
    outer loop
      vertex 114.561 69.8811 2
      vertex 112.349 66.85 2
      vertex 112.811 66.85 2
    endloop
  endfacet
  facet normal 0 0 1
    outer loop
      vertex 114.561 69.8811 2
      vertex 110.599 69.8811 2
      vertex 112.349 66.85 2
    endloop
  endfacet
  facet normal 0 0 1
    outer loop
      vertex 128.8 71.8 2
      vertex 110.599 69.8811 2
      vertex 114.561 69.8811 2
    endloop
  endfacet
  facet normal 0 0 1
    outer loop
      vertex 128.8 71.8 2
      vertex 107.099 69.8811 2
      vertex 110.599 69.8811 2
    endloop
  endfacet
  facet normal 0 0 1
    outer loop
      vertex 107.099 63.8189 2
      vertex 103.137 63.8189 2
      vertex 107.099 63.2311 2
    endloop
  endfacet
  facet normal 0 0 1
    outer loop
      vertex 107.099 69.8811 2
      vertex 104.887 66.85 2
      vertex 105.349 66.85 2
    endloop
  endfacet
  facet normal 0 0 1
    outer loop
      vertex 107.099 69.8811 2
      vertex 103.137 69.8811 2
      vertex 104.887 66.85 2
    endloop
  endfacet
  facet normal 0 0 1
    outer loop
      vertex 128.8 71.8 2
      vertex 103.137 69.8811 2
      vertex 107.099 69.8811 2
    endloop
  endfacet
  facet normal 0 0 1
    outer loop
      vertex 128.8 71.8 2
      vertex 99.6365 69.8811 2
      vertex 103.137 69.8811 2
    endloop
  endfacet
  facet normal 0 0 1
    outer loop
      vertex 99.6365 63.8189 2
      vertex 95.6744 63.8189 2
      vertex 99.6365 63.2311 2
    endloop
  endfacet
  facet normal 0 0 1
    outer loop
      vertex 99.6365 69.8811 2
      vertex 97.4244 66.85 2
      vertex 97.8865 66.85 2
    endloop
  endfacet
  facet normal 0 0 1
    outer loop
      vertex 99.6365 69.8811 2
      vertex 95.6744 69.8811 2
      vertex 97.4244 66.85 2
    endloop
  endfacet
  facet normal -0 0 1
    outer loop
      vertex 75.2 71.8 2
      vertex 99.6365 69.8811 2
      vertex 128.8 71.8 2
    endloop
  endfacet
  facet normal 0 0 1
    outer loop
      vertex 99.6365 69.8811 2
      vertex 75.2 71.8 2
      vertex 95.6744 69.8811 2
    endloop
  endfacet
  facet normal 0 0 1
    outer loop
      vertex 92.1744 63.8189 2
      vertex 88.2122 63.8189 2
      vertex 92.1744 63.2311 2
    endloop
  endfacet
  facet normal 0 0 1
    outer loop
      vertex 92.1744 69.8811 2
      vertex 89.9622 66.85 2
      vertex 90.4244 66.85 2
    endloop
  endfacet
  facet normal 0 0 1
    outer loop
      vertex 92.1744 69.8811 2
      vertex 88.2122 69.8811 2
      vertex 89.9622 66.85 2
    endloop
  endfacet
  facet normal 0 0 1
    outer loop
      vertex 95.6744 69.8811 2
      vertex 75.2 71.8 2
      vertex 92.1744 69.8811 2
    endloop
  endfacet
  facet normal 0 0 1
    outer loop
      vertex 92.1744 69.8811 2
      vertex 75.2 71.8 2
      vertex 88.2122 69.8811 2
    endloop
  endfacet
  facet normal 0 0 1
    outer loop
      vertex 75.2 71.8 2
      vertex 82.9622 60.2 2
      vertex 82.9622 66.85 2
    endloop
  endfacet
  facet normal 0 0 1
    outer loop
      vertex 82.9622 60.2 2
      vertex 75.2 71.8 2
      vertex 80.9811 56.5811 2
    endloop
  endfacet
  facet normal 0 0 1
    outer loop
      vertex 75.2 71.8 2
      vertex 79.2311 40.25 2
      vertex 79.2311 53.55 2
    endloop
  endfacet
  facet normal 0 0 1
    outer loop
      vertex 75.2 3.2 2
      vertex 79.2311 40.25 2
      vertex 75.2 71.8 2
    endloop
  endfacet
  facet normal 0 0 1
    outer loop
      vertex 79.2311 40.25 2
      vertex 75.2 3.2 2
      vertex 79.2311 26.95 2
    endloop
  endfacet
  facet normal 0 0 1
    outer loop
      vertex 80.9811 56.5811 2
      vertex 75.2 71.8 2
      vertex 79.2311 53.55 2
    endloop
  endfacet
  facet normal 0 0 1
    outer loop
      vertex 84.7122 69.8811 2
      vertex 75.2 71.8 2
      vertex 82.9622 66.85 2
    endloop
  endfacet
  facet normal 0 0 1
    outer loop
      vertex 88.2122 69.8811 2
      vertex 75.2 71.8 2
      vertex 84.7122 69.8811 2
    endloop
  endfacet
  facet normal 0 0 1
    outer loop
      vertex 127.273 46.9 2
      vertex 128.8 71.8 2
      vertex 127.273 60.2 2
    endloop
  endfacet
  facet normal 0 0 1
    outer loop
      vertex 127.273 33.6 2
      vertex 128.8 71.8 2
      vertex 127.273 46.9 2
    endloop
  endfacet
  facet normal 0 0 1
    outer loop
      vertex 128.8 71.8 2
      vertex 127.273 33.6 2
      vertex 128.8 3.2 2
    endloop
  endfacet
  facet normal -0 0 1
    outer loop
      vertex 127.273 20.3 2
      vertex 128.8 3.2 2
      vertex 127.273 33.6 2
    endloop
  endfacet
  facet normal -0 0 1
    outer loop
      vertex 127.273 7 2
      vertex 128.8 3.2 2
      vertex 127.273 20.3 2
    endloop
  endfacet
  facet normal -0 0 1
    outer loop
      vertex 125.523 3.96891 2
      vertex 128.8 3.2 2
      vertex 127.273 7 2
    endloop
  endfacet
  facet normal -0 0 1
    outer loop
      vertex 122.023 3.96891 2
      vertex 128.8 3.2 2
      vertex 125.523 3.96891 2
    endloop
  endfacet
  facet normal -0 0 1
    outer loop
      vertex 119.811 7 2
      vertex 122.023 3.96891 2
      vertex 120.273 7 2
    endloop
  endfacet
  facet normal 0 0 1
    outer loop
      vertex 118.061 3.96891 2
      vertex 122.023 3.96891 2
      vertex 119.811 7 2
    endloop
  endfacet
  facet normal -0 0 1
    outer loop
      vertex 118.061 3.96891 2
      vertex 128.8 3.2 2
      vertex 122.023 3.96891 2
    endloop
  endfacet
  facet normal -0 0 1
    outer loop
      vertex 114.561 3.96891 2
      vertex 128.8 3.2 2
      vertex 118.061 3.96891 2
    endloop
  endfacet
  facet normal -0 0 1
    outer loop
      vertex 112.349 7 2
      vertex 114.561 3.96891 2
      vertex 112.811 7 2
    endloop
  endfacet
  facet normal 0 0 1
    outer loop
      vertex 110.599 3.96891 2
      vertex 114.561 3.96891 2
      vertex 112.349 7 2
    endloop
  endfacet
  facet normal -0 0 1
    outer loop
      vertex 110.599 3.96891 2
      vertex 128.8 3.2 2
      vertex 114.561 3.96891 2
    endloop
  endfacet
  facet normal -0 0 1
    outer loop
      vertex 107.099 3.96891 2
      vertex 128.8 3.2 2
      vertex 110.599 3.96891 2
    endloop
  endfacet
  facet normal -0 0 1
    outer loop
      vertex 104.887 7 2
      vertex 107.099 3.96891 2
      vertex 105.349 7 2
    endloop
  endfacet
  facet normal 0 0 1
    outer loop
      vertex 103.137 3.96891 2
      vertex 107.099 3.96891 2
      vertex 104.887 7 2
    endloop
  endfacet
  facet normal -0 0 1
    outer loop
      vertex 103.137 3.96891 2
      vertex 128.8 3.2 2
      vertex 107.099 3.96891 2
    endloop
  endfacet
  facet normal -0 0 1
    outer loop
      vertex 99.6365 3.96891 2
      vertex 128.8 3.2 2
      vertex 103.137 3.96891 2
    endloop
  endfacet
  facet normal -0 0 1
    outer loop
      vertex 97.4244 7 2
      vertex 99.6365 3.96891 2
      vertex 97.8865 7 2
    endloop
  endfacet
  facet normal 0 0 1
    outer loop
      vertex 95.6744 3.96891 2
      vertex 99.6365 3.96891 2
      vertex 97.4244 7 2
    endloop
  endfacet
  facet normal 0 0 1
    outer loop
      vertex 75.2 3.2 2
      vertex 99.6365 3.96891 2
      vertex 95.6744 3.96891 2
    endloop
  endfacet
  facet normal 0 0 1
    outer loop
      vertex 75.2 3.2 2
      vertex 95.6744 3.96891 2
      vertex 92.1744 3.96891 2
    endloop
  endfacet
  facet normal -0 0 1
    outer loop
      vertex 89.9622 7 2
      vertex 92.1744 3.96891 2
      vertex 90.4244 7 2
    endloop
  endfacet
  facet normal 0 0 1
    outer loop
      vertex 88.2122 3.96891 2
      vertex 92.1744 3.96891 2
      vertex 89.9622 7 2
    endloop
  endfacet
  facet normal 0 0 1
    outer loop
      vertex 75.2 3.2 2
      vertex 92.1744 3.96891 2
      vertex 88.2122 3.96891 2
    endloop
  endfacet
  facet normal 0 0 1
    outer loop
      vertex 75.2 3.2 2
      vertex 88.2122 3.96891 2
      vertex 84.7122 3.96891 2
    endloop
  endfacet
  facet normal 0 0 1
    outer loop
      vertex 75.2 3.2 2
      vertex 80.9811 10.6189 2
      vertex 79.2311 13.65 2
    endloop
  endfacet
  facet normal 0 0 1
    outer loop
      vertex 99.6365 3.96891 2
      vertex 75.2 3.2 2
      vertex 128.8 3.2 2
    endloop
  endfacet
  facet normal 0 0 1
    outer loop
      vertex 82.9622 7 2
      vertex 75.2 3.2 2
      vertex 84.7122 3.96891 2
    endloop
  endfacet
  facet normal 0 0 1
    outer loop
      vertex 80.9811 10.6189 2
      vertex 75.2 3.2 2
      vertex 82.9622 7 2
    endloop
  endfacet
  facet normal 0 0 1
    outer loop
      vertex 79.2311 26.95 2
      vertex 75.2 3.2 2
      vertex 79.2311 13.65 2
    endloop
  endfacet
  facet normal -0 0 1
    outer loop
      vertex 121.792 50.5189 2
      vertex 125.523 49.9311 2
      vertex 123.542 53.55 2
    endloop
  endfacet
  facet normal 0 0 1
    outer loop
      vertex 125.523 49.9311 2
      vertex 121.792 50.5189 2
      vertex 122.023 49.9311 2
    endloop
  endfacet
  facet normal 0 0 1
    outer loop
      vertex 118.061 49.9311 2
      vertex 122.023 49.9311 2
      vertex 121.792 50.5189 2
    endloop
  endfacet
  facet normal 0 0 1
    outer loop
      vertex 122.023 49.9311 2
      vertex 118.061 49.9311 2
      vertex 120.273 46.9 2
    endloop
  endfacet
  facet normal 0 0 1
    outer loop
      vertex 118.061 49.9311 2
      vertex 121.792 50.5189 2
      vertex 118.292 50.5189 2
    endloop
  endfacet
  facet normal 0 0 1
    outer loop
      vertex 120.273 46.9 2
      vertex 118.061 49.9311 2
      vertex 119.811 46.9 2
    endloop
  endfacet
  facet normal 0 0 1
    outer loop
      vertex 114.33 50.5189 2
      vertex 118.292 50.5189 2
      vertex 116.542 53.55 2
    endloop
  endfacet
  facet normal 0 0 1
    outer loop
      vertex 114.33 50.5189 2
      vertex 116.542 53.55 2
      vertex 116.08 53.55 2
    endloop
  endfacet
  facet normal 0 0 1
    outer loop
      vertex 118.292 50.5189 2
      vertex 114.33 50.5189 2
      vertex 118.061 49.9311 2
    endloop
  endfacet
  facet normal 0 0 1
    outer loop
      vertex 118.061 49.9311 2
      vertex 114.33 50.5189 2
      vertex 114.561 49.9311 2
    endloop
  endfacet
  facet normal 0 0 1
    outer loop
      vertex 110.599 49.9311 2
      vertex 114.561 49.9311 2
      vertex 114.33 50.5189 2
    endloop
  endfacet
  facet normal 0 0 1
    outer loop
      vertex 114.561 49.9311 2
      vertex 110.599 49.9311 2
      vertex 112.811 46.9 2
    endloop
  endfacet
  facet normal 0 0 1
    outer loop
      vertex 110.599 49.9311 2
      vertex 114.33 50.5189 2
      vertex 110.83 50.5189 2
    endloop
  endfacet
  facet normal 0 0 1
    outer loop
      vertex 112.811 46.9 2
      vertex 110.599 49.9311 2
      vertex 112.349 46.9 2
    endloop
  endfacet
  facet normal 0 0 1
    outer loop
      vertex 106.868 50.5189 2
      vertex 110.83 50.5189 2
      vertex 109.08 53.55 2
    endloop
  endfacet
  facet normal 0 0 1
    outer loop
      vertex 106.868 50.5189 2
      vertex 109.08 53.55 2
      vertex 108.618 53.55 2
    endloop
  endfacet
  facet normal 0 0 1
    outer loop
      vertex 110.83 50.5189 2
      vertex 106.868 50.5189 2
      vertex 110.599 49.9311 2
    endloop
  endfacet
  facet normal 0 0 1
    outer loop
      vertex 110.599 49.9311 2
      vertex 106.868 50.5189 2
      vertex 107.099 49.9311 2
    endloop
  endfacet
  facet normal 0 0 1
    outer loop
      vertex 103.137 49.9311 2
      vertex 107.099 49.9311 2
      vertex 106.868 50.5189 2
    endloop
  endfacet
  facet normal 0 0 1
    outer loop
      vertex 107.099 49.9311 2
      vertex 103.137 49.9311 2
      vertex 105.349 46.9 2
    endloop
  endfacet
  facet normal 0 0 1
    outer loop
      vertex 103.137 49.9311 2
      vertex 106.868 50.5189 2
      vertex 103.368 50.5189 2
    endloop
  endfacet
  facet normal 0 0 1
    outer loop
      vertex 105.349 46.9 2
      vertex 103.137 49.9311 2
      vertex 104.887 46.9 2
    endloop
  endfacet
  facet normal 0 0 1
    outer loop
      vertex 99.4054 50.5189 2
      vertex 103.368 50.5189 2
      vertex 101.618 53.55 2
    endloop
  endfacet
  facet normal 0 0 1
    outer loop
      vertex 99.4054 50.5189 2
      vertex 101.618 53.55 2
      vertex 101.155 53.55 2
    endloop
  endfacet
  facet normal 0 0 1
    outer loop
      vertex 103.368 50.5189 2
      vertex 99.4054 50.5189 2
      vertex 103.137 49.9311 2
    endloop
  endfacet
  facet normal 0 0 1
    outer loop
      vertex 103.137 49.9311 2
      vertex 99.4054 50.5189 2
      vertex 99.6365 49.9311 2
    endloop
  endfacet
  facet normal 0 0 1
    outer loop
      vertex 95.6744 49.9311 2
      vertex 99.6365 49.9311 2
      vertex 99.4054 50.5189 2
    endloop
  endfacet
  facet normal 0 0 1
    outer loop
      vertex 99.6365 49.9311 2
      vertex 95.6744 49.9311 2
      vertex 97.8865 46.9 2
    endloop
  endfacet
  facet normal 0 0 1
    outer loop
      vertex 95.6744 49.9311 2
      vertex 99.4054 50.5189 2
      vertex 95.9054 50.5189 2
    endloop
  endfacet
  facet normal 0 0 1
    outer loop
      vertex 97.8865 46.9 2
      vertex 95.6744 49.9311 2
      vertex 97.4244 46.9 2
    endloop
  endfacet
  facet normal 0 0 1
    outer loop
      vertex 91.9433 50.5189 2
      vertex 95.9054 50.5189 2
      vertex 94.1554 53.55 2
    endloop
  endfacet
  facet normal 0 0 1
    outer loop
      vertex 91.9433 50.5189 2
      vertex 94.1554 53.55 2
      vertex 93.6933 53.55 2
    endloop
  endfacet
  facet normal 0 0 1
    outer loop
      vertex 95.9054 50.5189 2
      vertex 91.9433 50.5189 2
      vertex 95.6744 49.9311 2
    endloop
  endfacet
  facet normal 0 0 1
    outer loop
      vertex 95.6744 49.9311 2
      vertex 91.9433 50.5189 2
      vertex 92.1744 49.9311 2
    endloop
  endfacet
  facet normal 0 0 1
    outer loop
      vertex 88.2122 49.9311 2
      vertex 92.1744 49.9311 2
      vertex 91.9433 50.5189 2
    endloop
  endfacet
  facet normal 0 0 1
    outer loop
      vertex 92.1744 49.9311 2
      vertex 88.2122 49.9311 2
      vertex 90.4244 46.9 2
    endloop
  endfacet
  facet normal 0 0 1
    outer loop
      vertex 88.2122 49.9311 2
      vertex 91.9433 50.5189 2
      vertex 88.4433 50.5189 2
    endloop
  endfacet
  facet normal 0 0 1
    outer loop
      vertex 90.4244 46.9 2
      vertex 88.2122 49.9311 2
      vertex 89.9622 46.9 2
    endloop
  endfacet
  facet normal 0 0 1
    outer loop
      vertex 84.4811 50.5189 2
      vertex 88.4433 50.5189 2
      vertex 86.6933 53.55 2
    endloop
  endfacet
  facet normal 0 0 1
    outer loop
      vertex 84.4811 50.5189 2
      vertex 86.6933 53.55 2
      vertex 86.2311 53.55 2
    endloop
  endfacet
  facet normal 0 0 1
    outer loop
      vertex 88.4433 50.5189 2
      vertex 84.4811 50.5189 2
      vertex 88.2122 49.9311 2
    endloop
  endfacet
  facet normal 0 0 1
    outer loop
      vertex 88.2122 49.9311 2
      vertex 84.4811 50.5189 2
      vertex 84.7122 49.9311 2
    endloop
  endfacet
  facet normal -0 0 1
    outer loop
      vertex 80.9811 50.5189 2
      vertex 84.7122 49.9311 2
      vertex 84.4811 50.5189 2
    endloop
  endfacet
  facet normal 0 0 1
    outer loop
      vertex 84.7122 49.9311 2
      vertex 80.9811 50.5189 2
      vertex 82.9622 46.9 2
    endloop
  endfacet
  facet normal -0 0 1
    outer loop
      vertex 121.792 37.2189 2
      vertex 125.523 36.6311 2
      vertex 123.542 40.25 2
    endloop
  endfacet
  facet normal 0 0 1
    outer loop
      vertex 125.523 36.6311 2
      vertex 121.792 37.2189 2
      vertex 122.023 36.6311 2
    endloop
  endfacet
  facet normal 0 0 1
    outer loop
      vertex 118.061 36.6311 2
      vertex 122.023 36.6311 2
      vertex 121.792 37.2189 2
    endloop
  endfacet
  facet normal 0 0 1
    outer loop
      vertex 122.023 36.6311 2
      vertex 118.061 36.6311 2
      vertex 120.273 33.6 2
    endloop
  endfacet
  facet normal 0 0 1
    outer loop
      vertex 118.061 36.6311 2
      vertex 121.792 37.2189 2
      vertex 118.292 37.2189 2
    endloop
  endfacet
  facet normal 0 0 1
    outer loop
      vertex 120.273 33.6 2
      vertex 118.061 36.6311 2
      vertex 119.811 33.6 2
    endloop
  endfacet
  facet normal 0 0 1
    outer loop
      vertex 114.33 37.2189 2
      vertex 118.292 37.2189 2
      vertex 116.542 40.25 2
    endloop
  endfacet
  facet normal 0 0 1
    outer loop
      vertex 114.33 37.2189 2
      vertex 116.542 40.25 2
      vertex 116.08 40.25 2
    endloop
  endfacet
  facet normal 0 0 1
    outer loop
      vertex 118.292 37.2189 2
      vertex 114.33 37.2189 2
      vertex 118.061 36.6311 2
    endloop
  endfacet
  facet normal 0 0 1
    outer loop
      vertex 118.061 36.6311 2
      vertex 114.33 37.2189 2
      vertex 114.561 36.6311 2
    endloop
  endfacet
  facet normal 0 0 1
    outer loop
      vertex 110.599 36.6311 2
      vertex 114.561 36.6311 2
      vertex 114.33 37.2189 2
    endloop
  endfacet
  facet normal 0 0 1
    outer loop
      vertex 114.561 36.6311 2
      vertex 110.599 36.6311 2
      vertex 112.811 33.6 2
    endloop
  endfacet
  facet normal 0 0 1
    outer loop
      vertex 110.599 36.6311 2
      vertex 114.33 37.2189 2
      vertex 110.83 37.2189 2
    endloop
  endfacet
  facet normal 0 0 1
    outer loop
      vertex 112.811 33.6 2
      vertex 110.599 36.6311 2
      vertex 112.349 33.6 2
    endloop
  endfacet
  facet normal 0 0 1
    outer loop
      vertex 106.868 37.2189 2
      vertex 110.83 37.2189 2
      vertex 109.08 40.25 2
    endloop
  endfacet
  facet normal 0 0 1
    outer loop
      vertex 106.868 37.2189 2
      vertex 109.08 40.25 2
      vertex 108.618 40.25 2
    endloop
  endfacet
  facet normal 0 0 1
    outer loop
      vertex 110.83 37.2189 2
      vertex 106.868 37.2189 2
      vertex 110.599 36.6311 2
    endloop
  endfacet
  facet normal 0 0 1
    outer loop
      vertex 110.599 36.6311 2
      vertex 106.868 37.2189 2
      vertex 107.099 36.6311 2
    endloop
  endfacet
  facet normal 0 0 1
    outer loop
      vertex 103.137 36.6311 2
      vertex 107.099 36.6311 2
      vertex 106.868 37.2189 2
    endloop
  endfacet
  facet normal 0 0 1
    outer loop
      vertex 107.099 36.6311 2
      vertex 103.137 36.6311 2
      vertex 105.349 33.6 2
    endloop
  endfacet
  facet normal 0 0 1
    outer loop
      vertex 103.137 36.6311 2
      vertex 106.868 37.2189 2
      vertex 103.368 37.2189 2
    endloop
  endfacet
  facet normal 0 0 1
    outer loop
      vertex 105.349 33.6 2
      vertex 103.137 36.6311 2
      vertex 104.887 33.6 2
    endloop
  endfacet
  facet normal 0 0 1
    outer loop
      vertex 99.4054 37.2189 2
      vertex 103.368 37.2189 2
      vertex 101.618 40.25 2
    endloop
  endfacet
  facet normal 0 0 1
    outer loop
      vertex 99.4054 37.2189 2
      vertex 101.618 40.25 2
      vertex 101.155 40.25 2
    endloop
  endfacet
  facet normal 0 0 1
    outer loop
      vertex 103.368 37.2189 2
      vertex 99.4054 37.2189 2
      vertex 103.137 36.6311 2
    endloop
  endfacet
  facet normal 0 0 1
    outer loop
      vertex 103.137 36.6311 2
      vertex 99.4054 37.2189 2
      vertex 99.6365 36.6311 2
    endloop
  endfacet
  facet normal 0 0 1
    outer loop
      vertex 95.6744 36.6311 2
      vertex 99.6365 36.6311 2
      vertex 99.4054 37.2189 2
    endloop
  endfacet
  facet normal 0 0 1
    outer loop
      vertex 99.6365 36.6311 2
      vertex 95.6744 36.6311 2
      vertex 97.8865 33.6 2
    endloop
  endfacet
  facet normal 0 0 1
    outer loop
      vertex 95.6744 36.6311 2
      vertex 99.4054 37.2189 2
      vertex 95.9054 37.2189 2
    endloop
  endfacet
  facet normal 0 0 1
    outer loop
      vertex 97.8865 33.6 2
      vertex 95.6744 36.6311 2
      vertex 97.4244 33.6 2
    endloop
  endfacet
  facet normal 0 0 1
    outer loop
      vertex 91.9433 37.2189 2
      vertex 95.9054 37.2189 2
      vertex 94.1554 40.25 2
    endloop
  endfacet
  facet normal 0 0 1
    outer loop
      vertex 91.9433 37.2189 2
      vertex 94.1554 40.25 2
      vertex 93.6933 40.25 2
    endloop
  endfacet
  facet normal 0 0 1
    outer loop
      vertex 95.9054 37.2189 2
      vertex 91.9433 37.2189 2
      vertex 95.6744 36.6311 2
    endloop
  endfacet
  facet normal 0 0 1
    outer loop
      vertex 95.6744 36.6311 2
      vertex 91.9433 37.2189 2
      vertex 92.1744 36.6311 2
    endloop
  endfacet
  facet normal 0 0 1
    outer loop
      vertex 88.2122 36.6311 2
      vertex 92.1744 36.6311 2
      vertex 91.9433 37.2189 2
    endloop
  endfacet
  facet normal 0 0 1
    outer loop
      vertex 92.1744 36.6311 2
      vertex 88.2122 36.6311 2
      vertex 90.4244 33.6 2
    endloop
  endfacet
  facet normal 0 0 1
    outer loop
      vertex 88.2122 36.6311 2
      vertex 91.9433 37.2189 2
      vertex 88.4433 37.2189 2
    endloop
  endfacet
  facet normal 0 0 1
    outer loop
      vertex 90.4244 33.6 2
      vertex 88.2122 36.6311 2
      vertex 89.9622 33.6 2
    endloop
  endfacet
  facet normal 0 0 1
    outer loop
      vertex 84.4811 37.2189 2
      vertex 88.4433 37.2189 2
      vertex 86.6933 40.25 2
    endloop
  endfacet
  facet normal 0 0 1
    outer loop
      vertex 84.4811 37.2189 2
      vertex 86.6933 40.25 2
      vertex 86.2311 40.25 2
    endloop
  endfacet
  facet normal 0 0 1
    outer loop
      vertex 88.4433 37.2189 2
      vertex 84.4811 37.2189 2
      vertex 88.2122 36.6311 2
    endloop
  endfacet
  facet normal 0 0 1
    outer loop
      vertex 88.2122 36.6311 2
      vertex 84.4811 37.2189 2
      vertex 84.7122 36.6311 2
    endloop
  endfacet
  facet normal -0 0 1
    outer loop
      vertex 80.9811 37.2189 2
      vertex 84.7122 36.6311 2
      vertex 84.4811 37.2189 2
    endloop
  endfacet
  facet normal 0 0 1
    outer loop
      vertex 84.7122 36.6311 2
      vertex 80.9811 37.2189 2
      vertex 82.9622 33.6 2
    endloop
  endfacet
  facet normal -0 0 1
    outer loop
      vertex 121.792 23.9189 2
      vertex 125.523 23.3311 2
      vertex 123.542 26.95 2
    endloop
  endfacet
  facet normal 0 0 1
    outer loop
      vertex 125.523 23.3311 2
      vertex 121.792 23.9189 2
      vertex 122.023 23.3311 2
    endloop
  endfacet
  facet normal 0 0 1
    outer loop
      vertex 118.061 23.3311 2
      vertex 122.023 23.3311 2
      vertex 121.792 23.9189 2
    endloop
  endfacet
  facet normal 0 0 1
    outer loop
      vertex 122.023 23.3311 2
      vertex 118.061 23.3311 2
      vertex 120.273 20.3 2
    endloop
  endfacet
  facet normal 0 0 1
    outer loop
      vertex 118.061 23.3311 2
      vertex 121.792 23.9189 2
      vertex 118.292 23.9189 2
    endloop
  endfacet
  facet normal 0 0 1
    outer loop
      vertex 120.273 20.3 2
      vertex 118.061 23.3311 2
      vertex 119.811 20.3 2
    endloop
  endfacet
  facet normal 0 0 1
    outer loop
      vertex 114.33 23.9189 2
      vertex 118.292 23.9189 2
      vertex 116.542 26.95 2
    endloop
  endfacet
  facet normal 0 0 1
    outer loop
      vertex 114.33 23.9189 2
      vertex 116.542 26.95 2
      vertex 116.08 26.95 2
    endloop
  endfacet
  facet normal 0 0 1
    outer loop
      vertex 118.292 23.9189 2
      vertex 114.33 23.9189 2
      vertex 118.061 23.3311 2
    endloop
  endfacet
  facet normal 0 0 1
    outer loop
      vertex 118.061 23.3311 2
      vertex 114.33 23.9189 2
      vertex 114.561 23.3311 2
    endloop
  endfacet
  facet normal 0 0 1
    outer loop
      vertex 110.599 23.3311 2
      vertex 114.561 23.3311 2
      vertex 114.33 23.9189 2
    endloop
  endfacet
  facet normal 0 0 1
    outer loop
      vertex 114.561 23.3311 2
      vertex 110.599 23.3311 2
      vertex 112.811 20.3 2
    endloop
  endfacet
  facet normal 0 0 1
    outer loop
      vertex 110.599 23.3311 2
      vertex 114.33 23.9189 2
      vertex 110.83 23.9189 2
    endloop
  endfacet
  facet normal 0 0 1
    outer loop
      vertex 112.811 20.3 2
      vertex 110.599 23.3311 2
      vertex 112.349 20.3 2
    endloop
  endfacet
  facet normal 0 0 1
    outer loop
      vertex 106.868 23.9189 2
      vertex 110.83 23.9189 2
      vertex 109.08 26.95 2
    endloop
  endfacet
  facet normal 0 0 1
    outer loop
      vertex 106.868 23.9189 2
      vertex 109.08 26.95 2
      vertex 108.618 26.95 2
    endloop
  endfacet
  facet normal 0 0 1
    outer loop
      vertex 110.83 23.9189 2
      vertex 106.868 23.9189 2
      vertex 110.599 23.3311 2
    endloop
  endfacet
  facet normal 0 0 1
    outer loop
      vertex 110.599 23.3311 2
      vertex 106.868 23.9189 2
      vertex 107.099 23.3311 2
    endloop
  endfacet
  facet normal 0 0 1
    outer loop
      vertex 103.137 23.3311 2
      vertex 107.099 23.3311 2
      vertex 106.868 23.9189 2
    endloop
  endfacet
  facet normal 0 0 1
    outer loop
      vertex 107.099 23.3311 2
      vertex 103.137 23.3311 2
      vertex 105.349 20.3 2
    endloop
  endfacet
  facet normal 0 0 1
    outer loop
      vertex 103.137 23.3311 2
      vertex 106.868 23.9189 2
      vertex 103.368 23.9189 2
    endloop
  endfacet
  facet normal 0 0 1
    outer loop
      vertex 105.349 20.3 2
      vertex 103.137 23.3311 2
      vertex 104.887 20.3 2
    endloop
  endfacet
  facet normal 0 0 1
    outer loop
      vertex 99.4054 23.9189 2
      vertex 103.368 23.9189 2
      vertex 101.618 26.95 2
    endloop
  endfacet
  facet normal 0 0 1
    outer loop
      vertex 99.4054 23.9189 2
      vertex 101.618 26.95 2
      vertex 101.155 26.95 2
    endloop
  endfacet
  facet normal 0 0 1
    outer loop
      vertex 103.368 23.9189 2
      vertex 99.4054 23.9189 2
      vertex 103.137 23.3311 2
    endloop
  endfacet
  facet normal 0 0 1
    outer loop
      vertex 103.137 23.3311 2
      vertex 99.4054 23.9189 2
      vertex 99.6365 23.3311 2
    endloop
  endfacet
  facet normal 0 0 1
    outer loop
      vertex 95.6744 23.3311 2
      vertex 99.6365 23.3311 2
      vertex 99.4054 23.9189 2
    endloop
  endfacet
  facet normal 0 0 1
    outer loop
      vertex 99.6365 23.3311 2
      vertex 95.6744 23.3311 2
      vertex 97.8865 20.3 2
    endloop
  endfacet
  facet normal 0 0 1
    outer loop
      vertex 95.6744 23.3311 2
      vertex 99.4054 23.9189 2
      vertex 95.9054 23.9189 2
    endloop
  endfacet
  facet normal 0 0 1
    outer loop
      vertex 97.8865 20.3 2
      vertex 95.6744 23.3311 2
      vertex 97.4244 20.3 2
    endloop
  endfacet
  facet normal 0 0 1
    outer loop
      vertex 91.9433 23.9189 2
      vertex 95.9054 23.9189 2
      vertex 94.1554 26.95 2
    endloop
  endfacet
  facet normal 0 0 1
    outer loop
      vertex 91.9433 23.9189 2
      vertex 94.1554 26.95 2
      vertex 93.6933 26.95 2
    endloop
  endfacet
  facet normal 0 0 1
    outer loop
      vertex 95.9054 23.9189 2
      vertex 91.9433 23.9189 2
      vertex 95.6744 23.3311 2
    endloop
  endfacet
  facet normal 0 0 1
    outer loop
      vertex 95.6744 23.3311 2
      vertex 91.9433 23.9189 2
      vertex 92.1744 23.3311 2
    endloop
  endfacet
  facet normal 0 0 1
    outer loop
      vertex 88.2122 23.3311 2
      vertex 92.1744 23.3311 2
      vertex 91.9433 23.9189 2
    endloop
  endfacet
  facet normal 0 0 1
    outer loop
      vertex 92.1744 23.3311 2
      vertex 88.2122 23.3311 2
      vertex 90.4244 20.3 2
    endloop
  endfacet
  facet normal 0 0 1
    outer loop
      vertex 88.2122 23.3311 2
      vertex 91.9433 23.9189 2
      vertex 88.4433 23.9189 2
    endloop
  endfacet
  facet normal 0 0 1
    outer loop
      vertex 90.4244 20.3 2
      vertex 88.2122 23.3311 2
      vertex 89.9622 20.3 2
    endloop
  endfacet
  facet normal 0 0 1
    outer loop
      vertex 84.4811 23.9189 2
      vertex 88.4433 23.9189 2
      vertex 86.6933 26.95 2
    endloop
  endfacet
  facet normal 0 0 1
    outer loop
      vertex 84.4811 23.9189 2
      vertex 86.6933 26.95 2
      vertex 86.2311 26.95 2
    endloop
  endfacet
  facet normal 0 0 1
    outer loop
      vertex 88.4433 23.9189 2
      vertex 84.4811 23.9189 2
      vertex 88.2122 23.3311 2
    endloop
  endfacet
  facet normal 0 0 1
    outer loop
      vertex 88.2122 23.3311 2
      vertex 84.4811 23.9189 2
      vertex 84.7122 23.3311 2
    endloop
  endfacet
  facet normal -0 0 1
    outer loop
      vertex 80.9811 23.9189 2
      vertex 84.7122 23.3311 2
      vertex 84.4811 23.9189 2
    endloop
  endfacet
  facet normal 0 0 1
    outer loop
      vertex 84.7122 23.3311 2
      vertex 80.9811 23.9189 2
      vertex 82.9622 20.3 2
    endloop
  endfacet
  facet normal -0 0 1
    outer loop
      vertex 121.792 10.6189 2
      vertex 125.523 10.0311 2
      vertex 123.542 13.65 2
    endloop
  endfacet
  facet normal 0 0 1
    outer loop
      vertex 125.523 10.0311 2
      vertex 121.792 10.6189 2
      vertex 122.023 10.0311 2
    endloop
  endfacet
  facet normal 0 0 1
    outer loop
      vertex 118.061 10.0311 2
      vertex 122.023 10.0311 2
      vertex 121.792 10.6189 2
    endloop
  endfacet
  facet normal 0 0 1
    outer loop
      vertex 122.023 10.0311 2
      vertex 118.061 10.0311 2
      vertex 120.273 7 2
    endloop
  endfacet
  facet normal 0 0 1
    outer loop
      vertex 118.061 10.0311 2
      vertex 121.792 10.6189 2
      vertex 118.292 10.6189 2
    endloop
  endfacet
  facet normal 0 0 1
    outer loop
      vertex 120.273 7 2
      vertex 118.061 10.0311 2
      vertex 119.811 7 2
    endloop
  endfacet
  facet normal 0 0 1
    outer loop
      vertex 114.33 10.6189 2
      vertex 118.292 10.6189 2
      vertex 116.542 13.65 2
    endloop
  endfacet
  facet normal 0 0 1
    outer loop
      vertex 114.33 10.6189 2
      vertex 116.542 13.65 2
      vertex 116.08 13.65 2
    endloop
  endfacet
  facet normal 0 0 1
    outer loop
      vertex 118.292 10.6189 2
      vertex 114.33 10.6189 2
      vertex 118.061 10.0311 2
    endloop
  endfacet
  facet normal 0 0 1
    outer loop
      vertex 118.061 10.0311 2
      vertex 114.33 10.6189 2
      vertex 114.561 10.0311 2
    endloop
  endfacet
  facet normal 0 0 1
    outer loop
      vertex 110.599 10.0311 2
      vertex 114.561 10.0311 2
      vertex 114.33 10.6189 2
    endloop
  endfacet
  facet normal 0 0 1
    outer loop
      vertex 114.561 10.0311 2
      vertex 110.599 10.0311 2
      vertex 112.811 7 2
    endloop
  endfacet
  facet normal 0 0 1
    outer loop
      vertex 110.599 10.0311 2
      vertex 114.33 10.6189 2
      vertex 110.83 10.6189 2
    endloop
  endfacet
  facet normal 0 0 1
    outer loop
      vertex 112.811 7 2
      vertex 110.599 10.0311 2
      vertex 112.349 7 2
    endloop
  endfacet
  facet normal 0 0 1
    outer loop
      vertex 106.868 10.6189 2
      vertex 110.83 10.6189 2
      vertex 109.08 13.65 2
    endloop
  endfacet
  facet normal 0 0 1
    outer loop
      vertex 106.868 10.6189 2
      vertex 109.08 13.65 2
      vertex 108.618 13.65 2
    endloop
  endfacet
  facet normal 0 0 1
    outer loop
      vertex 110.83 10.6189 2
      vertex 106.868 10.6189 2
      vertex 110.599 10.0311 2
    endloop
  endfacet
  facet normal 0 0 1
    outer loop
      vertex 110.599 10.0311 2
      vertex 106.868 10.6189 2
      vertex 107.099 10.0311 2
    endloop
  endfacet
  facet normal 0 0 1
    outer loop
      vertex 103.137 10.0311 2
      vertex 107.099 10.0311 2
      vertex 106.868 10.6189 2
    endloop
  endfacet
  facet normal 0 0 1
    outer loop
      vertex 107.099 10.0311 2
      vertex 103.137 10.0311 2
      vertex 105.349 7 2
    endloop
  endfacet
  facet normal 0 0 1
    outer loop
      vertex 103.137 10.0311 2
      vertex 106.868 10.6189 2
      vertex 103.368 10.6189 2
    endloop
  endfacet
  facet normal 0 0 1
    outer loop
      vertex 105.349 7 2
      vertex 103.137 10.0311 2
      vertex 104.887 7 2
    endloop
  endfacet
  facet normal 0 0 1
    outer loop
      vertex 99.4054 10.6189 2
      vertex 103.368 10.6189 2
      vertex 101.618 13.65 2
    endloop
  endfacet
  facet normal 0 0 1
    outer loop
      vertex 99.4054 10.6189 2
      vertex 101.618 13.65 2
      vertex 101.155 13.65 2
    endloop
  endfacet
  facet normal 0 0 1
    outer loop
      vertex 103.368 10.6189 2
      vertex 99.4054 10.6189 2
      vertex 103.137 10.0311 2
    endloop
  endfacet
  facet normal 0 0 1
    outer loop
      vertex 103.137 10.0311 2
      vertex 99.4054 10.6189 2
      vertex 99.6365 10.0311 2
    endloop
  endfacet
  facet normal 0 0 1
    outer loop
      vertex 95.6744 10.0311 2
      vertex 99.6365 10.0311 2
      vertex 99.4054 10.6189 2
    endloop
  endfacet
  facet normal 0 0 1
    outer loop
      vertex 99.6365 10.0311 2
      vertex 95.6744 10.0311 2
      vertex 97.8865 7 2
    endloop
  endfacet
  facet normal 0 0 1
    outer loop
      vertex 95.6744 10.0311 2
      vertex 99.4054 10.6189 2
      vertex 95.9054 10.6189 2
    endloop
  endfacet
  facet normal 0 0 1
    outer loop
      vertex 97.8865 7 2
      vertex 95.6744 10.0311 2
      vertex 97.4244 7 2
    endloop
  endfacet
  facet normal 0 0 1
    outer loop
      vertex 91.9433 10.6189 2
      vertex 95.9054 10.6189 2
      vertex 94.1554 13.65 2
    endloop
  endfacet
  facet normal 0 0 1
    outer loop
      vertex 91.9433 10.6189 2
      vertex 94.1554 13.65 2
      vertex 93.6933 13.65 2
    endloop
  endfacet
  facet normal 0 0 1
    outer loop
      vertex 95.9054 10.6189 2
      vertex 91.9433 10.6189 2
      vertex 95.6744 10.0311 2
    endloop
  endfacet
  facet normal 0 0 1
    outer loop
      vertex 95.6744 10.0311 2
      vertex 91.9433 10.6189 2
      vertex 92.1744 10.0311 2
    endloop
  endfacet
  facet normal 0 0 1
    outer loop
      vertex 88.2122 10.0311 2
      vertex 92.1744 10.0311 2
      vertex 91.9433 10.6189 2
    endloop
  endfacet
  facet normal 0 0 1
    outer loop
      vertex 92.1744 10.0311 2
      vertex 88.2122 10.0311 2
      vertex 90.4244 7 2
    endloop
  endfacet
  facet normal 0 0 1
    outer loop
      vertex 88.2122 10.0311 2
      vertex 91.9433 10.6189 2
      vertex 88.4433 10.6189 2
    endloop
  endfacet
  facet normal 0 0 1
    outer loop
      vertex 90.4244 7 2
      vertex 88.2122 10.0311 2
      vertex 89.9622 7 2
    endloop
  endfacet
  facet normal 0 0 1
    outer loop
      vertex 84.4811 10.6189 2
      vertex 88.4433 10.6189 2
      vertex 86.6933 13.65 2
    endloop
  endfacet
  facet normal 0 0 1
    outer loop
      vertex 84.4811 10.6189 2
      vertex 86.6933 13.65 2
      vertex 86.2311 13.65 2
    endloop
  endfacet
  facet normal 0 0 1
    outer loop
      vertex 88.4433 10.6189 2
      vertex 84.4811 10.6189 2
      vertex 88.2122 10.0311 2
    endloop
  endfacet
  facet normal 0 0 1
    outer loop
      vertex 88.2122 10.0311 2
      vertex 84.4811 10.6189 2
      vertex 84.7122 10.0311 2
    endloop
  endfacet
  facet normal -0 0 1
    outer loop
      vertex 80.9811 10.6189 2
      vertex 84.7122 10.0311 2
      vertex 84.4811 10.6189 2
    endloop
  endfacet
  facet normal 0 0 1
    outer loop
      vertex 84.7122 10.0311 2
      vertex 80.9811 10.6189 2
      vertex 82.9622 7 2
    endloop
  endfacet
  facet normal 0 0 1
    outer loop
      vertex 122.023 63.2311 2
      vertex 118.061 63.2311 2
      vertex 120.273 60.2 2
    endloop
  endfacet
  facet normal 0 0 1
    outer loop
      vertex 120.273 60.2 2
      vertex 118.061 63.2311 2
      vertex 119.811 60.2 2
    endloop
  endfacet
  facet normal -0 0 1
    outer loop
      vertex 114.561 63.8189 2
      vertex 118.061 63.2311 2
      vertex 118.061 63.8189 2
    endloop
  endfacet
  facet normal 0 0 1
    outer loop
      vertex 114.561 63.8189 2
      vertex 114.561 63.2311 2
      vertex 118.061 63.2311 2
    endloop
  endfacet
  facet normal -0 0 1
    outer loop
      vertex 112.349 66.85 2
      vertex 114.561 63.8189 2
      vertex 112.811 66.85 2
    endloop
  endfacet
  facet normal 0 0 1
    outer loop
      vertex 110.599 63.8189 2
      vertex 114.561 63.8189 2
      vertex 112.349 66.85 2
    endloop
  endfacet
  facet normal 0 0 1
    outer loop
      vertex 114.561 63.2311 2
      vertex 110.599 63.2311 2
      vertex 112.811 60.2 2
    endloop
  endfacet
  facet normal 0 0 1
    outer loop
      vertex 112.811 60.2 2
      vertex 110.599 63.2311 2
      vertex 112.349 60.2 2
    endloop
  endfacet
  facet normal -0 0 1
    outer loop
      vertex 107.099 63.8189 2
      vertex 110.599 63.2311 2
      vertex 110.599 63.8189 2
    endloop
  endfacet
  facet normal 0 0 1
    outer loop
      vertex 107.099 63.8189 2
      vertex 107.099 63.2311 2
      vertex 110.599 63.2311 2
    endloop
  endfacet
  facet normal -0 0 1
    outer loop
      vertex 104.887 66.85 2
      vertex 107.099 63.8189 2
      vertex 105.349 66.85 2
    endloop
  endfacet
  facet normal 0 0 1
    outer loop
      vertex 103.137 63.8189 2
      vertex 107.099 63.8189 2
      vertex 104.887 66.85 2
    endloop
  endfacet
  facet normal 0 0 1
    outer loop
      vertex 107.099 63.2311 2
      vertex 103.137 63.2311 2
      vertex 105.349 60.2 2
    endloop
  endfacet
  facet normal 0 0 1
    outer loop
      vertex 105.349 60.2 2
      vertex 103.137 63.2311 2
      vertex 104.887 60.2 2
    endloop
  endfacet
  facet normal -0 0 1
    outer loop
      vertex 99.6365 63.8189 2
      vertex 103.137 63.2311 2
      vertex 103.137 63.8189 2
    endloop
  endfacet
  facet normal 0 0 1
    outer loop
      vertex 99.6365 63.8189 2
      vertex 99.6365 63.2311 2
      vertex 103.137 63.2311 2
    endloop
  endfacet
  facet normal -0 0 1
    outer loop
      vertex 97.4244 66.85 2
      vertex 99.6365 63.8189 2
      vertex 97.8865 66.85 2
    endloop
  endfacet
  facet normal 0 0 1
    outer loop
      vertex 95.6744 63.8189 2
      vertex 99.6365 63.8189 2
      vertex 97.4244 66.85 2
    endloop
  endfacet
  facet normal 0 0 1
    outer loop
      vertex 99.6365 63.2311 2
      vertex 95.6744 63.2311 2
      vertex 97.8865 60.2 2
    endloop
  endfacet
  facet normal 0 0 1
    outer loop
      vertex 97.8865 60.2 2
      vertex 95.6744 63.2311 2
      vertex 97.4244 60.2 2
    endloop
  endfacet
  facet normal -0 0 1
    outer loop
      vertex 92.1744 63.8189 2
      vertex 95.6744 63.2311 2
      vertex 95.6744 63.8189 2
    endloop
  endfacet
  facet normal 0 0 1
    outer loop
      vertex 92.1744 63.8189 2
      vertex 92.1744 63.2311 2
      vertex 95.6744 63.2311 2
    endloop
  endfacet
  facet normal -0 0 1
    outer loop
      vertex 89.9622 66.85 2
      vertex 92.1744 63.8189 2
      vertex 90.4244 66.85 2
    endloop
  endfacet
  facet normal 0 0 1
    outer loop
      vertex 88.2122 63.8189 2
      vertex 92.1744 63.8189 2
      vertex 89.9622 66.85 2
    endloop
  endfacet
  facet normal 0 0 1
    outer loop
      vertex 92.1744 63.2311 2
      vertex 88.2122 63.2311 2
      vertex 90.4244 60.2 2
    endloop
  endfacet
  facet normal 0 0 1
    outer loop
      vertex 90.4244 60.2 2
      vertex 88.2122 63.2311 2
      vertex 89.9622 60.2 2
    endloop
  endfacet
  facet normal -0 0 1
    outer loop
      vertex 84.7122 63.8189 2
      vertex 88.2122 63.2311 2
      vertex 88.2122 63.8189 2
    endloop
  endfacet
  facet normal 0 0 1
    outer loop
      vertex 84.7122 63.8189 2
      vertex 84.7122 63.2311 2
      vertex 88.2122 63.2311 2
    endloop
  endfacet
  facet normal 0 0 1
    outer loop
      vertex 82.9622 66.85 2
      vertex 84.7122 63.2311 2
      vertex 84.7122 63.8189 2
    endloop
  endfacet
  facet normal 0 0 1
    outer loop
      vertex 84.7122 63.2311 2
      vertex 82.9622 66.85 2
      vertex 82.9622 60.2 2
    endloop
  endfacet
  facet normal -1 0 0
    outer loop
      vertex 74 2 2
      vertex 74 73 5
      vertex 74 73 2
    endloop
  endfacet
  facet normal -1 -0 0
    outer loop
      vertex 74 73 5
      vertex 74 2 2
      vertex 74 2 5
    endloop
  endfacet
  facet normal 0 1 -0
    outer loop
      vertex 130 73 2
      vertex 74 73 5
      vertex 130 73 5
    endloop
  endfacet
  facet normal 0 1 0
    outer loop
      vertex 74 73 5
      vertex 130 73 2
      vertex 74 73 2
    endloop
  endfacet
  facet normal 0 -1 0
    outer loop
      vertex 74 2 2
      vertex 130 2 5
      vertex 74 2 5
    endloop
  endfacet
  facet normal 0 -1 -0
    outer loop
      vertex 130 2 5
      vertex 74 2 2
      vertex 130 2 2
    endloop
  endfacet
  facet normal -1 0 0
    outer loop
      vertex 128.8 3.2 2
      vertex 128.8 71.8 5
      vertex 128.8 71.8 2
    endloop
  endfacet
  facet normal -1 -0 0
    outer loop
      vertex 128.8 71.8 5
      vertex 128.8 3.2 2
      vertex 128.8 3.2 5
    endloop
  endfacet
  facet normal 1 -0 0
    outer loop
      vertex 75.2 3.2 5
      vertex 75.2 71.8 2
      vertex 75.2 71.8 5
    endloop
  endfacet
  facet normal 1 0 0
    outer loop
      vertex 75.2 71.8 2
      vertex 75.2 3.2 5
      vertex 75.2 3.2 2
    endloop
  endfacet
  facet normal 0 -1 0
    outer loop
      vertex 75.2 71.8 2
      vertex 128.8 71.8 5
      vertex 75.2 71.8 5
    endloop
  endfacet
  facet normal 0 -1 -0
    outer loop
      vertex 128.8 71.8 5
      vertex 75.2 71.8 2
      vertex 128.8 71.8 2
    endloop
  endfacet
  facet normal 0 1 -0
    outer loop
      vertex 128.8 3.2 2
      vertex 75.2 3.2 5
      vertex 128.8 3.2 5
    endloop
  endfacet
  facet normal 0 1 0
    outer loop
      vertex 75.2 3.2 5
      vertex 128.8 3.2 2
      vertex 75.2 3.2 2
    endloop
  endfacet
  facet normal 1 -0 0
    outer loop
      vertex 132 0 2
      vertex 132 75 0
      vertex 132 75 2
    endloop
  endfacet
  facet normal 1 0 0
    outer loop
      vertex 132 75 0
      vertex 132 0 2
      vertex 132 0 0
    endloop
  endfacet
  facet normal 0 0 -1
    outer loop
      vertex 88.2122 63.8189 0
      vertex 92.1744 63.8189 0
      vertex 88.2122 63.2311 0
    endloop
  endfacet
  facet normal 0 0 -1
    outer loop
      vertex 92.1744 63.8189 0
      vertex 88.2122 63.8189 0
      vertex 89.9622 66.85 0
    endloop
  endfacet
  facet normal 0 0 -1
    outer loop
      vertex 84.7122 63.2311 0
      vertex 88.2122 63.8189 0
      vertex 88.2122 63.2311 0
    endloop
  endfacet
  facet normal 0 0 -1
    outer loop
      vertex 84.7122 63.2311 0
      vertex 84.7122 63.8189 0
      vertex 88.2122 63.8189 0
    endloop
  endfacet
  facet normal 0 0 -1
    outer loop
      vertex 82.9622 60.2 0
      vertex 84.7122 63.8189 0
      vertex 84.7122 63.2311 0
    endloop
  endfacet
  facet normal -0 0 -1
    outer loop
      vertex 84.7122 63.8189 0
      vertex 82.9622 60.2 0
      vertex 82.9622 66.85 0
    endloop
  endfacet
  facet normal 0 0 -1
    outer loop
      vertex 95.6744 63.8189 0
      vertex 99.6365 63.8189 0
      vertex 95.6744 63.2311 0
    endloop
  endfacet
  facet normal 0 0 -1
    outer loop
      vertex 99.6365 63.8189 0
      vertex 95.6744 63.8189 0
      vertex 97.4244 66.85 0
    endloop
  endfacet
  facet normal 0 0 -1
    outer loop
      vertex 92.1744 63.2311 0
      vertex 95.6744 63.8189 0
      vertex 95.6744 63.2311 0
    endloop
  endfacet
  facet normal 0 0 -1
    outer loop
      vertex 92.1744 63.2311 0
      vertex 92.1744 63.8189 0
      vertex 95.6744 63.8189 0
    endloop
  endfacet
  facet normal 0 0 -1
    outer loop
      vertex 89.9622 60.2 0
      vertex 92.1744 63.2311 0
      vertex 90.4244 60.2 0
    endloop
  endfacet
  facet normal 0 0 -1
    outer loop
      vertex 88.2122 63.2311 0
      vertex 92.1744 63.2311 0
      vertex 89.9622 60.2 0
    endloop
  endfacet
  facet normal 0 0 -1
    outer loop
      vertex 103.137 63.8189 0
      vertex 107.099 63.8189 0
      vertex 103.137 63.2311 0
    endloop
  endfacet
  facet normal 0 0 -1
    outer loop
      vertex 107.099 63.8189 0
      vertex 103.137 63.8189 0
      vertex 104.887 66.85 0
    endloop
  endfacet
  facet normal 0 0 -1
    outer loop
      vertex 99.6365 63.2311 0
      vertex 103.137 63.8189 0
      vertex 103.137 63.2311 0
    endloop
  endfacet
  facet normal 0 0 -1
    outer loop
      vertex 99.6365 63.2311 0
      vertex 99.6365 63.8189 0
      vertex 103.137 63.8189 0
    endloop
  endfacet
  facet normal 0 0 -1
    outer loop
      vertex 97.4244 60.2 0
      vertex 99.6365 63.2311 0
      vertex 97.8865 60.2 0
    endloop
  endfacet
  facet normal 0 0 -1
    outer loop
      vertex 95.6744 63.2311 0
      vertex 99.6365 63.2311 0
      vertex 97.4244 60.2 0
    endloop
  endfacet
  facet normal 0 0 -1
    outer loop
      vertex 110.599 63.8189 0
      vertex 114.561 63.8189 0
      vertex 110.599 63.2311 0
    endloop
  endfacet
  facet normal 0 0 -1
    outer loop
      vertex 114.561 63.8189 0
      vertex 110.599 63.8189 0
      vertex 112.349 66.85 0
    endloop
  endfacet
  facet normal 0 0 -1
    outer loop
      vertex 107.099 63.2311 0
      vertex 110.599 63.8189 0
      vertex 110.599 63.2311 0
    endloop
  endfacet
  facet normal 0 0 -1
    outer loop
      vertex 107.099 63.2311 0
      vertex 107.099 63.8189 0
      vertex 110.599 63.8189 0
    endloop
  endfacet
  facet normal 0 0 -1
    outer loop
      vertex 104.887 60.2 0
      vertex 107.099 63.2311 0
      vertex 105.349 60.2 0
    endloop
  endfacet
  facet normal 0 0 -1
    outer loop
      vertex 103.137 63.2311 0
      vertex 107.099 63.2311 0
      vertex 104.887 60.2 0
    endloop
  endfacet
  facet normal 0 0 -1
    outer loop
      vertex 118.061 63.8189 0
      vertex 122.023 63.8189 0
      vertex 118.061 63.2311 0
    endloop
  endfacet
  facet normal 0 0 -1
    outer loop
      vertex 122.023 63.8189 0
      vertex 118.061 63.8189 0
      vertex 119.811 66.85 0
    endloop
  endfacet
  facet normal 0 0 -1
    outer loop
      vertex 114.561 63.2311 0
      vertex 118.061 63.8189 0
      vertex 118.061 63.2311 0
    endloop
  endfacet
  facet normal 0 0 -1
    outer loop
      vertex 114.561 63.2311 0
      vertex 114.561 63.8189 0
      vertex 118.061 63.8189 0
    endloop
  endfacet
  facet normal 0 0 -1
    outer loop
      vertex 112.349 60.2 0
      vertex 114.561 63.2311 0
      vertex 112.811 60.2 0
    endloop
  endfacet
  facet normal 0 0 -1
    outer loop
      vertex 110.599 63.2311 0
      vertex 114.561 63.2311 0
      vertex 112.349 60.2 0
    endloop
  endfacet
  facet normal 0 0 -1
    outer loop
      vertex 125.523 63.2311 0
      vertex 127.273 66.85 0
      vertex 127.273 60.2 0
    endloop
  endfacet
  facet normal 0 0 -1
    outer loop
      vertex 125.523 63.2311 0
      vertex 125.523 63.8189 0
      vertex 127.273 66.85 0
    endloop
  endfacet
  facet normal 0 0 -1
    outer loop
      vertex 122.023 63.2311 0
      vertex 125.523 63.8189 0
      vertex 125.523 63.2311 0
    endloop
  endfacet
  facet normal 0 0 -1
    outer loop
      vertex 122.023 63.2311 0
      vertex 122.023 63.8189 0
      vertex 125.523 63.8189 0
    endloop
  endfacet
  facet normal 0 0 -1
    outer loop
      vertex 119.811 60.2 0
      vertex 122.023 63.2311 0
      vertex 120.273 60.2 0
    endloop
  endfacet
  facet normal 0 0 -1
    outer loop
      vertex 118.061 63.2311 0
      vertex 122.023 63.2311 0
      vertex 119.811 60.2 0
    endloop
  endfacet
  facet normal 0 0 -1
    outer loop
      vertex 125.523 49.9311 0
      vertex 127.273 60.2 0
      vertex 127.273 46.9 0
    endloop
  endfacet
  facet normal 0 0 -1
    outer loop
      vertex 125.523 49.9311 0
      vertex 125.523 57.1689 0
      vertex 127.273 60.2 0
    endloop
  endfacet
  facet normal 0 0 -1
    outer loop
      vertex 125.523 49.9311 0
      vertex 123.542 53.55 0
      vertex 125.523 57.1689 0
    endloop
  endfacet
  facet normal 0 0 -1
    outer loop
      vertex 121.792 50.5189 0
      vertex 125.523 49.9311 0
      vertex 122.023 49.9311 0
    endloop
  endfacet
  facet normal 0 0 -1
    outer loop
      vertex 125.523 49.9311 0
      vertex 121.792 50.5189 0
      vertex 123.542 53.55 0
    endloop
  endfacet
  facet normal 0 0 -1
    outer loop
      vertex 118.061 49.9311 0
      vertex 122.023 49.9311 0
      vertex 120.273 46.9 0
    endloop
  endfacet
  facet normal 0 0 -1
    outer loop
      vertex 118.061 49.9311 0
      vertex 120.273 46.9 0
      vertex 119.811 46.9 0
    endloop
  endfacet
  facet normal 0 0 -1
    outer loop
      vertex 122.023 49.9311 0
      vertex 118.061 49.9311 0
      vertex 121.792 50.5189 0
    endloop
  endfacet
  facet normal -0 0 -1
    outer loop
      vertex 121.792 50.5189 0
      vertex 118.061 49.9311 0
      vertex 118.292 50.5189 0
    endloop
  endfacet
  facet normal 0 0 -1
    outer loop
      vertex 114.33 50.5189 0
      vertex 118.292 50.5189 0
      vertex 118.061 49.9311 0
    endloop
  endfacet
  facet normal 0 0 -1
    outer loop
      vertex 118.292 50.5189 0
      vertex 114.33 50.5189 0
      vertex 116.542 53.55 0
    endloop
  endfacet
  facet normal 0 0 -1
    outer loop
      vertex 114.33 50.5189 0
      vertex 118.061 49.9311 0
      vertex 114.561 49.9311 0
    endloop
  endfacet
  facet normal -0 0 -1
    outer loop
      vertex 116.542 53.55 0
      vertex 114.33 50.5189 0
      vertex 116.08 53.55 0
    endloop
  endfacet
  facet normal 0 0 -1
    outer loop
      vertex 110.599 49.9311 0
      vertex 114.561 49.9311 0
      vertex 112.811 46.9 0
    endloop
  endfacet
  facet normal 0 0 -1
    outer loop
      vertex 110.599 49.9311 0
      vertex 112.811 46.9 0
      vertex 112.349 46.9 0
    endloop
  endfacet
  facet normal 0 0 -1
    outer loop
      vertex 114.561 49.9311 0
      vertex 110.599 49.9311 0
      vertex 114.33 50.5189 0
    endloop
  endfacet
  facet normal -0 0 -1
    outer loop
      vertex 114.33 50.5189 0
      vertex 110.599 49.9311 0
      vertex 110.83 50.5189 0
    endloop
  endfacet
  facet normal 0 0 -1
    outer loop
      vertex 106.868 50.5189 0
      vertex 110.83 50.5189 0
      vertex 110.599 49.9311 0
    endloop
  endfacet
  facet normal 0 0 -1
    outer loop
      vertex 110.83 50.5189 0
      vertex 106.868 50.5189 0
      vertex 109.08 53.55 0
    endloop
  endfacet
  facet normal 0 0 -1
    outer loop
      vertex 106.868 50.5189 0
      vertex 110.599 49.9311 0
      vertex 107.099 49.9311 0
    endloop
  endfacet
  facet normal -0 0 -1
    outer loop
      vertex 109.08 53.55 0
      vertex 106.868 50.5189 0
      vertex 108.618 53.55 0
    endloop
  endfacet
  facet normal 0 0 -1
    outer loop
      vertex 103.137 49.9311 0
      vertex 107.099 49.9311 0
      vertex 105.349 46.9 0
    endloop
  endfacet
  facet normal 0 0 -1
    outer loop
      vertex 103.137 49.9311 0
      vertex 105.349 46.9 0
      vertex 104.887 46.9 0
    endloop
  endfacet
  facet normal 0 0 -1
    outer loop
      vertex 107.099 49.9311 0
      vertex 103.137 49.9311 0
      vertex 106.868 50.5189 0
    endloop
  endfacet
  facet normal -0 0 -1
    outer loop
      vertex 106.868 50.5189 0
      vertex 103.137 49.9311 0
      vertex 103.368 50.5189 0
    endloop
  endfacet
  facet normal 0 0 -1
    outer loop
      vertex 99.4054 50.5189 0
      vertex 103.368 50.5189 0
      vertex 103.137 49.9311 0
    endloop
  endfacet
  facet normal 0 0 -1
    outer loop
      vertex 103.368 50.5189 0
      vertex 99.4054 50.5189 0
      vertex 101.618 53.55 0
    endloop
  endfacet
  facet normal 0 0 -1
    outer loop
      vertex 99.4054 50.5189 0
      vertex 103.137 49.9311 0
      vertex 99.6365 49.9311 0
    endloop
  endfacet
  facet normal -0 0 -1
    outer loop
      vertex 101.618 53.55 0
      vertex 99.4054 50.5189 0
      vertex 101.155 53.55 0
    endloop
  endfacet
  facet normal 0 0 -1
    outer loop
      vertex 95.6744 49.9311 0
      vertex 99.6365 49.9311 0
      vertex 97.8865 46.9 0
    endloop
  endfacet
  facet normal 0 0 -1
    outer loop
      vertex 95.6744 49.9311 0
      vertex 97.8865 46.9 0
      vertex 97.4244 46.9 0
    endloop
  endfacet
  facet normal 0 0 -1
    outer loop
      vertex 99.6365 49.9311 0
      vertex 95.6744 49.9311 0
      vertex 99.4054 50.5189 0
    endloop
  endfacet
  facet normal -0 0 -1
    outer loop
      vertex 99.4054 50.5189 0
      vertex 95.6744 49.9311 0
      vertex 95.9054 50.5189 0
    endloop
  endfacet
  facet normal 0 0 -1
    outer loop
      vertex 91.9433 50.5189 0
      vertex 95.9054 50.5189 0
      vertex 95.6744 49.9311 0
    endloop
  endfacet
  facet normal 0 0 -1
    outer loop
      vertex 95.9054 50.5189 0
      vertex 91.9433 50.5189 0
      vertex 94.1554 53.55 0
    endloop
  endfacet
  facet normal 0 0 -1
    outer loop
      vertex 91.9433 50.5189 0
      vertex 95.6744 49.9311 0
      vertex 92.1744 49.9311 0
    endloop
  endfacet
  facet normal -0 0 -1
    outer loop
      vertex 94.1554 53.55 0
      vertex 91.9433 50.5189 0
      vertex 93.6933 53.55 0
    endloop
  endfacet
  facet normal 0 0 -1
    outer loop
      vertex 88.2122 49.9311 0
      vertex 92.1744 49.9311 0
      vertex 90.4244 46.9 0
    endloop
  endfacet
  facet normal 0 0 -1
    outer loop
      vertex 88.2122 49.9311 0
      vertex 90.4244 46.9 0
      vertex 89.9622 46.9 0
    endloop
  endfacet
  facet normal 0 0 -1
    outer loop
      vertex 92.1744 49.9311 0
      vertex 88.2122 49.9311 0
      vertex 91.9433 50.5189 0
    endloop
  endfacet
  facet normal -0 0 -1
    outer loop
      vertex 91.9433 50.5189 0
      vertex 88.2122 49.9311 0
      vertex 88.4433 50.5189 0
    endloop
  endfacet
  facet normal 0 0 -1
    outer loop
      vertex 84.4811 50.5189 0
      vertex 88.4433 50.5189 0
      vertex 88.2122 49.9311 0
    endloop
  endfacet
  facet normal 0 0 -1
    outer loop
      vertex 88.4433 50.5189 0
      vertex 84.4811 50.5189 0
      vertex 86.6933 53.55 0
    endloop
  endfacet
  facet normal 0 0 -1
    outer loop
      vertex 84.4811 50.5189 0
      vertex 88.2122 49.9311 0
      vertex 84.7122 49.9311 0
    endloop
  endfacet
  facet normal -0 0 -1
    outer loop
      vertex 86.6933 53.55 0
      vertex 84.4811 50.5189 0
      vertex 86.2311 53.55 0
    endloop
  endfacet
  facet normal 0 0 -1
    outer loop
      vertex 80.9811 50.5189 0
      vertex 84.7122 49.9311 0
      vertex 82.9622 46.9 0
    endloop
  endfacet
  facet normal 0 0 -1
    outer loop
      vertex 80.9811 50.5189 0
      vertex 82.9622 46.9 0
      vertex 80.9811 43.2811 0
    endloop
  endfacet
  facet normal 0 0 -1
    outer loop
      vertex 84.7122 49.9311 0
      vertex 80.9811 50.5189 0
      vertex 84.4811 50.5189 0
    endloop
  endfacet
  facet normal 0 0 -1
    outer loop
      vertex 79.2311 40.25 0
      vertex 80.9811 50.5189 0
      vertex 80.9811 43.2811 0
    endloop
  endfacet
  facet normal -0 0 -1
    outer loop
      vertex 80.9811 50.5189 0
      vertex 79.2311 40.25 0
      vertex 79.2311 53.55 0
    endloop
  endfacet
  facet normal 0 0 -1
    outer loop
      vertex 125.523 36.6311 0
      vertex 127.273 46.9 0
      vertex 127.273 33.6 0
    endloop
  endfacet
  facet normal 0 0 -1
    outer loop
      vertex 125.523 36.6311 0
      vertex 125.523 43.8689 0
      vertex 127.273 46.9 0
    endloop
  endfacet
  facet normal 0 0 -1
    outer loop
      vertex 125.523 36.6311 0
      vertex 123.542 40.25 0
      vertex 125.523 43.8689 0
    endloop
  endfacet
  facet normal 0 0 -1
    outer loop
      vertex 121.792 37.2189 0
      vertex 125.523 36.6311 0
      vertex 122.023 36.6311 0
    endloop
  endfacet
  facet normal 0 0 -1
    outer loop
      vertex 125.523 36.6311 0
      vertex 121.792 37.2189 0
      vertex 123.542 40.25 0
    endloop
  endfacet
  facet normal 0 0 -1
    outer loop
      vertex 118.061 36.6311 0
      vertex 122.023 36.6311 0
      vertex 120.273 33.6 0
    endloop
  endfacet
  facet normal 0 0 -1
    outer loop
      vertex 118.061 36.6311 0
      vertex 120.273 33.6 0
      vertex 119.811 33.6 0
    endloop
  endfacet
  facet normal 0 0 -1
    outer loop
      vertex 122.023 36.6311 0
      vertex 118.061 36.6311 0
      vertex 121.792 37.2189 0
    endloop
  endfacet
  facet normal -0 0 -1
    outer loop
      vertex 121.792 37.2189 0
      vertex 118.061 36.6311 0
      vertex 118.292 37.2189 0
    endloop
  endfacet
  facet normal 0 0 -1
    outer loop
      vertex 114.33 37.2189 0
      vertex 118.292 37.2189 0
      vertex 118.061 36.6311 0
    endloop
  endfacet
  facet normal 0 0 -1
    outer loop
      vertex 118.292 37.2189 0
      vertex 114.33 37.2189 0
      vertex 116.542 40.25 0
    endloop
  endfacet
  facet normal 0 0 -1
    outer loop
      vertex 114.33 37.2189 0
      vertex 118.061 36.6311 0
      vertex 114.561 36.6311 0
    endloop
  endfacet
  facet normal -0 0 -1
    outer loop
      vertex 116.542 40.25 0
      vertex 114.33 37.2189 0
      vertex 116.08 40.25 0
    endloop
  endfacet
  facet normal 0 0 -1
    outer loop
      vertex 110.599 36.6311 0
      vertex 114.561 36.6311 0
      vertex 112.811 33.6 0
    endloop
  endfacet
  facet normal 0 0 -1
    outer loop
      vertex 110.599 36.6311 0
      vertex 112.811 33.6 0
      vertex 112.349 33.6 0
    endloop
  endfacet
  facet normal 0 0 -1
    outer loop
      vertex 114.561 36.6311 0
      vertex 110.599 36.6311 0
      vertex 114.33 37.2189 0
    endloop
  endfacet
  facet normal -0 0 -1
    outer loop
      vertex 114.33 37.2189 0
      vertex 110.599 36.6311 0
      vertex 110.83 37.2189 0
    endloop
  endfacet
  facet normal 0 0 -1
    outer loop
      vertex 106.868 37.2189 0
      vertex 110.83 37.2189 0
      vertex 110.599 36.6311 0
    endloop
  endfacet
  facet normal 0 0 -1
    outer loop
      vertex 110.83 37.2189 0
      vertex 106.868 37.2189 0
      vertex 109.08 40.25 0
    endloop
  endfacet
  facet normal 0 0 -1
    outer loop
      vertex 106.868 37.2189 0
      vertex 110.599 36.6311 0
      vertex 107.099 36.6311 0
    endloop
  endfacet
  facet normal -0 0 -1
    outer loop
      vertex 109.08 40.25 0
      vertex 106.868 37.2189 0
      vertex 108.618 40.25 0
    endloop
  endfacet
  facet normal 0 0 -1
    outer loop
      vertex 103.137 36.6311 0
      vertex 107.099 36.6311 0
      vertex 105.349 33.6 0
    endloop
  endfacet
  facet normal 0 0 -1
    outer loop
      vertex 103.137 36.6311 0
      vertex 105.349 33.6 0
      vertex 104.887 33.6 0
    endloop
  endfacet
  facet normal 0 0 -1
    outer loop
      vertex 107.099 36.6311 0
      vertex 103.137 36.6311 0
      vertex 106.868 37.2189 0
    endloop
  endfacet
  facet normal -0 0 -1
    outer loop
      vertex 106.868 37.2189 0
      vertex 103.137 36.6311 0
      vertex 103.368 37.2189 0
    endloop
  endfacet
  facet normal 0 0 -1
    outer loop
      vertex 99.4054 37.2189 0
      vertex 103.368 37.2189 0
      vertex 103.137 36.6311 0
    endloop
  endfacet
  facet normal 0 0 -1
    outer loop
      vertex 103.368 37.2189 0
      vertex 99.4054 37.2189 0
      vertex 101.618 40.25 0
    endloop
  endfacet
  facet normal 0 0 -1
    outer loop
      vertex 99.4054 37.2189 0
      vertex 103.137 36.6311 0
      vertex 99.6365 36.6311 0
    endloop
  endfacet
  facet normal -0 0 -1
    outer loop
      vertex 101.618 40.25 0
      vertex 99.4054 37.2189 0
      vertex 101.155 40.25 0
    endloop
  endfacet
  facet normal 0 0 -1
    outer loop
      vertex 95.6744 36.6311 0
      vertex 99.6365 36.6311 0
      vertex 97.8865 33.6 0
    endloop
  endfacet
  facet normal 0 0 -1
    outer loop
      vertex 95.6744 36.6311 0
      vertex 97.8865 33.6 0
      vertex 97.4244 33.6 0
    endloop
  endfacet
  facet normal 0 0 -1
    outer loop
      vertex 99.6365 36.6311 0
      vertex 95.6744 36.6311 0
      vertex 99.4054 37.2189 0
    endloop
  endfacet
  facet normal -0 0 -1
    outer loop
      vertex 99.4054 37.2189 0
      vertex 95.6744 36.6311 0
      vertex 95.9054 37.2189 0
    endloop
  endfacet
  facet normal 0 0 -1
    outer loop
      vertex 91.9433 37.2189 0
      vertex 95.9054 37.2189 0
      vertex 95.6744 36.6311 0
    endloop
  endfacet
  facet normal 0 0 -1
    outer loop
      vertex 95.9054 37.2189 0
      vertex 91.9433 37.2189 0
      vertex 94.1554 40.25 0
    endloop
  endfacet
  facet normal 0 0 -1
    outer loop
      vertex 91.9433 37.2189 0
      vertex 95.6744 36.6311 0
      vertex 92.1744 36.6311 0
    endloop
  endfacet
  facet normal -0 0 -1
    outer loop
      vertex 94.1554 40.25 0
      vertex 91.9433 37.2189 0
      vertex 93.6933 40.25 0
    endloop
  endfacet
  facet normal 0 0 -1
    outer loop
      vertex 88.2122 36.6311 0
      vertex 92.1744 36.6311 0
      vertex 90.4244 33.6 0
    endloop
  endfacet
  facet normal 0 0 -1
    outer loop
      vertex 88.2122 36.6311 0
      vertex 90.4244 33.6 0
      vertex 89.9622 33.6 0
    endloop
  endfacet
  facet normal 0 0 -1
    outer loop
      vertex 92.1744 36.6311 0
      vertex 88.2122 36.6311 0
      vertex 91.9433 37.2189 0
    endloop
  endfacet
  facet normal -0 0 -1
    outer loop
      vertex 91.9433 37.2189 0
      vertex 88.2122 36.6311 0
      vertex 88.4433 37.2189 0
    endloop
  endfacet
  facet normal 0 0 -1
    outer loop
      vertex 84.4811 37.2189 0
      vertex 88.4433 37.2189 0
      vertex 88.2122 36.6311 0
    endloop
  endfacet
  facet normal 0 0 -1
    outer loop
      vertex 88.4433 37.2189 0
      vertex 84.4811 37.2189 0
      vertex 86.6933 40.25 0
    endloop
  endfacet
  facet normal 0 0 -1
    outer loop
      vertex 84.4811 37.2189 0
      vertex 88.2122 36.6311 0
      vertex 84.7122 36.6311 0
    endloop
  endfacet
  facet normal -0 0 -1
    outer loop
      vertex 86.6933 40.25 0
      vertex 84.4811 37.2189 0
      vertex 86.2311 40.25 0
    endloop
  endfacet
  facet normal 0 0 -1
    outer loop
      vertex 80.9811 37.2189 0
      vertex 84.7122 36.6311 0
      vertex 82.9622 33.6 0
    endloop
  endfacet
  facet normal 0 0 -1
    outer loop
      vertex 80.9811 37.2189 0
      vertex 82.9622 33.6 0
      vertex 80.9811 29.9811 0
    endloop
  endfacet
  facet normal 0 0 -1
    outer loop
      vertex 84.7122 36.6311 0
      vertex 80.9811 37.2189 0
      vertex 84.4811 37.2189 0
    endloop
  endfacet
  facet normal 0 0 -1
    outer loop
      vertex 79.2311 26.95 0
      vertex 80.9811 37.2189 0
      vertex 80.9811 29.9811 0
    endloop
  endfacet
  facet normal -0 0 -1
    outer loop
      vertex 80.9811 37.2189 0
      vertex 79.2311 26.95 0
      vertex 79.2311 40.25 0
    endloop
  endfacet
  facet normal 0 0 -1
    outer loop
      vertex 125.523 23.3311 0
      vertex 127.273 33.6 0
      vertex 127.273 20.3 0
    endloop
  endfacet
  facet normal 0 0 -1
    outer loop
      vertex 125.523 23.3311 0
      vertex 125.523 30.5689 0
      vertex 127.273 33.6 0
    endloop
  endfacet
  facet normal 0 0 -1
    outer loop
      vertex 125.523 23.3311 0
      vertex 123.542 26.95 0
      vertex 125.523 30.5689 0
    endloop
  endfacet
  facet normal 0 0 -1
    outer loop
      vertex 121.792 23.9189 0
      vertex 125.523 23.3311 0
      vertex 122.023 23.3311 0
    endloop
  endfacet
  facet normal 0 0 -1
    outer loop
      vertex 125.523 23.3311 0
      vertex 121.792 23.9189 0
      vertex 123.542 26.95 0
    endloop
  endfacet
  facet normal 0 0 -1
    outer loop
      vertex 118.061 23.3311 0
      vertex 122.023 23.3311 0
      vertex 120.273 20.3 0
    endloop
  endfacet
  facet normal 0 0 -1
    outer loop
      vertex 118.061 23.3311 0
      vertex 120.273 20.3 0
      vertex 119.811 20.3 0
    endloop
  endfacet
  facet normal 0 0 -1
    outer loop
      vertex 122.023 23.3311 0
      vertex 118.061 23.3311 0
      vertex 121.792 23.9189 0
    endloop
  endfacet
  facet normal -0 0 -1
    outer loop
      vertex 121.792 23.9189 0
      vertex 118.061 23.3311 0
      vertex 118.292 23.9189 0
    endloop
  endfacet
  facet normal 0 0 -1
    outer loop
      vertex 114.33 23.9189 0
      vertex 118.292 23.9189 0
      vertex 118.061 23.3311 0
    endloop
  endfacet
  facet normal 0 0 -1
    outer loop
      vertex 118.292 23.9189 0
      vertex 114.33 23.9189 0
      vertex 116.542 26.95 0
    endloop
  endfacet
  facet normal 0 0 -1
    outer loop
      vertex 114.33 23.9189 0
      vertex 118.061 23.3311 0
      vertex 114.561 23.3311 0
    endloop
  endfacet
  facet normal -0 0 -1
    outer loop
      vertex 116.542 26.95 0
      vertex 114.33 23.9189 0
      vertex 116.08 26.95 0
    endloop
  endfacet
  facet normal 0 0 -1
    outer loop
      vertex 110.599 23.3311 0
      vertex 114.561 23.3311 0
      vertex 112.811 20.3 0
    endloop
  endfacet
  facet normal 0 0 -1
    outer loop
      vertex 110.599 23.3311 0
      vertex 112.811 20.3 0
      vertex 112.349 20.3 0
    endloop
  endfacet
  facet normal 0 0 -1
    outer loop
      vertex 114.561 23.3311 0
      vertex 110.599 23.3311 0
      vertex 114.33 23.9189 0
    endloop
  endfacet
  facet normal -0 0 -1
    outer loop
      vertex 114.33 23.9189 0
      vertex 110.599 23.3311 0
      vertex 110.83 23.9189 0
    endloop
  endfacet
  facet normal 0 0 -1
    outer loop
      vertex 106.868 23.9189 0
      vertex 110.83 23.9189 0
      vertex 110.599 23.3311 0
    endloop
  endfacet
  facet normal 0 0 -1
    outer loop
      vertex 110.83 23.9189 0
      vertex 106.868 23.9189 0
      vertex 109.08 26.95 0
    endloop
  endfacet
  facet normal 0 0 -1
    outer loop
      vertex 106.868 23.9189 0
      vertex 110.599 23.3311 0
      vertex 107.099 23.3311 0
    endloop
  endfacet
  facet normal -0 0 -1
    outer loop
      vertex 109.08 26.95 0
      vertex 106.868 23.9189 0
      vertex 108.618 26.95 0
    endloop
  endfacet
  facet normal 0 0 -1
    outer loop
      vertex 103.137 23.3311 0
      vertex 107.099 23.3311 0
      vertex 105.349 20.3 0
    endloop
  endfacet
  facet normal 0 0 -1
    outer loop
      vertex 103.137 23.3311 0
      vertex 105.349 20.3 0
      vertex 104.887 20.3 0
    endloop
  endfacet
  facet normal 0 0 -1
    outer loop
      vertex 107.099 23.3311 0
      vertex 103.137 23.3311 0
      vertex 106.868 23.9189 0
    endloop
  endfacet
  facet normal -0 0 -1
    outer loop
      vertex 106.868 23.9189 0
      vertex 103.137 23.3311 0
      vertex 103.368 23.9189 0
    endloop
  endfacet
  facet normal 0 0 -1
    outer loop
      vertex 99.4054 23.9189 0
      vertex 103.368 23.9189 0
      vertex 103.137 23.3311 0
    endloop
  endfacet
  facet normal 0 0 -1
    outer loop
      vertex 103.368 23.9189 0
      vertex 99.4054 23.9189 0
      vertex 101.618 26.95 0
    endloop
  endfacet
  facet normal 0 0 -1
    outer loop
      vertex 99.4054 23.9189 0
      vertex 103.137 23.3311 0
      vertex 99.6365 23.3311 0
    endloop
  endfacet
  facet normal -0 0 -1
    outer loop
      vertex 101.618 26.95 0
      vertex 99.4054 23.9189 0
      vertex 101.155 26.95 0
    endloop
  endfacet
  facet normal 0 0 -1
    outer loop
      vertex 95.6744 23.3311 0
      vertex 99.6365 23.3311 0
      vertex 97.8865 20.3 0
    endloop
  endfacet
  facet normal 0 0 -1
    outer loop
      vertex 95.6744 23.3311 0
      vertex 97.8865 20.3 0
      vertex 97.4244 20.3 0
    endloop
  endfacet
  facet normal 0 0 -1
    outer loop
      vertex 99.6365 23.3311 0
      vertex 95.6744 23.3311 0
      vertex 99.4054 23.9189 0
    endloop
  endfacet
  facet normal -0 0 -1
    outer loop
      vertex 99.4054 23.9189 0
      vertex 95.6744 23.3311 0
      vertex 95.9054 23.9189 0
    endloop
  endfacet
  facet normal 0 0 -1
    outer loop
      vertex 91.9433 23.9189 0
      vertex 95.9054 23.9189 0
      vertex 95.6744 23.3311 0
    endloop
  endfacet
  facet normal 0 0 -1
    outer loop
      vertex 95.9054 23.9189 0
      vertex 91.9433 23.9189 0
      vertex 94.1554 26.95 0
    endloop
  endfacet
  facet normal 0 0 -1
    outer loop
      vertex 91.9433 23.9189 0
      vertex 95.6744 23.3311 0
      vertex 92.1744 23.3311 0
    endloop
  endfacet
  facet normal -0 0 -1
    outer loop
      vertex 94.1554 26.95 0
      vertex 91.9433 23.9189 0
      vertex 93.6933 26.95 0
    endloop
  endfacet
  facet normal 0 0 -1
    outer loop
      vertex 88.2122 23.3311 0
      vertex 92.1744 23.3311 0
      vertex 90.4244 20.3 0
    endloop
  endfacet
  facet normal 0 0 -1
    outer loop
      vertex 88.2122 23.3311 0
      vertex 90.4244 20.3 0
      vertex 89.9622 20.3 0
    endloop
  endfacet
  facet normal 0 0 -1
    outer loop
      vertex 92.1744 23.3311 0
      vertex 88.2122 23.3311 0
      vertex 91.9433 23.9189 0
    endloop
  endfacet
  facet normal -0 0 -1
    outer loop
      vertex 91.9433 23.9189 0
      vertex 88.2122 23.3311 0
      vertex 88.4433 23.9189 0
    endloop
  endfacet
  facet normal 0 0 -1
    outer loop
      vertex 84.4811 23.9189 0
      vertex 88.4433 23.9189 0
      vertex 88.2122 23.3311 0
    endloop
  endfacet
  facet normal 0 0 -1
    outer loop
      vertex 88.4433 23.9189 0
      vertex 84.4811 23.9189 0
      vertex 86.6933 26.95 0
    endloop
  endfacet
  facet normal 0 0 -1
    outer loop
      vertex 84.4811 23.9189 0
      vertex 88.2122 23.3311 0
      vertex 84.7122 23.3311 0
    endloop
  endfacet
  facet normal -0 0 -1
    outer loop
      vertex 86.6933 26.95 0
      vertex 84.4811 23.9189 0
      vertex 86.2311 26.95 0
    endloop
  endfacet
  facet normal 0 0 -1
    outer loop
      vertex 80.9811 23.9189 0
      vertex 84.7122 23.3311 0
      vertex 82.9622 20.3 0
    endloop
  endfacet
  facet normal 0 0 -1
    outer loop
      vertex 80.9811 23.9189 0
      vertex 82.9622 20.3 0
      vertex 80.9811 16.6811 0
    endloop
  endfacet
  facet normal 0 0 -1
    outer loop
      vertex 84.7122 23.3311 0
      vertex 80.9811 23.9189 0
      vertex 84.4811 23.9189 0
    endloop
  endfacet
  facet normal 0 0 -1
    outer loop
      vertex 79.2311 13.65 0
      vertex 80.9811 23.9189 0
      vertex 80.9811 16.6811 0
    endloop
  endfacet
  facet normal -0 0 -1
    outer loop
      vertex 80.9811 23.9189 0
      vertex 79.2311 13.65 0
      vertex 79.2311 26.95 0
    endloop
  endfacet
  facet normal 0 0 -1
    outer loop
      vertex 125.523 10.0311 0
      vertex 127.273 20.3 0
      vertex 127.273 7 0
    endloop
  endfacet
  facet normal 0 0 -1
    outer loop
      vertex 125.523 10.0311 0
      vertex 125.523 17.2689 0
      vertex 127.273 20.3 0
    endloop
  endfacet
  facet normal 0 0 -1
    outer loop
      vertex 125.523 10.0311 0
      vertex 123.542 13.65 0
      vertex 125.523 17.2689 0
    endloop
  endfacet
  facet normal 0 0 -1
    outer loop
      vertex 121.792 10.6189 0
      vertex 125.523 10.0311 0
      vertex 122.023 10.0311 0
    endloop
  endfacet
  facet normal 0 0 -1
    outer loop
      vertex 125.523 10.0311 0
      vertex 121.792 10.6189 0
      vertex 123.542 13.65 0
    endloop
  endfacet
  facet normal 0 0 -1
    outer loop
      vertex 118.061 10.0311 0
      vertex 122.023 10.0311 0
      vertex 120.273 7 0
    endloop
  endfacet
  facet normal 0 0 -1
    outer loop
      vertex 118.061 10.0311 0
      vertex 120.273 7 0
      vertex 119.811 7 0
    endloop
  endfacet
  facet normal 0 0 -1
    outer loop
      vertex 122.023 10.0311 0
      vertex 118.061 10.0311 0
      vertex 121.792 10.6189 0
    endloop
  endfacet
  facet normal -0 0 -1
    outer loop
      vertex 121.792 10.6189 0
      vertex 118.061 10.0311 0
      vertex 118.292 10.6189 0
    endloop
  endfacet
  facet normal 0 0 -1
    outer loop
      vertex 114.33 10.6189 0
      vertex 118.292 10.6189 0
      vertex 118.061 10.0311 0
    endloop
  endfacet
  facet normal 0 0 -1
    outer loop
      vertex 118.292 10.6189 0
      vertex 114.33 10.6189 0
      vertex 116.542 13.65 0
    endloop
  endfacet
  facet normal 0 0 -1
    outer loop
      vertex 114.33 10.6189 0
      vertex 118.061 10.0311 0
      vertex 114.561 10.0311 0
    endloop
  endfacet
  facet normal -0 0 -1
    outer loop
      vertex 116.542 13.65 0
      vertex 114.33 10.6189 0
      vertex 116.08 13.65 0
    endloop
  endfacet
  facet normal 0 0 -1
    outer loop
      vertex 110.599 10.0311 0
      vertex 114.561 10.0311 0
      vertex 112.811 7 0
    endloop
  endfacet
  facet normal 0 0 -1
    outer loop
      vertex 110.599 10.0311 0
      vertex 112.811 7 0
      vertex 112.349 7 0
    endloop
  endfacet
  facet normal 0 0 -1
    outer loop
      vertex 114.561 10.0311 0
      vertex 110.599 10.0311 0
      vertex 114.33 10.6189 0
    endloop
  endfacet
  facet normal -0 0 -1
    outer loop
      vertex 114.33 10.6189 0
      vertex 110.599 10.0311 0
      vertex 110.83 10.6189 0
    endloop
  endfacet
  facet normal 0 0 -1
    outer loop
      vertex 106.868 10.6189 0
      vertex 110.83 10.6189 0
      vertex 110.599 10.0311 0
    endloop
  endfacet
  facet normal 0 0 -1
    outer loop
      vertex 110.83 10.6189 0
      vertex 106.868 10.6189 0
      vertex 109.08 13.65 0
    endloop
  endfacet
  facet normal 0 0 -1
    outer loop
      vertex 106.868 10.6189 0
      vertex 110.599 10.0311 0
      vertex 107.099 10.0311 0
    endloop
  endfacet
  facet normal -0 0 -1
    outer loop
      vertex 109.08 13.65 0
      vertex 106.868 10.6189 0
      vertex 108.618 13.65 0
    endloop
  endfacet
  facet normal 0 0 -1
    outer loop
      vertex 103.137 10.0311 0
      vertex 107.099 10.0311 0
      vertex 105.349 7 0
    endloop
  endfacet
  facet normal 0 0 -1
    outer loop
      vertex 103.137 10.0311 0
      vertex 105.349 7 0
      vertex 104.887 7 0
    endloop
  endfacet
  facet normal 0 0 -1
    outer loop
      vertex 107.099 10.0311 0
      vertex 103.137 10.0311 0
      vertex 106.868 10.6189 0
    endloop
  endfacet
  facet normal -0 0 -1
    outer loop
      vertex 106.868 10.6189 0
      vertex 103.137 10.0311 0
      vertex 103.368 10.6189 0
    endloop
  endfacet
  facet normal 0 0 -1
    outer loop
      vertex 99.4054 10.6189 0
      vertex 103.368 10.6189 0
      vertex 103.137 10.0311 0
    endloop
  endfacet
  facet normal 0 0 -1
    outer loop
      vertex 103.368 10.6189 0
      vertex 99.4054 10.6189 0
      vertex 101.618 13.65 0
    endloop
  endfacet
  facet normal 0 0 -1
    outer loop
      vertex 99.4054 10.6189 0
      vertex 103.137 10.0311 0
      vertex 99.6365 10.0311 0
    endloop
  endfacet
  facet normal -0 0 -1
    outer loop
      vertex 101.618 13.65 0
      vertex 99.4054 10.6189 0
      vertex 101.155 13.65 0
    endloop
  endfacet
  facet normal 0 0 -1
    outer loop
      vertex 95.6744 10.0311 0
      vertex 99.6365 10.0311 0
      vertex 97.8865 7 0
    endloop
  endfacet
  facet normal 0 0 -1
    outer loop
      vertex 95.6744 10.0311 0
      vertex 97.8865 7 0
      vertex 97.4244 7 0
    endloop
  endfacet
  facet normal 0 0 -1
    outer loop
      vertex 99.6365 10.0311 0
      vertex 95.6744 10.0311 0
      vertex 99.4054 10.6189 0
    endloop
  endfacet
  facet normal -0 0 -1
    outer loop
      vertex 99.4054 10.6189 0
      vertex 95.6744 10.0311 0
      vertex 95.9054 10.6189 0
    endloop
  endfacet
  facet normal 0 0 -1
    outer loop
      vertex 91.9433 10.6189 0
      vertex 95.9054 10.6189 0
      vertex 95.6744 10.0311 0
    endloop
  endfacet
  facet normal 0 0 -1
    outer loop
      vertex 95.9054 10.6189 0
      vertex 91.9433 10.6189 0
      vertex 94.1554 13.65 0
    endloop
  endfacet
  facet normal 0 0 -1
    outer loop
      vertex 91.9433 10.6189 0
      vertex 95.6744 10.0311 0
      vertex 92.1744 10.0311 0
    endloop
  endfacet
  facet normal -0 0 -1
    outer loop
      vertex 94.1554 13.65 0
      vertex 91.9433 10.6189 0
      vertex 93.6933 13.65 0
    endloop
  endfacet
  facet normal 0 0 -1
    outer loop
      vertex 88.2122 10.0311 0
      vertex 92.1744 10.0311 0
      vertex 90.4244 7 0
    endloop
  endfacet
  facet normal 0 0 -1
    outer loop
      vertex 88.2122 10.0311 0
      vertex 90.4244 7 0
      vertex 89.9622 7 0
    endloop
  endfacet
  facet normal 0 0 -1
    outer loop
      vertex 92.1744 10.0311 0
      vertex 88.2122 10.0311 0
      vertex 91.9433 10.6189 0
    endloop
  endfacet
  facet normal -0 0 -1
    outer loop
      vertex 91.9433 10.6189 0
      vertex 88.2122 10.0311 0
      vertex 88.4433 10.6189 0
    endloop
  endfacet
  facet normal 0 0 -1
    outer loop
      vertex 84.4811 10.6189 0
      vertex 88.4433 10.6189 0
      vertex 88.2122 10.0311 0
    endloop
  endfacet
  facet normal 0 0 -1
    outer loop
      vertex 88.4433 10.6189 0
      vertex 84.4811 10.6189 0
      vertex 86.6933 13.65 0
    endloop
  endfacet
  facet normal 0 0 -1
    outer loop
      vertex 84.4811 10.6189 0
      vertex 88.2122 10.0311 0
      vertex 84.7122 10.0311 0
    endloop
  endfacet
  facet normal -0 0 -1
    outer loop
      vertex 86.6933 13.65 0
      vertex 84.4811 10.6189 0
      vertex 86.2311 13.65 0
    endloop
  endfacet
  facet normal 0 0 -1
    outer loop
      vertex 80.9811 10.6189 0
      vertex 84.7122 10.0311 0
      vertex 82.9622 7 0
    endloop
  endfacet
  facet normal 0 0 -1
    outer loop
      vertex 84.7122 10.0311 0
      vertex 80.9811 10.6189 0
      vertex 84.4811 10.6189 0
    endloop
  endfacet
  facet normal 0 0 -1
    outer loop
      vertex 127.273 20.3 0
      vertex 132 0 0
      vertex 127.273 7 0
    endloop
  endfacet
  facet normal 0 0 -1
    outer loop
      vertex 132 0 0
      vertex 125.523 3.96891 0
      vertex 127.273 7 0
    endloop
  endfacet
  facet normal 0 0 -1
    outer loop
      vertex 132 0 0
      vertex 122.023 3.96891 0
      vertex 125.523 3.96891 0
    endloop
  endfacet
  facet normal 0 0 -1
    outer loop
      vertex 122.023 3.96891 0
      vertex 119.811 7 0
      vertex 120.273 7 0
    endloop
  endfacet
  facet normal 0 0 -1
    outer loop
      vertex 122.023 3.96891 0
      vertex 118.061 3.96891 0
      vertex 119.811 7 0
    endloop
  endfacet
  facet normal 0 0 -1
    outer loop
      vertex 132 0 0
      vertex 118.061 3.96891 0
      vertex 122.023 3.96891 0
    endloop
  endfacet
  facet normal 0 0 -1
    outer loop
      vertex 132 0 0
      vertex 114.561 3.96891 0
      vertex 118.061 3.96891 0
    endloop
  endfacet
  facet normal 0 0 -1
    outer loop
      vertex 114.561 3.96891 0
      vertex 112.349 7 0
      vertex 112.811 7 0
    endloop
  endfacet
  facet normal 0 0 -1
    outer loop
      vertex 114.561 3.96891 0
      vertex 110.599 3.96891 0
      vertex 112.349 7 0
    endloop
  endfacet
  facet normal 0 0 -1
    outer loop
      vertex 132 0 0
      vertex 110.599 3.96891 0
      vertex 114.561 3.96891 0
    endloop
  endfacet
  facet normal 0 0 -1
    outer loop
      vertex 132 0 0
      vertex 107.099 3.96891 0
      vertex 110.599 3.96891 0
    endloop
  endfacet
  facet normal 0 0 -1
    outer loop
      vertex 107.099 3.96891 0
      vertex 104.887 7 0
      vertex 105.349 7 0
    endloop
  endfacet
  facet normal 0 0 -1
    outer loop
      vertex 107.099 3.96891 0
      vertex 103.137 3.96891 0
      vertex 104.887 7 0
    endloop
  endfacet
  facet normal 0 0 -1
    outer loop
      vertex 132 0 0
      vertex 103.137 3.96891 0
      vertex 107.099 3.96891 0
    endloop
  endfacet
  facet normal 0 0 -1
    outer loop
      vertex 132 0 0
      vertex 99.6365 3.96891 0
      vertex 103.137 3.96891 0
    endloop
  endfacet
  facet normal 0 0 -1
    outer loop
      vertex 99.6365 3.96891 0
      vertex 97.4244 7 0
      vertex 97.8865 7 0
    endloop
  endfacet
  facet normal 0 0 -1
    outer loop
      vertex 99.6365 3.96891 0
      vertex 95.6744 3.96891 0
      vertex 97.4244 7 0
    endloop
  endfacet
  facet normal 0 0 -1
    outer loop
      vertex 72 0 0
      vertex 99.6365 3.96891 0
      vertex 132 0 0
    endloop
  endfacet
  facet normal -0 0 -1
    outer loop
      vertex 99.6365 3.96891 0
      vertex 72 0 0
      vertex 95.6744 3.96891 0
    endloop
  endfacet
  facet normal 0 0 -1
    outer loop
      vertex 92.1744 3.96891 0
      vertex 89.9622 7 0
      vertex 90.4244 7 0
    endloop
  endfacet
  facet normal 0 0 -1
    outer loop
      vertex 92.1744 3.96891 0
      vertex 88.2122 3.96891 0
      vertex 89.9622 7 0
    endloop
  endfacet
  facet normal -0 0 -1
    outer loop
      vertex 95.6744 3.96891 0
      vertex 72 0 0
      vertex 92.1744 3.96891 0
    endloop
  endfacet
  facet normal -0 0 -1
    outer loop
      vertex 92.1744 3.96891 0
      vertex 72 0 0
      vertex 88.2122 3.96891 0
    endloop
  endfacet
  facet normal 0 0 -1
    outer loop
      vertex 72 0 0
      vertex 80.9811 10.6189 0
      vertex 82.9622 7 0
    endloop
  endfacet
  facet normal 0 0 -1
    outer loop
      vertex 72 0 0
      vertex 79.2311 26.95 0
      vertex 79.2311 13.65 0
    endloop
  endfacet
  facet normal -0 0 -1
    outer loop
      vertex 79.2311 26.95 0
      vertex 72 0 0
      vertex 79.2311 40.25 0
    endloop
  endfacet
  facet normal 0 0 -1
    outer loop
      vertex 72 75 0
      vertex 79.2311 40.25 0
      vertex 72 0 0
    endloop
  endfacet
  facet normal -0 0 -1
    outer loop
      vertex 80.9811 10.6189 0
      vertex 72 0 0
      vertex 79.2311 13.65 0
    endloop
  endfacet
  facet normal -0 0 -1
    outer loop
      vertex 84.7122 3.96891 0
      vertex 72 0 0
      vertex 82.9622 7 0
    endloop
  endfacet
  facet normal -0 0 -1
    outer loop
      vertex 88.2122 3.96891 0
      vertex 72 0 0
      vertex 84.7122 3.96891 0
    endloop
  endfacet
  facet normal 0 0 -1
    outer loop
      vertex 127.273 33.6 0
      vertex 132 0 0
      vertex 127.273 20.3 0
    endloop
  endfacet
  facet normal 0 0 -1
    outer loop
      vertex 132 0 0
      vertex 127.273 33.6 0
      vertex 132 75 0
    endloop
  endfacet
  facet normal 0 0 -1
    outer loop
      vertex 127.273 46.9 0
      vertex 132 75 0
      vertex 127.273 33.6 0
    endloop
  endfacet
  facet normal 0 0 -1
    outer loop
      vertex 127.273 60.2 0
      vertex 132 75 0
      vertex 127.273 46.9 0
    endloop
  endfacet
  facet normal 0 0 -1
    outer loop
      vertex 127.273 66.85 0
      vertex 132 75 0
      vertex 127.273 60.2 0
    endloop
  endfacet
  facet normal 0 0 -1
    outer loop
      vertex 125.523 69.8811 0
      vertex 132 75 0
      vertex 127.273 66.85 0
    endloop
  endfacet
  facet normal 0 0 -1
    outer loop
      vertex 122.023 69.8811 0
      vertex 132 75 0
      vertex 125.523 69.8811 0
    endloop
  endfacet
  facet normal 0 0 -1
    outer loop
      vertex 122.023 63.8189 0
      vertex 119.811 66.85 0
      vertex 120.273 66.85 0
    endloop
  endfacet
  facet normal 0 0 -1
    outer loop
      vertex 119.811 66.85 0
      vertex 122.023 69.8811 0
      vertex 120.273 66.85 0
    endloop
  endfacet
  facet normal 0 0 -1
    outer loop
      vertex 118.061 69.8811 0
      vertex 122.023 69.8811 0
      vertex 119.811 66.85 0
    endloop
  endfacet
  facet normal 0 0 -1
    outer loop
      vertex 118.061 69.8811 0
      vertex 132 75 0
      vertex 122.023 69.8811 0
    endloop
  endfacet
  facet normal 0 0 -1
    outer loop
      vertex 114.561 69.8811 0
      vertex 132 75 0
      vertex 118.061 69.8811 0
    endloop
  endfacet
  facet normal 0 0 -1
    outer loop
      vertex 114.561 63.8189 0
      vertex 112.349 66.85 0
      vertex 112.811 66.85 0
    endloop
  endfacet
  facet normal 0 0 -1
    outer loop
      vertex 112.349 66.85 0
      vertex 114.561 69.8811 0
      vertex 112.811 66.85 0
    endloop
  endfacet
  facet normal 0 0 -1
    outer loop
      vertex 110.599 69.8811 0
      vertex 114.561 69.8811 0
      vertex 112.349 66.85 0
    endloop
  endfacet
  facet normal 0 0 -1
    outer loop
      vertex 110.599 69.8811 0
      vertex 132 75 0
      vertex 114.561 69.8811 0
    endloop
  endfacet
  facet normal 0 0 -1
    outer loop
      vertex 107.099 69.8811 0
      vertex 132 75 0
      vertex 110.599 69.8811 0
    endloop
  endfacet
  facet normal 0 0 -1
    outer loop
      vertex 107.099 63.8189 0
      vertex 104.887 66.85 0
      vertex 105.349 66.85 0
    endloop
  endfacet
  facet normal 0 0 -1
    outer loop
      vertex 104.887 66.85 0
      vertex 107.099 69.8811 0
      vertex 105.349 66.85 0
    endloop
  endfacet
  facet normal 0 0 -1
    outer loop
      vertex 103.137 69.8811 0
      vertex 107.099 69.8811 0
      vertex 104.887 66.85 0
    endloop
  endfacet
  facet normal 0 0 -1
    outer loop
      vertex 103.137 69.8811 0
      vertex 132 75 0
      vertex 107.099 69.8811 0
    endloop
  endfacet
  facet normal 0 0 -1
    outer loop
      vertex 99.6365 69.8811 0
      vertex 132 75 0
      vertex 103.137 69.8811 0
    endloop
  endfacet
  facet normal 0 0 -1
    outer loop
      vertex 99.6365 63.8189 0
      vertex 97.4244 66.85 0
      vertex 97.8865 66.85 0
    endloop
  endfacet
  facet normal 0 0 -1
    outer loop
      vertex 97.4244 66.85 0
      vertex 99.6365 69.8811 0
      vertex 97.8865 66.85 0
    endloop
  endfacet
  facet normal 0 0 -1
    outer loop
      vertex 95.6744 69.8811 0
      vertex 99.6365 69.8811 0
      vertex 97.4244 66.85 0
    endloop
  endfacet
  facet normal 0 0 -1
    outer loop
      vertex 72 75 0
      vertex 99.6365 69.8811 0
      vertex 95.6744 69.8811 0
    endloop
  endfacet
  facet normal 0 0 -1
    outer loop
      vertex 72 75 0
      vertex 95.6744 69.8811 0
      vertex 92.1744 69.8811 0
    endloop
  endfacet
  facet normal 0 0 -1
    outer loop
      vertex 92.1744 63.8189 0
      vertex 89.9622 66.85 0
      vertex 90.4244 66.85 0
    endloop
  endfacet
  facet normal 0 0 -1
    outer loop
      vertex 89.9622 66.85 0
      vertex 92.1744 69.8811 0
      vertex 90.4244 66.85 0
    endloop
  endfacet
  facet normal 0 0 -1
    outer loop
      vertex 88.2122 69.8811 0
      vertex 92.1744 69.8811 0
      vertex 89.9622 66.85 0
    endloop
  endfacet
  facet normal 0 0 -1
    outer loop
      vertex 72 75 0
      vertex 92.1744 69.8811 0
      vertex 88.2122 69.8811 0
    endloop
  endfacet
  facet normal 0 0 -1
    outer loop
      vertex 72 75 0
      vertex 88.2122 69.8811 0
      vertex 84.7122 69.8811 0
    endloop
  endfacet
  facet normal 0 0 -1
    outer loop
      vertex 72 75 0
      vertex 80.9811 56.5811 0
      vertex 79.2311 53.55 0
    endloop
  endfacet
  facet normal 0 0 -1
    outer loop
      vertex 99.6365 69.8811 0
      vertex 72 75 0
      vertex 132 75 0
    endloop
  endfacet
  facet normal 0 0 -1
    outer loop
      vertex 82.9622 66.85 0
      vertex 72 75 0
      vertex 84.7122 69.8811 0
    endloop
  endfacet
  facet normal 0 0 -1
    outer loop
      vertex 80.9811 56.5811 0
      vertex 72 75 0
      vertex 82.9622 66.85 0
    endloop
  endfacet
  facet normal 0 0 -1
    outer loop
      vertex 79.2311 40.25 0
      vertex 72 75 0
      vertex 79.2311 53.55 0
    endloop
  endfacet
  facet normal 0 0 -1
    outer loop
      vertex 121.792 16.6811 0
      vertex 125.523 17.2689 0
      vertex 123.542 13.65 0
    endloop
  endfacet
  facet normal -0 0 -1
    outer loop
      vertex 125.523 17.2689 0
      vertex 121.792 16.6811 0
      vertex 122.023 17.2689 0
    endloop
  endfacet
  facet normal 0 0 -1
    outer loop
      vertex 118.061 17.2689 0
      vertex 122.023 17.2689 0
      vertex 121.792 16.6811 0
    endloop
  endfacet
  facet normal 0 0 -1
    outer loop
      vertex 122.023 17.2689 0
      vertex 118.061 17.2689 0
      vertex 120.273 20.3 0
    endloop
  endfacet
  facet normal 0 0 -1
    outer loop
      vertex 118.061 17.2689 0
      vertex 121.792 16.6811 0
      vertex 118.292 16.6811 0
    endloop
  endfacet
  facet normal -0 0 -1
    outer loop
      vertex 120.273 20.3 0
      vertex 118.061 17.2689 0
      vertex 119.811 20.3 0
    endloop
  endfacet
  facet normal 0 0 -1
    outer loop
      vertex 114.33 16.6811 0
      vertex 118.292 16.6811 0
      vertex 116.542 13.65 0
    endloop
  endfacet
  facet normal 0 0 -1
    outer loop
      vertex 114.33 16.6811 0
      vertex 116.542 13.65 0
      vertex 116.08 13.65 0
    endloop
  endfacet
  facet normal 0 0 -1
    outer loop
      vertex 118.292 16.6811 0
      vertex 114.33 16.6811 0
      vertex 118.061 17.2689 0
    endloop
  endfacet
  facet normal -0 0 -1
    outer loop
      vertex 118.061 17.2689 0
      vertex 114.33 16.6811 0
      vertex 114.561 17.2689 0
    endloop
  endfacet
  facet normal 0 0 -1
    outer loop
      vertex 110.599 17.2689 0
      vertex 114.561 17.2689 0
      vertex 114.33 16.6811 0
    endloop
  endfacet
  facet normal 0 0 -1
    outer loop
      vertex 114.561 17.2689 0
      vertex 110.599 17.2689 0
      vertex 112.811 20.3 0
    endloop
  endfacet
  facet normal 0 0 -1
    outer loop
      vertex 110.599 17.2689 0
      vertex 114.33 16.6811 0
      vertex 110.83 16.6811 0
    endloop
  endfacet
  facet normal -0 0 -1
    outer loop
      vertex 112.811 20.3 0
      vertex 110.599 17.2689 0
      vertex 112.349 20.3 0
    endloop
  endfacet
  facet normal 0 0 -1
    outer loop
      vertex 106.868 16.6811 0
      vertex 110.83 16.6811 0
      vertex 109.08 13.65 0
    endloop
  endfacet
  facet normal 0 0 -1
    outer loop
      vertex 106.868 16.6811 0
      vertex 109.08 13.65 0
      vertex 108.618 13.65 0
    endloop
  endfacet
  facet normal 0 0 -1
    outer loop
      vertex 110.83 16.6811 0
      vertex 106.868 16.6811 0
      vertex 110.599 17.2689 0
    endloop
  endfacet
  facet normal -0 0 -1
    outer loop
      vertex 110.599 17.2689 0
      vertex 106.868 16.6811 0
      vertex 107.099 17.2689 0
    endloop
  endfacet
  facet normal 0 0 -1
    outer loop
      vertex 103.137 17.2689 0
      vertex 107.099 17.2689 0
      vertex 106.868 16.6811 0
    endloop
  endfacet
  facet normal 0 0 -1
    outer loop
      vertex 107.099 17.2689 0
      vertex 103.137 17.2689 0
      vertex 105.349 20.3 0
    endloop
  endfacet
  facet normal 0 0 -1
    outer loop
      vertex 103.137 17.2689 0
      vertex 106.868 16.6811 0
      vertex 103.368 16.6811 0
    endloop
  endfacet
  facet normal -0 0 -1
    outer loop
      vertex 105.349 20.3 0
      vertex 103.137 17.2689 0
      vertex 104.887 20.3 0
    endloop
  endfacet
  facet normal 0 0 -1
    outer loop
      vertex 99.4054 16.6811 0
      vertex 103.368 16.6811 0
      vertex 101.618 13.65 0
    endloop
  endfacet
  facet normal 0 0 -1
    outer loop
      vertex 99.4054 16.6811 0
      vertex 101.618 13.65 0
      vertex 101.155 13.65 0
    endloop
  endfacet
  facet normal 0 0 -1
    outer loop
      vertex 103.368 16.6811 0
      vertex 99.4054 16.6811 0
      vertex 103.137 17.2689 0
    endloop
  endfacet
  facet normal -0 0 -1
    outer loop
      vertex 103.137 17.2689 0
      vertex 99.4054 16.6811 0
      vertex 99.6365 17.2689 0
    endloop
  endfacet
  facet normal 0 0 -1
    outer loop
      vertex 95.6744 17.2689 0
      vertex 99.6365 17.2689 0
      vertex 99.4054 16.6811 0
    endloop
  endfacet
  facet normal 0 0 -1
    outer loop
      vertex 99.6365 17.2689 0
      vertex 95.6744 17.2689 0
      vertex 97.8865 20.3 0
    endloop
  endfacet
  facet normal 0 0 -1
    outer loop
      vertex 95.6744 17.2689 0
      vertex 99.4054 16.6811 0
      vertex 95.9054 16.6811 0
    endloop
  endfacet
  facet normal -0 0 -1
    outer loop
      vertex 97.8865 20.3 0
      vertex 95.6744 17.2689 0
      vertex 97.4244 20.3 0
    endloop
  endfacet
  facet normal 0 0 -1
    outer loop
      vertex 91.9433 16.6811 0
      vertex 95.9054 16.6811 0
      vertex 94.1554 13.65 0
    endloop
  endfacet
  facet normal 0 0 -1
    outer loop
      vertex 91.9433 16.6811 0
      vertex 94.1554 13.65 0
      vertex 93.6933 13.65 0
    endloop
  endfacet
  facet normal 0 0 -1
    outer loop
      vertex 95.9054 16.6811 0
      vertex 91.9433 16.6811 0
      vertex 95.6744 17.2689 0
    endloop
  endfacet
  facet normal -0 0 -1
    outer loop
      vertex 95.6744 17.2689 0
      vertex 91.9433 16.6811 0
      vertex 92.1744 17.2689 0
    endloop
  endfacet
  facet normal 0 0 -1
    outer loop
      vertex 88.2122 17.2689 0
      vertex 92.1744 17.2689 0
      vertex 91.9433 16.6811 0
    endloop
  endfacet
  facet normal 0 0 -1
    outer loop
      vertex 92.1744 17.2689 0
      vertex 88.2122 17.2689 0
      vertex 90.4244 20.3 0
    endloop
  endfacet
  facet normal 0 0 -1
    outer loop
      vertex 88.2122 17.2689 0
      vertex 91.9433 16.6811 0
      vertex 88.4433 16.6811 0
    endloop
  endfacet
  facet normal -0 0 -1
    outer loop
      vertex 90.4244 20.3 0
      vertex 88.2122 17.2689 0
      vertex 89.9622 20.3 0
    endloop
  endfacet
  facet normal 0 0 -1
    outer loop
      vertex 84.4811 16.6811 0
      vertex 88.4433 16.6811 0
      vertex 86.6933 13.65 0
    endloop
  endfacet
  facet normal 0 0 -1
    outer loop
      vertex 84.4811 16.6811 0
      vertex 86.6933 13.65 0
      vertex 86.2311 13.65 0
    endloop
  endfacet
  facet normal 0 0 -1
    outer loop
      vertex 88.4433 16.6811 0
      vertex 84.4811 16.6811 0
      vertex 88.2122 17.2689 0
    endloop
  endfacet
  facet normal -0 0 -1
    outer loop
      vertex 88.2122 17.2689 0
      vertex 84.4811 16.6811 0
      vertex 84.7122 17.2689 0
    endloop
  endfacet
  facet normal 0 0 -1
    outer loop
      vertex 80.9811 16.6811 0
      vertex 84.7122 17.2689 0
      vertex 84.4811 16.6811 0
    endloop
  endfacet
  facet normal -0 0 -1
    outer loop
      vertex 84.7122 17.2689 0
      vertex 80.9811 16.6811 0
      vertex 82.9622 20.3 0
    endloop
  endfacet
  facet normal 0 0 -1
    outer loop
      vertex 121.792 29.9811 0
      vertex 125.523 30.5689 0
      vertex 123.542 26.95 0
    endloop
  endfacet
  facet normal -0 0 -1
    outer loop
      vertex 125.523 30.5689 0
      vertex 121.792 29.9811 0
      vertex 122.023 30.5689 0
    endloop
  endfacet
  facet normal 0 0 -1
    outer loop
      vertex 118.061 30.5689 0
      vertex 122.023 30.5689 0
      vertex 121.792 29.9811 0
    endloop
  endfacet
  facet normal 0 0 -1
    outer loop
      vertex 122.023 30.5689 0
      vertex 118.061 30.5689 0
      vertex 120.273 33.6 0
    endloop
  endfacet
  facet normal 0 0 -1
    outer loop
      vertex 118.061 30.5689 0
      vertex 121.792 29.9811 0
      vertex 118.292 29.9811 0
    endloop
  endfacet
  facet normal -0 0 -1
    outer loop
      vertex 120.273 33.6 0
      vertex 118.061 30.5689 0
      vertex 119.811 33.6 0
    endloop
  endfacet
  facet normal 0 0 -1
    outer loop
      vertex 114.33 29.9811 0
      vertex 118.292 29.9811 0
      vertex 116.542 26.95 0
    endloop
  endfacet
  facet normal 0 0 -1
    outer loop
      vertex 114.33 29.9811 0
      vertex 116.542 26.95 0
      vertex 116.08 26.95 0
    endloop
  endfacet
  facet normal 0 0 -1
    outer loop
      vertex 118.292 29.9811 0
      vertex 114.33 29.9811 0
      vertex 118.061 30.5689 0
    endloop
  endfacet
  facet normal -0 0 -1
    outer loop
      vertex 118.061 30.5689 0
      vertex 114.33 29.9811 0
      vertex 114.561 30.5689 0
    endloop
  endfacet
  facet normal 0 0 -1
    outer loop
      vertex 110.599 30.5689 0
      vertex 114.561 30.5689 0
      vertex 114.33 29.9811 0
    endloop
  endfacet
  facet normal 0 0 -1
    outer loop
      vertex 114.561 30.5689 0
      vertex 110.599 30.5689 0
      vertex 112.811 33.6 0
    endloop
  endfacet
  facet normal 0 0 -1
    outer loop
      vertex 110.599 30.5689 0
      vertex 114.33 29.9811 0
      vertex 110.83 29.9811 0
    endloop
  endfacet
  facet normal -0 0 -1
    outer loop
      vertex 112.811 33.6 0
      vertex 110.599 30.5689 0
      vertex 112.349 33.6 0
    endloop
  endfacet
  facet normal 0 0 -1
    outer loop
      vertex 106.868 29.9811 0
      vertex 110.83 29.9811 0
      vertex 109.08 26.95 0
    endloop
  endfacet
  facet normal 0 0 -1
    outer loop
      vertex 106.868 29.9811 0
      vertex 109.08 26.95 0
      vertex 108.618 26.95 0
    endloop
  endfacet
  facet normal 0 0 -1
    outer loop
      vertex 110.83 29.9811 0
      vertex 106.868 29.9811 0
      vertex 110.599 30.5689 0
    endloop
  endfacet
  facet normal -0 0 -1
    outer loop
      vertex 110.599 30.5689 0
      vertex 106.868 29.9811 0
      vertex 107.099 30.5689 0
    endloop
  endfacet
  facet normal 0 0 -1
    outer loop
      vertex 103.137 30.5689 0
      vertex 107.099 30.5689 0
      vertex 106.868 29.9811 0
    endloop
  endfacet
  facet normal 0 0 -1
    outer loop
      vertex 107.099 30.5689 0
      vertex 103.137 30.5689 0
      vertex 105.349 33.6 0
    endloop
  endfacet
  facet normal 0 0 -1
    outer loop
      vertex 103.137 30.5689 0
      vertex 106.868 29.9811 0
      vertex 103.368 29.9811 0
    endloop
  endfacet
  facet normal -0 0 -1
    outer loop
      vertex 105.349 33.6 0
      vertex 103.137 30.5689 0
      vertex 104.887 33.6 0
    endloop
  endfacet
  facet normal 0 0 -1
    outer loop
      vertex 99.4054 29.9811 0
      vertex 103.368 29.9811 0
      vertex 101.618 26.95 0
    endloop
  endfacet
  facet normal 0 0 -1
    outer loop
      vertex 99.4054 29.9811 0
      vertex 101.618 26.95 0
      vertex 101.155 26.95 0
    endloop
  endfacet
  facet normal 0 0 -1
    outer loop
      vertex 103.368 29.9811 0
      vertex 99.4054 29.9811 0
      vertex 103.137 30.5689 0
    endloop
  endfacet
  facet normal -0 0 -1
    outer loop
      vertex 103.137 30.5689 0
      vertex 99.4054 29.9811 0
      vertex 99.6365 30.5689 0
    endloop
  endfacet
  facet normal 0 0 -1
    outer loop
      vertex 95.6744 30.5689 0
      vertex 99.6365 30.5689 0
      vertex 99.4054 29.9811 0
    endloop
  endfacet
  facet normal 0 0 -1
    outer loop
      vertex 99.6365 30.5689 0
      vertex 95.6744 30.5689 0
      vertex 97.8865 33.6 0
    endloop
  endfacet
  facet normal 0 0 -1
    outer loop
      vertex 95.6744 30.5689 0
      vertex 99.4054 29.9811 0
      vertex 95.9054 29.9811 0
    endloop
  endfacet
  facet normal -0 0 -1
    outer loop
      vertex 97.8865 33.6 0
      vertex 95.6744 30.5689 0
      vertex 97.4244 33.6 0
    endloop
  endfacet
  facet normal 0 0 -1
    outer loop
      vertex 91.9433 29.9811 0
      vertex 95.9054 29.9811 0
      vertex 94.1554 26.95 0
    endloop
  endfacet
  facet normal 0 0 -1
    outer loop
      vertex 91.9433 29.9811 0
      vertex 94.1554 26.95 0
      vertex 93.6933 26.95 0
    endloop
  endfacet
  facet normal 0 0 -1
    outer loop
      vertex 95.9054 29.9811 0
      vertex 91.9433 29.9811 0
      vertex 95.6744 30.5689 0
    endloop
  endfacet
  facet normal -0 0 -1
    outer loop
      vertex 95.6744 30.5689 0
      vertex 91.9433 29.9811 0
      vertex 92.1744 30.5689 0
    endloop
  endfacet
  facet normal 0 0 -1
    outer loop
      vertex 88.2122 30.5689 0
      vertex 92.1744 30.5689 0
      vertex 91.9433 29.9811 0
    endloop
  endfacet
  facet normal 0 0 -1
    outer loop
      vertex 92.1744 30.5689 0
      vertex 88.2122 30.5689 0
      vertex 90.4244 33.6 0
    endloop
  endfacet
  facet normal 0 0 -1
    outer loop
      vertex 88.2122 30.5689 0
      vertex 91.9433 29.9811 0
      vertex 88.4433 29.9811 0
    endloop
  endfacet
  facet normal -0 0 -1
    outer loop
      vertex 90.4244 33.6 0
      vertex 88.2122 30.5689 0
      vertex 89.9622 33.6 0
    endloop
  endfacet
  facet normal 0 0 -1
    outer loop
      vertex 84.4811 29.9811 0
      vertex 88.4433 29.9811 0
      vertex 86.6933 26.95 0
    endloop
  endfacet
  facet normal 0 0 -1
    outer loop
      vertex 84.4811 29.9811 0
      vertex 86.6933 26.95 0
      vertex 86.2311 26.95 0
    endloop
  endfacet
  facet normal 0 0 -1
    outer loop
      vertex 88.4433 29.9811 0
      vertex 84.4811 29.9811 0
      vertex 88.2122 30.5689 0
    endloop
  endfacet
  facet normal -0 0 -1
    outer loop
      vertex 88.2122 30.5689 0
      vertex 84.4811 29.9811 0
      vertex 84.7122 30.5689 0
    endloop
  endfacet
  facet normal 0 0 -1
    outer loop
      vertex 80.9811 29.9811 0
      vertex 84.7122 30.5689 0
      vertex 84.4811 29.9811 0
    endloop
  endfacet
  facet normal -0 0 -1
    outer loop
      vertex 84.7122 30.5689 0
      vertex 80.9811 29.9811 0
      vertex 82.9622 33.6 0
    endloop
  endfacet
  facet normal 0 0 -1
    outer loop
      vertex 121.792 43.2811 0
      vertex 125.523 43.8689 0
      vertex 123.542 40.25 0
    endloop
  endfacet
  facet normal -0 0 -1
    outer loop
      vertex 125.523 43.8689 0
      vertex 121.792 43.2811 0
      vertex 122.023 43.8689 0
    endloop
  endfacet
  facet normal 0 0 -1
    outer loop
      vertex 118.061 43.8689 0
      vertex 122.023 43.8689 0
      vertex 121.792 43.2811 0
    endloop
  endfacet
  facet normal 0 0 -1
    outer loop
      vertex 122.023 43.8689 0
      vertex 118.061 43.8689 0
      vertex 120.273 46.9 0
    endloop
  endfacet
  facet normal 0 0 -1
    outer loop
      vertex 118.061 43.8689 0
      vertex 121.792 43.2811 0
      vertex 118.292 43.2811 0
    endloop
  endfacet
  facet normal -0 0 -1
    outer loop
      vertex 120.273 46.9 0
      vertex 118.061 43.8689 0
      vertex 119.811 46.9 0
    endloop
  endfacet
  facet normal 0 0 -1
    outer loop
      vertex 114.33 43.2811 0
      vertex 118.292 43.2811 0
      vertex 116.542 40.25 0
    endloop
  endfacet
  facet normal 0 0 -1
    outer loop
      vertex 114.33 43.2811 0
      vertex 116.542 40.25 0
      vertex 116.08 40.25 0
    endloop
  endfacet
  facet normal 0 0 -1
    outer loop
      vertex 118.292 43.2811 0
      vertex 114.33 43.2811 0
      vertex 118.061 43.8689 0
    endloop
  endfacet
  facet normal -0 0 -1
    outer loop
      vertex 118.061 43.8689 0
      vertex 114.33 43.2811 0
      vertex 114.561 43.8689 0
    endloop
  endfacet
  facet normal 0 0 -1
    outer loop
      vertex 110.599 43.8689 0
      vertex 114.561 43.8689 0
      vertex 114.33 43.2811 0
    endloop
  endfacet
  facet normal 0 0 -1
    outer loop
      vertex 114.561 43.8689 0
      vertex 110.599 43.8689 0
      vertex 112.811 46.9 0
    endloop
  endfacet
  facet normal 0 0 -1
    outer loop
      vertex 110.599 43.8689 0
      vertex 114.33 43.2811 0
      vertex 110.83 43.2811 0
    endloop
  endfacet
  facet normal -0 0 -1
    outer loop
      vertex 112.811 46.9 0
      vertex 110.599 43.8689 0
      vertex 112.349 46.9 0
    endloop
  endfacet
  facet normal 0 0 -1
    outer loop
      vertex 106.868 43.2811 0
      vertex 110.83 43.2811 0
      vertex 109.08 40.25 0
    endloop
  endfacet
  facet normal 0 0 -1
    outer loop
      vertex 106.868 43.2811 0
      vertex 109.08 40.25 0
      vertex 108.618 40.25 0
    endloop
  endfacet
  facet normal 0 0 -1
    outer loop
      vertex 110.83 43.2811 0
      vertex 106.868 43.2811 0
      vertex 110.599 43.8689 0
    endloop
  endfacet
  facet normal -0 0 -1
    outer loop
      vertex 110.599 43.8689 0
      vertex 106.868 43.2811 0
      vertex 107.099 43.8689 0
    endloop
  endfacet
  facet normal 0 0 -1
    outer loop
      vertex 103.137 43.8689 0
      vertex 107.099 43.8689 0
      vertex 106.868 43.2811 0
    endloop
  endfacet
  facet normal 0 0 -1
    outer loop
      vertex 107.099 43.8689 0
      vertex 103.137 43.8689 0
      vertex 105.349 46.9 0
    endloop
  endfacet
  facet normal 0 0 -1
    outer loop
      vertex 103.137 43.8689 0
      vertex 106.868 43.2811 0
      vertex 103.368 43.2811 0
    endloop
  endfacet
  facet normal -0 0 -1
    outer loop
      vertex 105.349 46.9 0
      vertex 103.137 43.8689 0
      vertex 104.887 46.9 0
    endloop
  endfacet
  facet normal 0 0 -1
    outer loop
      vertex 99.4054 43.2811 0
      vertex 103.368 43.2811 0
      vertex 101.618 40.25 0
    endloop
  endfacet
  facet normal 0 0 -1
    outer loop
      vertex 99.4054 43.2811 0
      vertex 101.618 40.25 0
      vertex 101.155 40.25 0
    endloop
  endfacet
  facet normal 0 0 -1
    outer loop
      vertex 103.368 43.2811 0
      vertex 99.4054 43.2811 0
      vertex 103.137 43.8689 0
    endloop
  endfacet
  facet normal -0 0 -1
    outer loop
      vertex 103.137 43.8689 0
      vertex 99.4054 43.2811 0
      vertex 99.6365 43.8689 0
    endloop
  endfacet
  facet normal 0 0 -1
    outer loop
      vertex 95.6744 43.8689 0
      vertex 99.6365 43.8689 0
      vertex 99.4054 43.2811 0
    endloop
  endfacet
  facet normal 0 0 -1
    outer loop
      vertex 99.6365 43.8689 0
      vertex 95.6744 43.8689 0
      vertex 97.8865 46.9 0
    endloop
  endfacet
  facet normal 0 0 -1
    outer loop
      vertex 95.6744 43.8689 0
      vertex 99.4054 43.2811 0
      vertex 95.9054 43.2811 0
    endloop
  endfacet
  facet normal -0 0 -1
    outer loop
      vertex 97.8865 46.9 0
      vertex 95.6744 43.8689 0
      vertex 97.4244 46.9 0
    endloop
  endfacet
  facet normal 0 0 -1
    outer loop
      vertex 91.9433 43.2811 0
      vertex 95.9054 43.2811 0
      vertex 94.1554 40.25 0
    endloop
  endfacet
  facet normal 0 0 -1
    outer loop
      vertex 91.9433 43.2811 0
      vertex 94.1554 40.25 0
      vertex 93.6933 40.25 0
    endloop
  endfacet
  facet normal 0 0 -1
    outer loop
      vertex 95.9054 43.2811 0
      vertex 91.9433 43.2811 0
      vertex 95.6744 43.8689 0
    endloop
  endfacet
  facet normal -0 0 -1
    outer loop
      vertex 95.6744 43.8689 0
      vertex 91.9433 43.2811 0
      vertex 92.1744 43.8689 0
    endloop
  endfacet
  facet normal 0 0 -1
    outer loop
      vertex 88.2122 43.8689 0
      vertex 92.1744 43.8689 0
      vertex 91.9433 43.2811 0
    endloop
  endfacet
  facet normal 0 0 -1
    outer loop
      vertex 92.1744 43.8689 0
      vertex 88.2122 43.8689 0
      vertex 90.4244 46.9 0
    endloop
  endfacet
  facet normal 0 0 -1
    outer loop
      vertex 88.2122 43.8689 0
      vertex 91.9433 43.2811 0
      vertex 88.4433 43.2811 0
    endloop
  endfacet
  facet normal -0 0 -1
    outer loop
      vertex 90.4244 46.9 0
      vertex 88.2122 43.8689 0
      vertex 89.9622 46.9 0
    endloop
  endfacet
  facet normal 0 0 -1
    outer loop
      vertex 84.4811 43.2811 0
      vertex 88.4433 43.2811 0
      vertex 86.6933 40.25 0
    endloop
  endfacet
  facet normal 0 0 -1
    outer loop
      vertex 84.4811 43.2811 0
      vertex 86.6933 40.25 0
      vertex 86.2311 40.25 0
    endloop
  endfacet
  facet normal 0 0 -1
    outer loop
      vertex 88.4433 43.2811 0
      vertex 84.4811 43.2811 0
      vertex 88.2122 43.8689 0
    endloop
  endfacet
  facet normal -0 0 -1
    outer loop
      vertex 88.2122 43.8689 0
      vertex 84.4811 43.2811 0
      vertex 84.7122 43.8689 0
    endloop
  endfacet
  facet normal 0 0 -1
    outer loop
      vertex 80.9811 43.2811 0
      vertex 84.7122 43.8689 0
      vertex 84.4811 43.2811 0
    endloop
  endfacet
  facet normal -0 0 -1
    outer loop
      vertex 84.7122 43.8689 0
      vertex 80.9811 43.2811 0
      vertex 82.9622 46.9 0
    endloop
  endfacet
  facet normal 0 0 -1
    outer loop
      vertex 121.792 56.5811 0
      vertex 125.523 57.1689 0
      vertex 123.542 53.55 0
    endloop
  endfacet
  facet normal -0 0 -1
    outer loop
      vertex 125.523 57.1689 0
      vertex 121.792 56.5811 0
      vertex 122.023 57.1689 0
    endloop
  endfacet
  facet normal 0 0 -1
    outer loop
      vertex 118.061 57.1689 0
      vertex 122.023 57.1689 0
      vertex 121.792 56.5811 0
    endloop
  endfacet
  facet normal 0 0 -1
    outer loop
      vertex 122.023 63.2311 0
      vertex 118.061 63.2311 0
      vertex 122.023 63.8189 0
    endloop
  endfacet
  facet normal 0 0 -1
    outer loop
      vertex 122.023 57.1689 0
      vertex 118.061 57.1689 0
      vertex 120.273 60.2 0
    endloop
  endfacet
  facet normal 0 0 -1
    outer loop
      vertex 118.061 57.1689 0
      vertex 121.792 56.5811 0
      vertex 118.292 56.5811 0
    endloop
  endfacet
  facet normal -0 0 -1
    outer loop
      vertex 120.273 60.2 0
      vertex 118.061 57.1689 0
      vertex 119.811 60.2 0
    endloop
  endfacet
  facet normal 0 0 -1
    outer loop
      vertex 114.33 56.5811 0
      vertex 118.292 56.5811 0
      vertex 116.542 53.55 0
    endloop
  endfacet
  facet normal 0 0 -1
    outer loop
      vertex 114.33 56.5811 0
      vertex 116.542 53.55 0
      vertex 116.08 53.55 0
    endloop
  endfacet
  facet normal 0 0 -1
    outer loop
      vertex 118.292 56.5811 0
      vertex 114.33 56.5811 0
      vertex 118.061 57.1689 0
    endloop
  endfacet
  facet normal -0 0 -1
    outer loop
      vertex 118.061 57.1689 0
      vertex 114.33 56.5811 0
      vertex 114.561 57.1689 0
    endloop
  endfacet
  facet normal 0 0 -1
    outer loop
      vertex 110.599 57.1689 0
      vertex 114.561 57.1689 0
      vertex 114.33 56.5811 0
    endloop
  endfacet
  facet normal 0 0 -1
    outer loop
      vertex 114.561 63.2311 0
      vertex 110.599 63.2311 0
      vertex 114.561 63.8189 0
    endloop
  endfacet
  facet normal 0 0 -1
    outer loop
      vertex 114.561 57.1689 0
      vertex 110.599 57.1689 0
      vertex 112.811 60.2 0
    endloop
  endfacet
  facet normal 0 0 -1
    outer loop
      vertex 110.599 57.1689 0
      vertex 114.33 56.5811 0
      vertex 110.83 56.5811 0
    endloop
  endfacet
  facet normal -0 0 -1
    outer loop
      vertex 112.811 60.2 0
      vertex 110.599 57.1689 0
      vertex 112.349 60.2 0
    endloop
  endfacet
  facet normal 0 0 -1
    outer loop
      vertex 106.868 56.5811 0
      vertex 110.83 56.5811 0
      vertex 109.08 53.55 0
    endloop
  endfacet
  facet normal 0 0 -1
    outer loop
      vertex 106.868 56.5811 0
      vertex 109.08 53.55 0
      vertex 108.618 53.55 0
    endloop
  endfacet
  facet normal 0 0 -1
    outer loop
      vertex 110.83 56.5811 0
      vertex 106.868 56.5811 0
      vertex 110.599 57.1689 0
    endloop
  endfacet
  facet normal -0 0 -1
    outer loop
      vertex 110.599 57.1689 0
      vertex 106.868 56.5811 0
      vertex 107.099 57.1689 0
    endloop
  endfacet
  facet normal 0 0 -1
    outer loop
      vertex 103.137 57.1689 0
      vertex 107.099 57.1689 0
      vertex 106.868 56.5811 0
    endloop
  endfacet
  facet normal 0 0 -1
    outer loop
      vertex 107.099 63.2311 0
      vertex 103.137 63.2311 0
      vertex 107.099 63.8189 0
    endloop
  endfacet
  facet normal 0 0 -1
    outer loop
      vertex 107.099 57.1689 0
      vertex 103.137 57.1689 0
      vertex 105.349 60.2 0
    endloop
  endfacet
  facet normal 0 0 -1
    outer loop
      vertex 103.137 57.1689 0
      vertex 106.868 56.5811 0
      vertex 103.368 56.5811 0
    endloop
  endfacet
  facet normal -0 0 -1
    outer loop
      vertex 105.349 60.2 0
      vertex 103.137 57.1689 0
      vertex 104.887 60.2 0
    endloop
  endfacet
  facet normal 0 0 -1
    outer loop
      vertex 99.4054 56.5811 0
      vertex 103.368 56.5811 0
      vertex 101.618 53.55 0
    endloop
  endfacet
  facet normal 0 0 -1
    outer loop
      vertex 99.4054 56.5811 0
      vertex 101.618 53.55 0
      vertex 101.155 53.55 0
    endloop
  endfacet
  facet normal 0 0 -1
    outer loop
      vertex 103.368 56.5811 0
      vertex 99.4054 56.5811 0
      vertex 103.137 57.1689 0
    endloop
  endfacet
  facet normal -0 0 -1
    outer loop
      vertex 103.137 57.1689 0
      vertex 99.4054 56.5811 0
      vertex 99.6365 57.1689 0
    endloop
  endfacet
  facet normal 0 0 -1
    outer loop
      vertex 95.6744 57.1689 0
      vertex 99.6365 57.1689 0
      vertex 99.4054 56.5811 0
    endloop
  endfacet
  facet normal 0 0 -1
    outer loop
      vertex 99.6365 63.2311 0
      vertex 95.6744 63.2311 0
      vertex 99.6365 63.8189 0
    endloop
  endfacet
  facet normal 0 0 -1
    outer loop
      vertex 99.6365 57.1689 0
      vertex 95.6744 57.1689 0
      vertex 97.8865 60.2 0
    endloop
  endfacet
  facet normal 0 0 -1
    outer loop
      vertex 95.6744 57.1689 0
      vertex 99.4054 56.5811 0
      vertex 95.9054 56.5811 0
    endloop
  endfacet
  facet normal -0 0 -1
    outer loop
      vertex 97.8865 60.2 0
      vertex 95.6744 57.1689 0
      vertex 97.4244 60.2 0
    endloop
  endfacet
  facet normal 0 0 -1
    outer loop
      vertex 91.9433 56.5811 0
      vertex 95.9054 56.5811 0
      vertex 94.1554 53.55 0
    endloop
  endfacet
  facet normal 0 0 -1
    outer loop
      vertex 91.9433 56.5811 0
      vertex 94.1554 53.55 0
      vertex 93.6933 53.55 0
    endloop
  endfacet
  facet normal 0 0 -1
    outer loop
      vertex 95.9054 56.5811 0
      vertex 91.9433 56.5811 0
      vertex 95.6744 57.1689 0
    endloop
  endfacet
  facet normal -0 0 -1
    outer loop
      vertex 95.6744 57.1689 0
      vertex 91.9433 56.5811 0
      vertex 92.1744 57.1689 0
    endloop
  endfacet
  facet normal 0 0 -1
    outer loop
      vertex 88.2122 57.1689 0
      vertex 92.1744 57.1689 0
      vertex 91.9433 56.5811 0
    endloop
  endfacet
  facet normal 0 0 -1
    outer loop
      vertex 92.1744 63.2311 0
      vertex 88.2122 63.2311 0
      vertex 92.1744 63.8189 0
    endloop
  endfacet
  facet normal 0 0 -1
    outer loop
      vertex 92.1744 57.1689 0
      vertex 88.2122 57.1689 0
      vertex 90.4244 60.2 0
    endloop
  endfacet
  facet normal 0 0 -1
    outer loop
      vertex 88.2122 57.1689 0
      vertex 91.9433 56.5811 0
      vertex 88.4433 56.5811 0
    endloop
  endfacet
  facet normal -0 0 -1
    outer loop
      vertex 90.4244 60.2 0
      vertex 88.2122 57.1689 0
      vertex 89.9622 60.2 0
    endloop
  endfacet
  facet normal 0 0 -1
    outer loop
      vertex 84.4811 56.5811 0
      vertex 88.4433 56.5811 0
      vertex 86.6933 53.55 0
    endloop
  endfacet
  facet normal 0 0 -1
    outer loop
      vertex 84.4811 56.5811 0
      vertex 86.6933 53.55 0
      vertex 86.2311 53.55 0
    endloop
  endfacet
  facet normal 0 0 -1
    outer loop
      vertex 88.4433 56.5811 0
      vertex 84.4811 56.5811 0
      vertex 88.2122 57.1689 0
    endloop
  endfacet
  facet normal -0 0 -1
    outer loop
      vertex 88.2122 57.1689 0
      vertex 84.4811 56.5811 0
      vertex 84.7122 57.1689 0
    endloop
  endfacet
  facet normal 0 0 -1
    outer loop
      vertex 80.9811 56.5811 0
      vertex 84.7122 57.1689 0
      vertex 84.4811 56.5811 0
    endloop
  endfacet
  facet normal -0 0 -1
    outer loop
      vertex 82.9622 60.2 0
      vertex 80.9811 56.5811 0
      vertex 82.9622 66.85 0
    endloop
  endfacet
  facet normal -0 0 -1
    outer loop
      vertex 84.7122 57.1689 0
      vertex 80.9811 56.5811 0
      vertex 82.9622 60.2 0
    endloop
  endfacet
  facet normal -1 0 0
    outer loop
      vertex 72 0 0
      vertex 72 75 2
      vertex 72 75 0
    endloop
  endfacet
  facet normal -1 -0 0
    outer loop
      vertex 72 75 2
      vertex 72 0 0
      vertex 72 0 2
    endloop
  endfacet
  facet normal 0 1 -0
    outer loop
      vertex 132 75 0
      vertex 72 75 2
      vertex 132 75 2
    endloop
  endfacet
  facet normal 0 1 0
    outer loop
      vertex 72 75 2
      vertex 132 75 0
      vertex 72 75 0
    endloop
  endfacet
  facet normal 0 -1 0
    outer loop
      vertex 72 0 0
      vertex 132 0 2
      vertex 72 0 2
    endloop
  endfacet
  facet normal 0 -1 -0
    outer loop
      vertex 132 0 2
      vertex 72 0 0
      vertex 132 0 0
    endloop
  endfacet
  facet normal 0 1 -0
    outer loop
      vertex 88.2122 3.96891 0
      vertex 84.7122 3.96891 2
      vertex 88.2122 3.96891 2
    endloop
  endfacet
  facet normal 0 1 0
    outer loop
      vertex 84.7122 3.96891 2
      vertex 88.2122 3.96891 0
      vertex 84.7122 3.96891 0
    endloop
  endfacet
  facet normal 0 -1 0
    outer loop
      vertex 84.7122 10.0311 0
      vertex 88.2122 10.0311 2
      vertex 84.7122 10.0311 2
    endloop
  endfacet
  facet normal 0 -1 -0
    outer loop
      vertex 88.2122 10.0311 2
      vertex 84.7122 10.0311 0
      vertex 88.2122 10.0311 0
    endloop
  endfacet
  facet normal -0.866026 -0.499999 0
    outer loop
      vertex 89.9622 7 0
      vertex 88.2122 10.0311 2
      vertex 88.2122 10.0311 0
    endloop
  endfacet
  facet normal -0.866026 -0.499999 0
    outer loop
      vertex 88.2122 10.0311 2
      vertex 89.9622 7 0
      vertex 89.9622 7 2
    endloop
  endfacet
  facet normal 0.866026 -0.499999 0
    outer loop
      vertex 82.9622 7 2
      vertex 84.7122 10.0311 0
      vertex 84.7122 10.0311 2
    endloop
  endfacet
  facet normal 0.866026 -0.499999 0
    outer loop
      vertex 84.7122 10.0311 0
      vertex 82.9622 7 2
      vertex 82.9622 7 0
    endloop
  endfacet
  facet normal 0.866025 0.5 0
    outer loop
      vertex 84.7122 3.96891 2
      vertex 82.9622 7 0
      vertex 82.9622 7 2
    endloop
  endfacet
  facet normal 0.866025 0.5 0
    outer loop
      vertex 82.9622 7 0
      vertex 84.7122 3.96891 2
      vertex 84.7122 3.96891 0
    endloop
  endfacet
  facet normal -0.866025 0.5 0
    outer loop
      vertex 88.2122 3.96891 0
      vertex 89.9622 7 2
      vertex 89.9622 7 0
    endloop
  endfacet
  facet normal -0.866025 0.5 0
    outer loop
      vertex 89.9622 7 2
      vertex 88.2122 3.96891 0
      vertex 88.2122 3.96891 2
    endloop
  endfacet
  facet normal 0 -1 0
    outer loop
      vertex 92.1744 10.0311 0
      vertex 95.6744 10.0311 2
      vertex 92.1744 10.0311 2
    endloop
  endfacet
  facet normal 0 -1 -0
    outer loop
      vertex 95.6744 10.0311 2
      vertex 92.1744 10.0311 0
      vertex 95.6744 10.0311 0
    endloop
  endfacet
  facet normal -0.866026 -0.499999 0
    outer loop
      vertex 97.4244 7 0
      vertex 95.6744 10.0311 2
      vertex 95.6744 10.0311 0
    endloop
  endfacet
  facet normal -0.866026 -0.499999 0
    outer loop
      vertex 95.6744 10.0311 2
      vertex 97.4244 7 0
      vertex 97.4244 7 2
    endloop
  endfacet
  facet normal 0.866026 -0.499999 0
    outer loop
      vertex 90.4244 7 2
      vertex 92.1744 10.0311 0
      vertex 92.1744 10.0311 2
    endloop
  endfacet
  facet normal 0.866026 -0.499999 0
    outer loop
      vertex 92.1744 10.0311 0
      vertex 90.4244 7 2
      vertex 90.4244 7 0
    endloop
  endfacet
  facet normal 0.866025 0.5 0
    outer loop
      vertex 92.1744 3.96891 2
      vertex 90.4244 7 0
      vertex 90.4244 7 2
    endloop
  endfacet
  facet normal 0.866025 0.5 0
    outer loop
      vertex 90.4244 7 0
      vertex 92.1744 3.96891 2
      vertex 92.1744 3.96891 0
    endloop
  endfacet
  facet normal 0 1 -0
    outer loop
      vertex 95.6744 3.96891 0
      vertex 92.1744 3.96891 2
      vertex 95.6744 3.96891 2
    endloop
  endfacet
  facet normal 0 1 0
    outer loop
      vertex 92.1744 3.96891 2
      vertex 95.6744 3.96891 0
      vertex 92.1744 3.96891 0
    endloop
  endfacet
  facet normal -0.866025 0.5 0
    outer loop
      vertex 95.6744 3.96891 0
      vertex 97.4244 7 2
      vertex 97.4244 7 0
    endloop
  endfacet
  facet normal -0.866025 0.5 0
    outer loop
      vertex 97.4244 7 2
      vertex 95.6744 3.96891 0
      vertex 95.6744 3.96891 2
    endloop
  endfacet
  facet normal 0 -1 0
    outer loop
      vertex 99.6365 10.0311 0
      vertex 103.137 10.0311 2
      vertex 99.6365 10.0311 2
    endloop
  endfacet
  facet normal 0 -1 -0
    outer loop
      vertex 103.137 10.0311 2
      vertex 99.6365 10.0311 0
      vertex 103.137 10.0311 0
    endloop
  endfacet
  facet normal -0.866026 -0.499999 0
    outer loop
      vertex 104.887 7 0
      vertex 103.137 10.0311 2
      vertex 103.137 10.0311 0
    endloop
  endfacet
  facet normal -0.866026 -0.499999 0
    outer loop
      vertex 103.137 10.0311 2
      vertex 104.887 7 0
      vertex 104.887 7 2
    endloop
  endfacet
  facet normal 0.866026 -0.499999 0
    outer loop
      vertex 97.8865 7 2
      vertex 99.6365 10.0311 0
      vertex 99.6365 10.0311 2
    endloop
  endfacet
  facet normal 0.866026 -0.499999 0
    outer loop
      vertex 99.6365 10.0311 0
      vertex 97.8865 7 2
      vertex 97.8865 7 0
    endloop
  endfacet
  facet normal 0.866025 0.5 0
    outer loop
      vertex 99.6365 3.96891 2
      vertex 97.8865 7 0
      vertex 97.8865 7 2
    endloop
  endfacet
  facet normal 0.866025 0.5 0
    outer loop
      vertex 97.8865 7 0
      vertex 99.6365 3.96891 2
      vertex 99.6365 3.96891 0
    endloop
  endfacet
  facet normal 0 1 -0
    outer loop
      vertex 103.137 3.96891 0
      vertex 99.6365 3.96891 2
      vertex 103.137 3.96891 2
    endloop
  endfacet
  facet normal 0 1 0
    outer loop
      vertex 99.6365 3.96891 2
      vertex 103.137 3.96891 0
      vertex 99.6365 3.96891 0
    endloop
  endfacet
  facet normal -0.866025 0.5 0
    outer loop
      vertex 103.137 3.96891 0
      vertex 104.887 7 2
      vertex 104.887 7 0
    endloop
  endfacet
  facet normal -0.866025 0.5 0
    outer loop
      vertex 104.887 7 2
      vertex 103.137 3.96891 0
      vertex 103.137 3.96891 2
    endloop
  endfacet
  facet normal 0 1 -0
    outer loop
      vertex 110.599 3.96891 0
      vertex 107.099 3.96891 2
      vertex 110.599 3.96891 2
    endloop
  endfacet
  facet normal 0 1 0
    outer loop
      vertex 107.099 3.96891 2
      vertex 110.599 3.96891 0
      vertex 107.099 3.96891 0
    endloop
  endfacet
  facet normal 0 -1 0
    outer loop
      vertex 107.099 10.0311 0
      vertex 110.599 10.0311 2
      vertex 107.099 10.0311 2
    endloop
  endfacet
  facet normal 0 -1 -0
    outer loop
      vertex 110.599 10.0311 2
      vertex 107.099 10.0311 0
      vertex 110.599 10.0311 0
    endloop
  endfacet
  facet normal -0.866026 -0.499999 0
    outer loop
      vertex 112.349 7 0
      vertex 110.599 10.0311 2
      vertex 110.599 10.0311 0
    endloop
  endfacet
  facet normal -0.866026 -0.499999 0
    outer loop
      vertex 110.599 10.0311 2
      vertex 112.349 7 0
      vertex 112.349 7 2
    endloop
  endfacet
  facet normal 0.866026 -0.499999 0
    outer loop
      vertex 105.349 7 2
      vertex 107.099 10.0311 0
      vertex 107.099 10.0311 2
    endloop
  endfacet
  facet normal 0.866026 -0.499999 0
    outer loop
      vertex 107.099 10.0311 0
      vertex 105.349 7 2
      vertex 105.349 7 0
    endloop
  endfacet
  facet normal 0.866025 0.5 0
    outer loop
      vertex 107.099 3.96891 2
      vertex 105.349 7 0
      vertex 105.349 7 2
    endloop
  endfacet
  facet normal 0.866025 0.5 0
    outer loop
      vertex 105.349 7 0
      vertex 107.099 3.96891 2
      vertex 107.099 3.96891 0
    endloop
  endfacet
  facet normal -0.866025 0.5 0
    outer loop
      vertex 110.599 3.96891 0
      vertex 112.349 7 2
      vertex 112.349 7 0
    endloop
  endfacet
  facet normal -0.866025 0.5 0
    outer loop
      vertex 112.349 7 2
      vertex 110.599 3.96891 0
      vertex 110.599 3.96891 2
    endloop
  endfacet
  facet normal 0 -1 0
    outer loop
      vertex 114.561 10.0311 0
      vertex 118.061 10.0311 2
      vertex 114.561 10.0311 2
    endloop
  endfacet
  facet normal 0 -1 -0
    outer loop
      vertex 118.061 10.0311 2
      vertex 114.561 10.0311 0
      vertex 118.061 10.0311 0
    endloop
  endfacet
  facet normal -0.866026 -0.499999 0
    outer loop
      vertex 119.811 7 0
      vertex 118.061 10.0311 2
      vertex 118.061 10.0311 0
    endloop
  endfacet
  facet normal -0.866026 -0.499999 0
    outer loop
      vertex 118.061 10.0311 2
      vertex 119.811 7 0
      vertex 119.811 7 2
    endloop
  endfacet
  facet normal 0.866026 -0.499999 0
    outer loop
      vertex 112.811 7 2
      vertex 114.561 10.0311 0
      vertex 114.561 10.0311 2
    endloop
  endfacet
  facet normal 0.866026 -0.499999 0
    outer loop
      vertex 114.561 10.0311 0
      vertex 112.811 7 2
      vertex 112.811 7 0
    endloop
  endfacet
  facet normal 0.866025 0.5 0
    outer loop
      vertex 114.561 3.96891 2
      vertex 112.811 7 0
      vertex 112.811 7 2
    endloop
  endfacet
  facet normal 0.866025 0.5 0
    outer loop
      vertex 112.811 7 0
      vertex 114.561 3.96891 2
      vertex 114.561 3.96891 0
    endloop
  endfacet
  facet normal 0 1 -0
    outer loop
      vertex 118.061 3.96891 0
      vertex 114.561 3.96891 2
      vertex 118.061 3.96891 2
    endloop
  endfacet
  facet normal 0 1 0
    outer loop
      vertex 114.561 3.96891 2
      vertex 118.061 3.96891 0
      vertex 114.561 3.96891 0
    endloop
  endfacet
  facet normal -0.866025 0.5 0
    outer loop
      vertex 118.061 3.96891 0
      vertex 119.811 7 2
      vertex 119.811 7 0
    endloop
  endfacet
  facet normal -0.866025 0.5 0
    outer loop
      vertex 119.811 7 2
      vertex 118.061 3.96891 0
      vertex 118.061 3.96891 2
    endloop
  endfacet
  facet normal 0 -1 0
    outer loop
      vertex 122.023 10.0311 0
      vertex 125.523 10.0311 2
      vertex 122.023 10.0311 2
    endloop
  endfacet
  facet normal 0 -1 -0
    outer loop
      vertex 125.523 10.0311 2
      vertex 122.023 10.0311 0
      vertex 125.523 10.0311 0
    endloop
  endfacet
  facet normal -0.866026 -0.499999 0
    outer loop
      vertex 127.273 7 0
      vertex 125.523 10.0311 2
      vertex 125.523 10.0311 0
    endloop
  endfacet
  facet normal -0.866026 -0.499999 0
    outer loop
      vertex 125.523 10.0311 2
      vertex 127.273 7 0
      vertex 127.273 7 2
    endloop
  endfacet
  facet normal 0.866026 -0.499999 0
    outer loop
      vertex 120.273 7 2
      vertex 122.023 10.0311 0
      vertex 122.023 10.0311 2
    endloop
  endfacet
  facet normal 0.866026 -0.499999 0
    outer loop
      vertex 122.023 10.0311 0
      vertex 120.273 7 2
      vertex 120.273 7 0
    endloop
  endfacet
  facet normal 0.866025 0.5 0
    outer loop
      vertex 122.023 3.96891 2
      vertex 120.273 7 0
      vertex 120.273 7 2
    endloop
  endfacet
  facet normal 0.866025 0.5 0
    outer loop
      vertex 120.273 7 0
      vertex 122.023 3.96891 2
      vertex 122.023 3.96891 0
    endloop
  endfacet
  facet normal 0 1 -0
    outer loop
      vertex 125.523 3.96891 0
      vertex 122.023 3.96891 2
      vertex 125.523 3.96891 2
    endloop
  endfacet
  facet normal 0 1 0
    outer loop
      vertex 122.023 3.96891 2
      vertex 125.523 3.96891 0
      vertex 122.023 3.96891 0
    endloop
  endfacet
  facet normal -0.866025 0.5 0
    outer loop
      vertex 125.523 3.96891 0
      vertex 127.273 7 2
      vertex 127.273 7 0
    endloop
  endfacet
  facet normal -0.866025 0.5 0
    outer loop
      vertex 127.273 7 2
      vertex 125.523 3.96891 0
      vertex 125.523 3.96891 2
    endloop
  endfacet
  facet normal 0 1 -0
    outer loop
      vertex 84.4811 10.6189 0
      vertex 80.9811 10.6189 2
      vertex 84.4811 10.6189 2
    endloop
  endfacet
  facet normal 0 1 0
    outer loop
      vertex 80.9811 10.6189 2
      vertex 84.4811 10.6189 0
      vertex 80.9811 10.6189 0
    endloop
  endfacet
  facet normal -0.866026 0.499999 0
    outer loop
      vertex 84.4811 10.6189 0
      vertex 86.2311 13.65 2
      vertex 86.2311 13.65 0
    endloop
  endfacet
  facet normal -0.866026 0.499999 0
    outer loop
      vertex 86.2311 13.65 2
      vertex 84.4811 10.6189 0
      vertex 84.4811 10.6189 2
    endloop
  endfacet
  facet normal 0 -1 0
    outer loop
      vertex 80.9811 16.6811 0
      vertex 84.4811 16.6811 2
      vertex 80.9811 16.6811 2
    endloop
  endfacet
  facet normal 0 -1 -0
    outer loop
      vertex 84.4811 16.6811 2
      vertex 80.9811 16.6811 0
      vertex 84.4811 16.6811 0
    endloop
  endfacet
  facet normal -0.866026 -0.499999 0
    outer loop
      vertex 86.2311 13.65 0
      vertex 84.4811 16.6811 2
      vertex 84.4811 16.6811 0
    endloop
  endfacet
  facet normal -0.866026 -0.499999 0
    outer loop
      vertex 84.4811 16.6811 2
      vertex 86.2311 13.65 0
      vertex 86.2311 13.65 2
    endloop
  endfacet
  facet normal 0.866026 -0.499999 0
    outer loop
      vertex 79.2311 13.65 2
      vertex 80.9811 16.6811 0
      vertex 80.9811 16.6811 2
    endloop
  endfacet
  facet normal 0.866026 -0.499999 0
    outer loop
      vertex 80.9811 16.6811 0
      vertex 79.2311 13.65 2
      vertex 79.2311 13.65 0
    endloop
  endfacet
  facet normal 0.866026 0.499999 0
    outer loop
      vertex 80.9811 10.6189 2
      vertex 79.2311 13.65 0
      vertex 79.2311 13.65 2
    endloop
  endfacet
  facet normal 0.866026 0.499999 0
    outer loop
      vertex 79.2311 13.65 0
      vertex 80.9811 10.6189 2
      vertex 80.9811 10.6189 0
    endloop
  endfacet
  facet normal 0 1 -0
    outer loop
      vertex 91.9433 10.6189 0
      vertex 88.4433 10.6189 2
      vertex 91.9433 10.6189 2
    endloop
  endfacet
  facet normal 0 1 0
    outer loop
      vertex 88.4433 10.6189 2
      vertex 91.9433 10.6189 0
      vertex 88.4433 10.6189 0
    endloop
  endfacet
  facet normal -0.866026 0.499999 0
    outer loop
      vertex 91.9433 10.6189 0
      vertex 93.6933 13.65 2
      vertex 93.6933 13.65 0
    endloop
  endfacet
  facet normal -0.866026 0.499999 0
    outer loop
      vertex 93.6933 13.65 2
      vertex 91.9433 10.6189 0
      vertex 91.9433 10.6189 2
    endloop
  endfacet
  facet normal 0 -1 0
    outer loop
      vertex 88.4433 16.6811 0
      vertex 91.9433 16.6811 2
      vertex 88.4433 16.6811 2
    endloop
  endfacet
  facet normal 0 -1 -0
    outer loop
      vertex 91.9433 16.6811 2
      vertex 88.4433 16.6811 0
      vertex 91.9433 16.6811 0
    endloop
  endfacet
  facet normal -0.866026 -0.499999 0
    outer loop
      vertex 93.6933 13.65 0
      vertex 91.9433 16.6811 2
      vertex 91.9433 16.6811 0
    endloop
  endfacet
  facet normal -0.866026 -0.499999 0
    outer loop
      vertex 91.9433 16.6811 2
      vertex 93.6933 13.65 0
      vertex 93.6933 13.65 2
    endloop
  endfacet
  facet normal 0.866026 -0.499999 0
    outer loop
      vertex 86.6933 13.65 2
      vertex 88.4433 16.6811 0
      vertex 88.4433 16.6811 2
    endloop
  endfacet
  facet normal 0.866026 -0.499999 0
    outer loop
      vertex 88.4433 16.6811 0
      vertex 86.6933 13.65 2
      vertex 86.6933 13.65 0
    endloop
  endfacet
  facet normal 0.866026 0.499999 0
    outer loop
      vertex 88.4433 10.6189 2
      vertex 86.6933 13.65 0
      vertex 86.6933 13.65 2
    endloop
  endfacet
  facet normal 0.866026 0.499999 0
    outer loop
      vertex 86.6933 13.65 0
      vertex 88.4433 10.6189 2
      vertex 88.4433 10.6189 0
    endloop
  endfacet
  facet normal 0 1 -0
    outer loop
      vertex 99.4054 10.6189 0
      vertex 95.9054 10.6189 2
      vertex 99.4054 10.6189 2
    endloop
  endfacet
  facet normal 0 1 0
    outer loop
      vertex 95.9054 10.6189 2
      vertex 99.4054 10.6189 0
      vertex 95.9054 10.6189 0
    endloop
  endfacet
  facet normal -0.866076 0.499913 0
    outer loop
      vertex 99.4054 10.6189 0
      vertex 101.155 13.65 2
      vertex 101.155 13.65 0
    endloop
  endfacet
  facet normal -0.866076 0.499913 0
    outer loop
      vertex 101.155 13.65 2
      vertex 99.4054 10.6189 0
      vertex 99.4054 10.6189 2
    endloop
  endfacet
  facet normal 0 -1 0
    outer loop
      vertex 95.9054 16.6811 0
      vertex 99.4054 16.6811 2
      vertex 95.9054 16.6811 2
    endloop
  endfacet
  facet normal 0 -1 -0
    outer loop
      vertex 99.4054 16.6811 2
      vertex 95.9054 16.6811 0
      vertex 99.4054 16.6811 0
    endloop
  endfacet
  facet normal -0.866076 -0.499913 0
    outer loop
      vertex 101.155 13.65 0
      vertex 99.4054 16.6811 2
      vertex 99.4054 16.6811 0
    endloop
  endfacet
  facet normal -0.866076 -0.499913 0
    outer loop
      vertex 99.4054 16.6811 2
      vertex 101.155 13.65 0
      vertex 101.155 13.65 2
    endloop
  endfacet
  facet normal 0.866026 -0.499999 0
    outer loop
      vertex 94.1554 13.65 2
      vertex 95.9054 16.6811 0
      vertex 95.9054 16.6811 2
    endloop
  endfacet
  facet normal 0.866026 -0.499999 0
    outer loop
      vertex 95.9054 16.6811 0
      vertex 94.1554 13.65 2
      vertex 94.1554 13.65 0
    endloop
  endfacet
  facet normal 0.866026 0.499999 0
    outer loop
      vertex 95.9054 10.6189 2
      vertex 94.1554 13.65 0
      vertex 94.1554 13.65 2
    endloop
  endfacet
  facet normal 0.866026 0.499999 0
    outer loop
      vertex 94.1554 13.65 0
      vertex 95.9054 10.6189 2
      vertex 95.9054 10.6189 0
    endloop
  endfacet
  facet normal 0 1 -0
    outer loop
      vertex 106.868 10.6189 0
      vertex 103.368 10.6189 2
      vertex 106.868 10.6189 2
    endloop
  endfacet
  facet normal 0 1 0
    outer loop
      vertex 103.368 10.6189 2
      vertex 106.868 10.6189 0
      vertex 103.368 10.6189 0
    endloop
  endfacet
  facet normal -0.866026 0.499999 0
    outer loop
      vertex 106.868 10.6189 0
      vertex 108.618 13.65 2
      vertex 108.618 13.65 0
    endloop
  endfacet
  facet normal -0.866026 0.499999 0
    outer loop
      vertex 108.618 13.65 2
      vertex 106.868 10.6189 0
      vertex 106.868 10.6189 2
    endloop
  endfacet
  facet normal 0 -1 0
    outer loop
      vertex 103.368 16.6811 0
      vertex 106.868 16.6811 2
      vertex 103.368 16.6811 2
    endloop
  endfacet
  facet normal 0 -1 -0
    outer loop
      vertex 106.868 16.6811 2
      vertex 103.368 16.6811 0
      vertex 106.868 16.6811 0
    endloop
  endfacet
  facet normal -0.866026 -0.499999 0
    outer loop
      vertex 108.618 13.65 0
      vertex 106.868 16.6811 2
      vertex 106.868 16.6811 0
    endloop
  endfacet
  facet normal -0.866026 -0.499999 0
    outer loop
      vertex 106.868 16.6811 2
      vertex 108.618 13.65 0
      vertex 108.618 13.65 2
    endloop
  endfacet
  facet normal 0.866026 -0.499999 0
    outer loop
      vertex 101.618 13.65 2
      vertex 103.368 16.6811 0
      vertex 103.368 16.6811 2
    endloop
  endfacet
  facet normal 0.866026 -0.499999 0
    outer loop
      vertex 103.368 16.6811 0
      vertex 101.618 13.65 2
      vertex 101.618 13.65 0
    endloop
  endfacet
  facet normal 0.866026 0.499999 0
    outer loop
      vertex 103.368 10.6189 2
      vertex 101.618 13.65 0
      vertex 101.618 13.65 2
    endloop
  endfacet
  facet normal 0.866026 0.499999 0
    outer loop
      vertex 101.618 13.65 0
      vertex 103.368 10.6189 2
      vertex 103.368 10.6189 0
    endloop
  endfacet
  facet normal 0 1 -0
    outer loop
      vertex 114.33 10.6189 0
      vertex 110.83 10.6189 2
      vertex 114.33 10.6189 2
    endloop
  endfacet
  facet normal 0 1 0
    outer loop
      vertex 110.83 10.6189 2
      vertex 114.33 10.6189 0
      vertex 110.83 10.6189 0
    endloop
  endfacet
  facet normal -0.866026 0.499999 0
    outer loop
      vertex 114.33 10.6189 0
      vertex 116.08 13.65 2
      vertex 116.08 13.65 0
    endloop
  endfacet
  facet normal -0.866026 0.499999 0
    outer loop
      vertex 116.08 13.65 2
      vertex 114.33 10.6189 0
      vertex 114.33 10.6189 2
    endloop
  endfacet
  facet normal 0 -1 0
    outer loop
      vertex 110.83 16.6811 0
      vertex 114.33 16.6811 2
      vertex 110.83 16.6811 2
    endloop
  endfacet
  facet normal 0 -1 -0
    outer loop
      vertex 114.33 16.6811 2
      vertex 110.83 16.6811 0
      vertex 114.33 16.6811 0
    endloop
  endfacet
  facet normal -0.866026 -0.499999 0
    outer loop
      vertex 116.08 13.65 0
      vertex 114.33 16.6811 2
      vertex 114.33 16.6811 0
    endloop
  endfacet
  facet normal -0.866026 -0.499999 0
    outer loop
      vertex 114.33 16.6811 2
      vertex 116.08 13.65 0
      vertex 116.08 13.65 2
    endloop
  endfacet
  facet normal 0.866026 -0.499999 0
    outer loop
      vertex 109.08 13.65 2
      vertex 110.83 16.6811 0
      vertex 110.83 16.6811 2
    endloop
  endfacet
  facet normal 0.866026 -0.499999 0
    outer loop
      vertex 110.83 16.6811 0
      vertex 109.08 13.65 2
      vertex 109.08 13.65 0
    endloop
  endfacet
  facet normal 0.866026 0.499999 0
    outer loop
      vertex 110.83 10.6189 2
      vertex 109.08 13.65 0
      vertex 109.08 13.65 2
    endloop
  endfacet
  facet normal 0.866026 0.499999 0
    outer loop
      vertex 109.08 13.65 0
      vertex 110.83 10.6189 2
      vertex 110.83 10.6189 0
    endloop
  endfacet
  facet normal 0 1 -0
    outer loop
      vertex 121.792 10.6189 0
      vertex 118.292 10.6189 2
      vertex 121.792 10.6189 2
    endloop
  endfacet
  facet normal 0 1 0
    outer loop
      vertex 118.292 10.6189 2
      vertex 121.792 10.6189 0
      vertex 118.292 10.6189 0
    endloop
  endfacet
  facet normal -0.866026 0.499999 0
    outer loop
      vertex 121.792 10.6189 0
      vertex 123.542 13.65 2
      vertex 123.542 13.65 0
    endloop
  endfacet
  facet normal -0.866026 0.499999 0
    outer loop
      vertex 123.542 13.65 2
      vertex 121.792 10.6189 0
      vertex 121.792 10.6189 2
    endloop
  endfacet
  facet normal 0 -1 0
    outer loop
      vertex 118.292 16.6811 0
      vertex 121.792 16.6811 2
      vertex 118.292 16.6811 2
    endloop
  endfacet
  facet normal 0 -1 -0
    outer loop
      vertex 121.792 16.6811 2
      vertex 118.292 16.6811 0
      vertex 121.792 16.6811 0
    endloop
  endfacet
  facet normal -0.866026 -0.499999 0
    outer loop
      vertex 123.542 13.65 0
      vertex 121.792 16.6811 2
      vertex 121.792 16.6811 0
    endloop
  endfacet
  facet normal -0.866026 -0.499999 0
    outer loop
      vertex 121.792 16.6811 2
      vertex 123.542 13.65 0
      vertex 123.542 13.65 2
    endloop
  endfacet
  facet normal 0.866026 -0.499999 0
    outer loop
      vertex 116.542 13.65 2
      vertex 118.292 16.6811 0
      vertex 118.292 16.6811 2
    endloop
  endfacet
  facet normal 0.866026 -0.499999 0
    outer loop
      vertex 118.292 16.6811 0
      vertex 116.542 13.65 2
      vertex 116.542 13.65 0
    endloop
  endfacet
  facet normal 0.866026 0.499999 0
    outer loop
      vertex 118.292 10.6189 2
      vertex 116.542 13.65 0
      vertex 116.542 13.65 2
    endloop
  endfacet
  facet normal 0.866026 0.499999 0
    outer loop
      vertex 116.542 13.65 0
      vertex 118.292 10.6189 2
      vertex 118.292 10.6189 0
    endloop
  endfacet
  facet normal 0 1 -0
    outer loop
      vertex 88.2122 17.2689 0
      vertex 84.7122 17.2689 2
      vertex 88.2122 17.2689 2
    endloop
  endfacet
  facet normal 0 1 0
    outer loop
      vertex 84.7122 17.2689 2
      vertex 88.2122 17.2689 0
      vertex 84.7122 17.2689 0
    endloop
  endfacet
  facet normal -0.866026 0.499999 0
    outer loop
      vertex 88.2122 17.2689 0
      vertex 89.9622 20.3 2
      vertex 89.9622 20.3 0
    endloop
  endfacet
  facet normal -0.866026 0.499999 0
    outer loop
      vertex 89.9622 20.3 2
      vertex 88.2122 17.2689 0
      vertex 88.2122 17.2689 2
    endloop
  endfacet
  facet normal 0 -1 0
    outer loop
      vertex 84.7122 23.3311 0
      vertex 88.2122 23.3311 2
      vertex 84.7122 23.3311 2
    endloop
  endfacet
  facet normal 0 -1 -0
    outer loop
      vertex 88.2122 23.3311 2
      vertex 84.7122 23.3311 0
      vertex 88.2122 23.3311 0
    endloop
  endfacet
  facet normal -0.866026 -0.499999 0
    outer loop
      vertex 89.9622 20.3 0
      vertex 88.2122 23.3311 2
      vertex 88.2122 23.3311 0
    endloop
  endfacet
  facet normal -0.866026 -0.499999 0
    outer loop
      vertex 88.2122 23.3311 2
      vertex 89.9622 20.3 0
      vertex 89.9622 20.3 2
    endloop
  endfacet
  facet normal 0.866026 -0.499999 0
    outer loop
      vertex 82.9622 20.3 2
      vertex 84.7122 23.3311 0
      vertex 84.7122 23.3311 2
    endloop
  endfacet
  facet normal 0.866026 -0.499999 0
    outer loop
      vertex 84.7122 23.3311 0
      vertex 82.9622 20.3 2
      vertex 82.9622 20.3 0
    endloop
  endfacet
  facet normal 0.866026 0.499999 0
    outer loop
      vertex 84.7122 17.2689 2
      vertex 82.9622 20.3 0
      vertex 82.9622 20.3 2
    endloop
  endfacet
  facet normal 0.866026 0.499999 0
    outer loop
      vertex 82.9622 20.3 0
      vertex 84.7122 17.2689 2
      vertex 84.7122 17.2689 0
    endloop
  endfacet
  facet normal 0 1 -0
    outer loop
      vertex 95.6744 17.2689 0
      vertex 92.1744 17.2689 2
      vertex 95.6744 17.2689 2
    endloop
  endfacet
  facet normal 0 1 0
    outer loop
      vertex 92.1744 17.2689 2
      vertex 95.6744 17.2689 0
      vertex 92.1744 17.2689 0
    endloop
  endfacet
  facet normal -0.866026 0.499999 0
    outer loop
      vertex 95.6744 17.2689 0
      vertex 97.4244 20.3 2
      vertex 97.4244 20.3 0
    endloop
  endfacet
  facet normal -0.866026 0.499999 0
    outer loop
      vertex 97.4244 20.3 2
      vertex 95.6744 17.2689 0
      vertex 95.6744 17.2689 2
    endloop
  endfacet
  facet normal 0 -1 0
    outer loop
      vertex 92.1744 23.3311 0
      vertex 95.6744 23.3311 2
      vertex 92.1744 23.3311 2
    endloop
  endfacet
  facet normal 0 -1 -0
    outer loop
      vertex 95.6744 23.3311 2
      vertex 92.1744 23.3311 0
      vertex 95.6744 23.3311 0
    endloop
  endfacet
  facet normal -0.866026 -0.499999 0
    outer loop
      vertex 97.4244 20.3 0
      vertex 95.6744 23.3311 2
      vertex 95.6744 23.3311 0
    endloop
  endfacet
  facet normal -0.866026 -0.499999 0
    outer loop
      vertex 95.6744 23.3311 2
      vertex 97.4244 20.3 0
      vertex 97.4244 20.3 2
    endloop
  endfacet
  facet normal 0.866026 -0.499999 0
    outer loop
      vertex 90.4244 20.3 2
      vertex 92.1744 23.3311 0
      vertex 92.1744 23.3311 2
    endloop
  endfacet
  facet normal 0.866026 -0.499999 0
    outer loop
      vertex 92.1744 23.3311 0
      vertex 90.4244 20.3 2
      vertex 90.4244 20.3 0
    endloop
  endfacet
  facet normal 0.866026 0.499999 0
    outer loop
      vertex 92.1744 17.2689 2
      vertex 90.4244 20.3 0
      vertex 90.4244 20.3 2
    endloop
  endfacet
  facet normal 0.866026 0.499999 0
    outer loop
      vertex 90.4244 20.3 0
      vertex 92.1744 17.2689 2
      vertex 92.1744 17.2689 0
    endloop
  endfacet
  facet normal 0 1 -0
    outer loop
      vertex 103.137 17.2689 0
      vertex 99.6365 17.2689 2
      vertex 103.137 17.2689 2
    endloop
  endfacet
  facet normal 0 1 0
    outer loop
      vertex 99.6365 17.2689 2
      vertex 103.137 17.2689 0
      vertex 99.6365 17.2689 0
    endloop
  endfacet
  facet normal -0.866026 0.499999 0
    outer loop
      vertex 103.137 17.2689 0
      vertex 104.887 20.3 2
      vertex 104.887 20.3 0
    endloop
  endfacet
  facet normal -0.866026 0.499999 0
    outer loop
      vertex 104.887 20.3 2
      vertex 103.137 17.2689 0
      vertex 103.137 17.2689 2
    endloop
  endfacet
  facet normal 0 -1 0
    outer loop
      vertex 99.6365 23.3311 0
      vertex 103.137 23.3311 2
      vertex 99.6365 23.3311 2
    endloop
  endfacet
  facet normal 0 -1 -0
    outer loop
      vertex 103.137 23.3311 2
      vertex 99.6365 23.3311 0
      vertex 103.137 23.3311 0
    endloop
  endfacet
  facet normal -0.866026 -0.499999 0
    outer loop
      vertex 104.887 20.3 0
      vertex 103.137 23.3311 2
      vertex 103.137 23.3311 0
    endloop
  endfacet
  facet normal -0.866026 -0.499999 0
    outer loop
      vertex 103.137 23.3311 2
      vertex 104.887 20.3 0
      vertex 104.887 20.3 2
    endloop
  endfacet
  facet normal 0.866026 -0.499999 0
    outer loop
      vertex 97.8865 20.3 2
      vertex 99.6365 23.3311 0
      vertex 99.6365 23.3311 2
    endloop
  endfacet
  facet normal 0.866026 -0.499999 0
    outer loop
      vertex 99.6365 23.3311 0
      vertex 97.8865 20.3 2
      vertex 97.8865 20.3 0
    endloop
  endfacet
  facet normal 0.866026 0.499999 0
    outer loop
      vertex 99.6365 17.2689 2
      vertex 97.8865 20.3 0
      vertex 97.8865 20.3 2
    endloop
  endfacet
  facet normal 0.866026 0.499999 0
    outer loop
      vertex 97.8865 20.3 0
      vertex 99.6365 17.2689 2
      vertex 99.6365 17.2689 0
    endloop
  endfacet
  facet normal 0 1 -0
    outer loop
      vertex 110.599 17.2689 0
      vertex 107.099 17.2689 2
      vertex 110.599 17.2689 2
    endloop
  endfacet
  facet normal 0 1 0
    outer loop
      vertex 107.099 17.2689 2
      vertex 110.599 17.2689 0
      vertex 107.099 17.2689 0
    endloop
  endfacet
  facet normal -0.866026 0.499999 0
    outer loop
      vertex 110.599 17.2689 0
      vertex 112.349 20.3 2
      vertex 112.349 20.3 0
    endloop
  endfacet
  facet normal -0.866026 0.499999 0
    outer loop
      vertex 112.349 20.3 2
      vertex 110.599 17.2689 0
      vertex 110.599 17.2689 2
    endloop
  endfacet
  facet normal 0 -1 0
    outer loop
      vertex 107.099 23.3311 0
      vertex 110.599 23.3311 2
      vertex 107.099 23.3311 2
    endloop
  endfacet
  facet normal 0 -1 -0
    outer loop
      vertex 110.599 23.3311 2
      vertex 107.099 23.3311 0
      vertex 110.599 23.3311 0
    endloop
  endfacet
  facet normal -0.866026 -0.499999 0
    outer loop
      vertex 112.349 20.3 0
      vertex 110.599 23.3311 2
      vertex 110.599 23.3311 0
    endloop
  endfacet
  facet normal -0.866026 -0.499999 0
    outer loop
      vertex 110.599 23.3311 2
      vertex 112.349 20.3 0
      vertex 112.349 20.3 2
    endloop
  endfacet
  facet normal 0.866026 -0.499999 0
    outer loop
      vertex 105.349 20.3 2
      vertex 107.099 23.3311 0
      vertex 107.099 23.3311 2
    endloop
  endfacet
  facet normal 0.866026 -0.499999 0
    outer loop
      vertex 107.099 23.3311 0
      vertex 105.349 20.3 2
      vertex 105.349 20.3 0
    endloop
  endfacet
  facet normal 0.866026 0.499999 0
    outer loop
      vertex 107.099 17.2689 2
      vertex 105.349 20.3 0
      vertex 105.349 20.3 2
    endloop
  endfacet
  facet normal 0.866026 0.499999 0
    outer loop
      vertex 105.349 20.3 0
      vertex 107.099 17.2689 2
      vertex 107.099 17.2689 0
    endloop
  endfacet
  facet normal 0 1 -0
    outer loop
      vertex 118.061 17.2689 0
      vertex 114.561 17.2689 2
      vertex 118.061 17.2689 2
    endloop
  endfacet
  facet normal 0 1 0
    outer loop
      vertex 114.561 17.2689 2
      vertex 118.061 17.2689 0
      vertex 114.561 17.2689 0
    endloop
  endfacet
  facet normal -0.866026 0.499999 0
    outer loop
      vertex 118.061 17.2689 0
      vertex 119.811 20.3 2
      vertex 119.811 20.3 0
    endloop
  endfacet
  facet normal -0.866026 0.499999 0
    outer loop
      vertex 119.811 20.3 2
      vertex 118.061 17.2689 0
      vertex 118.061 17.2689 2
    endloop
  endfacet
  facet normal 0 -1 0
    outer loop
      vertex 114.561 23.3311 0
      vertex 118.061 23.3311 2
      vertex 114.561 23.3311 2
    endloop
  endfacet
  facet normal 0 -1 -0
    outer loop
      vertex 118.061 23.3311 2
      vertex 114.561 23.3311 0
      vertex 118.061 23.3311 0
    endloop
  endfacet
  facet normal -0.866026 -0.499999 0
    outer loop
      vertex 119.811 20.3 0
      vertex 118.061 23.3311 2
      vertex 118.061 23.3311 0
    endloop
  endfacet
  facet normal -0.866026 -0.499999 0
    outer loop
      vertex 118.061 23.3311 2
      vertex 119.811 20.3 0
      vertex 119.811 20.3 2
    endloop
  endfacet
  facet normal 0.866026 -0.499999 0
    outer loop
      vertex 112.811 20.3 2
      vertex 114.561 23.3311 0
      vertex 114.561 23.3311 2
    endloop
  endfacet
  facet normal 0.866026 -0.499999 0
    outer loop
      vertex 114.561 23.3311 0
      vertex 112.811 20.3 2
      vertex 112.811 20.3 0
    endloop
  endfacet
  facet normal 0.866026 0.499999 0
    outer loop
      vertex 114.561 17.2689 2
      vertex 112.811 20.3 0
      vertex 112.811 20.3 2
    endloop
  endfacet
  facet normal 0.866026 0.499999 0
    outer loop
      vertex 112.811 20.3 0
      vertex 114.561 17.2689 2
      vertex 114.561 17.2689 0
    endloop
  endfacet
  facet normal 0 1 -0
    outer loop
      vertex 125.523 17.2689 0
      vertex 122.023 17.2689 2
      vertex 125.523 17.2689 2
    endloop
  endfacet
  facet normal 0 1 0
    outer loop
      vertex 122.023 17.2689 2
      vertex 125.523 17.2689 0
      vertex 122.023 17.2689 0
    endloop
  endfacet
  facet normal -0.866026 0.499999 0
    outer loop
      vertex 125.523 17.2689 0
      vertex 127.273 20.3 2
      vertex 127.273 20.3 0
    endloop
  endfacet
  facet normal -0.866026 0.499999 0
    outer loop
      vertex 127.273 20.3 2
      vertex 125.523 17.2689 0
      vertex 125.523 17.2689 2
    endloop
  endfacet
  facet normal 0 -1 0
    outer loop
      vertex 122.023 23.3311 0
      vertex 125.523 23.3311 2
      vertex 122.023 23.3311 2
    endloop
  endfacet
  facet normal 0 -1 -0
    outer loop
      vertex 125.523 23.3311 2
      vertex 122.023 23.3311 0
      vertex 125.523 23.3311 0
    endloop
  endfacet
  facet normal -0.866026 -0.499999 0
    outer loop
      vertex 127.273 20.3 0
      vertex 125.523 23.3311 2
      vertex 125.523 23.3311 0
    endloop
  endfacet
  facet normal -0.866026 -0.499999 0
    outer loop
      vertex 125.523 23.3311 2
      vertex 127.273 20.3 0
      vertex 127.273 20.3 2
    endloop
  endfacet
  facet normal 0.866026 -0.499999 0
    outer loop
      vertex 120.273 20.3 2
      vertex 122.023 23.3311 0
      vertex 122.023 23.3311 2
    endloop
  endfacet
  facet normal 0.866026 -0.499999 0
    outer loop
      vertex 122.023 23.3311 0
      vertex 120.273 20.3 2
      vertex 120.273 20.3 0
    endloop
  endfacet
  facet normal 0.866026 0.499999 0
    outer loop
      vertex 122.023 17.2689 2
      vertex 120.273 20.3 0
      vertex 120.273 20.3 2
    endloop
  endfacet
  facet normal 0.866026 0.499999 0
    outer loop
      vertex 120.273 20.3 0
      vertex 122.023 17.2689 2
      vertex 122.023 17.2689 0
    endloop
  endfacet
  facet normal 0 1 -0
    outer loop
      vertex 84.4811 23.9189 0
      vertex 80.9811 23.9189 2
      vertex 84.4811 23.9189 2
    endloop
  endfacet
  facet normal 0 1 0
    outer loop
      vertex 80.9811 23.9189 2
      vertex 84.4811 23.9189 0
      vertex 80.9811 23.9189 0
    endloop
  endfacet
  facet normal -0.866026 0.499999 0
    outer loop
      vertex 84.4811 23.9189 0
      vertex 86.2311 26.95 2
      vertex 86.2311 26.95 0
    endloop
  endfacet
  facet normal -0.866026 0.499999 0
    outer loop
      vertex 86.2311 26.95 2
      vertex 84.4811 23.9189 0
      vertex 84.4811 23.9189 2
    endloop
  endfacet
  facet normal 0 -1 0
    outer loop
      vertex 80.9811 29.9811 0
      vertex 84.4811 29.9811 2
      vertex 80.9811 29.9811 2
    endloop
  endfacet
  facet normal 0 -1 -0
    outer loop
      vertex 84.4811 29.9811 2
      vertex 80.9811 29.9811 0
      vertex 84.4811 29.9811 0
    endloop
  endfacet
  facet normal -0.866026 -0.499999 0
    outer loop
      vertex 86.2311 26.95 0
      vertex 84.4811 29.9811 2
      vertex 84.4811 29.9811 0
    endloop
  endfacet
  facet normal -0.866026 -0.499999 0
    outer loop
      vertex 84.4811 29.9811 2
      vertex 86.2311 26.95 0
      vertex 86.2311 26.95 2
    endloop
  endfacet
  facet normal 0.866026 -0.499999 0
    outer loop
      vertex 79.2311 26.95 2
      vertex 80.9811 29.9811 0
      vertex 80.9811 29.9811 2
    endloop
  endfacet
  facet normal 0.866026 -0.499999 0
    outer loop
      vertex 80.9811 29.9811 0
      vertex 79.2311 26.95 2
      vertex 79.2311 26.95 0
    endloop
  endfacet
  facet normal 0.866026 0.499999 0
    outer loop
      vertex 80.9811 23.9189 2
      vertex 79.2311 26.95 0
      vertex 79.2311 26.95 2
    endloop
  endfacet
  facet normal 0.866026 0.499999 0
    outer loop
      vertex 79.2311 26.95 0
      vertex 80.9811 23.9189 2
      vertex 80.9811 23.9189 0
    endloop
  endfacet
  facet normal 0 1 -0
    outer loop
      vertex 91.9433 23.9189 0
      vertex 88.4433 23.9189 2
      vertex 91.9433 23.9189 2
    endloop
  endfacet
  facet normal 0 1 0
    outer loop
      vertex 88.4433 23.9189 2
      vertex 91.9433 23.9189 0
      vertex 88.4433 23.9189 0
    endloop
  endfacet
  facet normal -0.866026 0.499999 0
    outer loop
      vertex 91.9433 23.9189 0
      vertex 93.6933 26.95 2
      vertex 93.6933 26.95 0
    endloop
  endfacet
  facet normal -0.866026 0.499999 0
    outer loop
      vertex 93.6933 26.95 2
      vertex 91.9433 23.9189 0
      vertex 91.9433 23.9189 2
    endloop
  endfacet
  facet normal 0 -1 0
    outer loop
      vertex 88.4433 29.9811 0
      vertex 91.9433 29.9811 2
      vertex 88.4433 29.9811 2
    endloop
  endfacet
  facet normal 0 -1 -0
    outer loop
      vertex 91.9433 29.9811 2
      vertex 88.4433 29.9811 0
      vertex 91.9433 29.9811 0
    endloop
  endfacet
  facet normal -0.866026 -0.499999 0
    outer loop
      vertex 93.6933 26.95 0
      vertex 91.9433 29.9811 2
      vertex 91.9433 29.9811 0
    endloop
  endfacet
  facet normal -0.866026 -0.499999 0
    outer loop
      vertex 91.9433 29.9811 2
      vertex 93.6933 26.95 0
      vertex 93.6933 26.95 2
    endloop
  endfacet
  facet normal 0.866026 -0.499999 0
    outer loop
      vertex 86.6933 26.95 2
      vertex 88.4433 29.9811 0
      vertex 88.4433 29.9811 2
    endloop
  endfacet
  facet normal 0.866026 -0.499999 0
    outer loop
      vertex 88.4433 29.9811 0
      vertex 86.6933 26.95 2
      vertex 86.6933 26.95 0
    endloop
  endfacet
  facet normal 0.866026 0.499999 0
    outer loop
      vertex 88.4433 23.9189 2
      vertex 86.6933 26.95 0
      vertex 86.6933 26.95 2
    endloop
  endfacet
  facet normal 0.866026 0.499999 0
    outer loop
      vertex 86.6933 26.95 0
      vertex 88.4433 23.9189 2
      vertex 88.4433 23.9189 0
    endloop
  endfacet
  facet normal 0 1 -0
    outer loop
      vertex 99.4054 23.9189 0
      vertex 95.9054 23.9189 2
      vertex 99.4054 23.9189 2
    endloop
  endfacet
  facet normal 0 1 0
    outer loop
      vertex 95.9054 23.9189 2
      vertex 99.4054 23.9189 0
      vertex 95.9054 23.9189 0
    endloop
  endfacet
  facet normal -0.866076 0.499913 0
    outer loop
      vertex 99.4054 23.9189 0
      vertex 101.155 26.95 2
      vertex 101.155 26.95 0
    endloop
  endfacet
  facet normal -0.866076 0.499913 0
    outer loop
      vertex 101.155 26.95 2
      vertex 99.4054 23.9189 0
      vertex 99.4054 23.9189 2
    endloop
  endfacet
  facet normal 0 -1 0
    outer loop
      vertex 95.9054 29.9811 0
      vertex 99.4054 29.9811 2
      vertex 95.9054 29.9811 2
    endloop
  endfacet
  facet normal 0 -1 -0
    outer loop
      vertex 99.4054 29.9811 2
      vertex 95.9054 29.9811 0
      vertex 99.4054 29.9811 0
    endloop
  endfacet
  facet normal -0.866076 -0.499913 0
    outer loop
      vertex 101.155 26.95 0
      vertex 99.4054 29.9811 2
      vertex 99.4054 29.9811 0
    endloop
  endfacet
  facet normal -0.866076 -0.499913 0
    outer loop
      vertex 99.4054 29.9811 2
      vertex 101.155 26.95 0
      vertex 101.155 26.95 2
    endloop
  endfacet
  facet normal 0.866026 -0.499999 0
    outer loop
      vertex 94.1554 26.95 2
      vertex 95.9054 29.9811 0
      vertex 95.9054 29.9811 2
    endloop
  endfacet
  facet normal 0.866026 -0.499999 0
    outer loop
      vertex 95.9054 29.9811 0
      vertex 94.1554 26.95 2
      vertex 94.1554 26.95 0
    endloop
  endfacet
  facet normal 0.866026 0.499999 0
    outer loop
      vertex 95.9054 23.9189 2
      vertex 94.1554 26.95 0
      vertex 94.1554 26.95 2
    endloop
  endfacet
  facet normal 0.866026 0.499999 0
    outer loop
      vertex 94.1554 26.95 0
      vertex 95.9054 23.9189 2
      vertex 95.9054 23.9189 0
    endloop
  endfacet
  facet normal 0 1 -0
    outer loop
      vertex 106.868 23.9189 0
      vertex 103.368 23.9189 2
      vertex 106.868 23.9189 2
    endloop
  endfacet
  facet normal 0 1 0
    outer loop
      vertex 103.368 23.9189 2
      vertex 106.868 23.9189 0
      vertex 103.368 23.9189 0
    endloop
  endfacet
  facet normal -0.866026 0.499999 0
    outer loop
      vertex 106.868 23.9189 0
      vertex 108.618 26.95 2
      vertex 108.618 26.95 0
    endloop
  endfacet
  facet normal -0.866026 0.499999 0
    outer loop
      vertex 108.618 26.95 2
      vertex 106.868 23.9189 0
      vertex 106.868 23.9189 2
    endloop
  endfacet
  facet normal 0 -1 0
    outer loop
      vertex 103.368 29.9811 0
      vertex 106.868 29.9811 2
      vertex 103.368 29.9811 2
    endloop
  endfacet
  facet normal 0 -1 -0
    outer loop
      vertex 106.868 29.9811 2
      vertex 103.368 29.9811 0
      vertex 106.868 29.9811 0
    endloop
  endfacet
  facet normal -0.866026 -0.499999 0
    outer loop
      vertex 108.618 26.95 0
      vertex 106.868 29.9811 2
      vertex 106.868 29.9811 0
    endloop
  endfacet
  facet normal -0.866026 -0.499999 0
    outer loop
      vertex 106.868 29.9811 2
      vertex 108.618 26.95 0
      vertex 108.618 26.95 2
    endloop
  endfacet
  facet normal 0.866026 -0.499999 0
    outer loop
      vertex 101.618 26.95 2
      vertex 103.368 29.9811 0
      vertex 103.368 29.9811 2
    endloop
  endfacet
  facet normal 0.866026 -0.499999 0
    outer loop
      vertex 103.368 29.9811 0
      vertex 101.618 26.95 2
      vertex 101.618 26.95 0
    endloop
  endfacet
  facet normal 0.866026 0.499999 0
    outer loop
      vertex 103.368 23.9189 2
      vertex 101.618 26.95 0
      vertex 101.618 26.95 2
    endloop
  endfacet
  facet normal 0.866026 0.499999 0
    outer loop
      vertex 101.618 26.95 0
      vertex 103.368 23.9189 2
      vertex 103.368 23.9189 0
    endloop
  endfacet
  facet normal 0 1 -0
    outer loop
      vertex 114.33 23.9189 0
      vertex 110.83 23.9189 2
      vertex 114.33 23.9189 2
    endloop
  endfacet
  facet normal 0 1 0
    outer loop
      vertex 110.83 23.9189 2
      vertex 114.33 23.9189 0
      vertex 110.83 23.9189 0
    endloop
  endfacet
  facet normal -0.866026 0.499999 0
    outer loop
      vertex 114.33 23.9189 0
      vertex 116.08 26.95 2
      vertex 116.08 26.95 0
    endloop
  endfacet
  facet normal -0.866026 0.499999 0
    outer loop
      vertex 116.08 26.95 2
      vertex 114.33 23.9189 0
      vertex 114.33 23.9189 2
    endloop
  endfacet
  facet normal 0 -1 0
    outer loop
      vertex 110.83 29.9811 0
      vertex 114.33 29.9811 2
      vertex 110.83 29.9811 2
    endloop
  endfacet
  facet normal 0 -1 -0
    outer loop
      vertex 114.33 29.9811 2
      vertex 110.83 29.9811 0
      vertex 114.33 29.9811 0
    endloop
  endfacet
  facet normal -0.866026 -0.499999 0
    outer loop
      vertex 116.08 26.95 0
      vertex 114.33 29.9811 2
      vertex 114.33 29.9811 0
    endloop
  endfacet
  facet normal -0.866026 -0.499999 0
    outer loop
      vertex 114.33 29.9811 2
      vertex 116.08 26.95 0
      vertex 116.08 26.95 2
    endloop
  endfacet
  facet normal 0.866026 -0.499999 0
    outer loop
      vertex 109.08 26.95 2
      vertex 110.83 29.9811 0
      vertex 110.83 29.9811 2
    endloop
  endfacet
  facet normal 0.866026 -0.499999 0
    outer loop
      vertex 110.83 29.9811 0
      vertex 109.08 26.95 2
      vertex 109.08 26.95 0
    endloop
  endfacet
  facet normal 0.866026 0.499999 0
    outer loop
      vertex 110.83 23.9189 2
      vertex 109.08 26.95 0
      vertex 109.08 26.95 2
    endloop
  endfacet
  facet normal 0.866026 0.499999 0
    outer loop
      vertex 109.08 26.95 0
      vertex 110.83 23.9189 2
      vertex 110.83 23.9189 0
    endloop
  endfacet
  facet normal 0 1 -0
    outer loop
      vertex 121.792 23.9189 0
      vertex 118.292 23.9189 2
      vertex 121.792 23.9189 2
    endloop
  endfacet
  facet normal 0 1 0
    outer loop
      vertex 118.292 23.9189 2
      vertex 121.792 23.9189 0
      vertex 118.292 23.9189 0
    endloop
  endfacet
  facet normal -0.866026 0.499999 0
    outer loop
      vertex 121.792 23.9189 0
      vertex 123.542 26.95 2
      vertex 123.542 26.95 0
    endloop
  endfacet
  facet normal -0.866026 0.499999 0
    outer loop
      vertex 123.542 26.95 2
      vertex 121.792 23.9189 0
      vertex 121.792 23.9189 2
    endloop
  endfacet
  facet normal 0 -1 0
    outer loop
      vertex 118.292 29.9811 0
      vertex 121.792 29.9811 2
      vertex 118.292 29.9811 2
    endloop
  endfacet
  facet normal 0 -1 -0
    outer loop
      vertex 121.792 29.9811 2
      vertex 118.292 29.9811 0
      vertex 121.792 29.9811 0
    endloop
  endfacet
  facet normal -0.866026 -0.499999 0
    outer loop
      vertex 123.542 26.95 0
      vertex 121.792 29.9811 2
      vertex 121.792 29.9811 0
    endloop
  endfacet
  facet normal -0.866026 -0.499999 0
    outer loop
      vertex 121.792 29.9811 2
      vertex 123.542 26.95 0
      vertex 123.542 26.95 2
    endloop
  endfacet
  facet normal 0.866026 -0.499999 0
    outer loop
      vertex 116.542 26.95 2
      vertex 118.292 29.9811 0
      vertex 118.292 29.9811 2
    endloop
  endfacet
  facet normal 0.866026 -0.499999 0
    outer loop
      vertex 118.292 29.9811 0
      vertex 116.542 26.95 2
      vertex 116.542 26.95 0
    endloop
  endfacet
  facet normal 0.866026 0.499999 0
    outer loop
      vertex 118.292 23.9189 2
      vertex 116.542 26.95 0
      vertex 116.542 26.95 2
    endloop
  endfacet
  facet normal 0.866026 0.499999 0
    outer loop
      vertex 116.542 26.95 0
      vertex 118.292 23.9189 2
      vertex 118.292 23.9189 0
    endloop
  endfacet
  facet normal 0 1 -0
    outer loop
      vertex 88.2122 30.5689 0
      vertex 84.7122 30.5689 2
      vertex 88.2122 30.5689 2
    endloop
  endfacet
  facet normal 0 1 0
    outer loop
      vertex 84.7122 30.5689 2
      vertex 88.2122 30.5689 0
      vertex 84.7122 30.5689 0
    endloop
  endfacet
  facet normal -0.866026 0.499999 0
    outer loop
      vertex 88.2122 30.5689 0
      vertex 89.9622 33.6 2
      vertex 89.9622 33.6 0
    endloop
  endfacet
  facet normal -0.866026 0.499999 0
    outer loop
      vertex 89.9622 33.6 2
      vertex 88.2122 30.5689 0
      vertex 88.2122 30.5689 2
    endloop
  endfacet
  facet normal 0 -1 0
    outer loop
      vertex 84.7122 36.6311 0
      vertex 88.2122 36.6311 2
      vertex 84.7122 36.6311 2
    endloop
  endfacet
  facet normal 0 -1 -0
    outer loop
      vertex 88.2122 36.6311 2
      vertex 84.7122 36.6311 0
      vertex 88.2122 36.6311 0
    endloop
  endfacet
  facet normal -0.866026 -0.499999 0
    outer loop
      vertex 89.9622 33.6 0
      vertex 88.2122 36.6311 2
      vertex 88.2122 36.6311 0
    endloop
  endfacet
  facet normal -0.866026 -0.499999 0
    outer loop
      vertex 88.2122 36.6311 2
      vertex 89.9622 33.6 0
      vertex 89.9622 33.6 2
    endloop
  endfacet
  facet normal 0.866026 -0.499999 0
    outer loop
      vertex 82.9622 33.6 2
      vertex 84.7122 36.6311 0
      vertex 84.7122 36.6311 2
    endloop
  endfacet
  facet normal 0.866026 -0.499999 0
    outer loop
      vertex 84.7122 36.6311 0
      vertex 82.9622 33.6 2
      vertex 82.9622 33.6 0
    endloop
  endfacet
  facet normal 0.866026 0.499999 0
    outer loop
      vertex 84.7122 30.5689 2
      vertex 82.9622 33.6 0
      vertex 82.9622 33.6 2
    endloop
  endfacet
  facet normal 0.866026 0.499999 0
    outer loop
      vertex 82.9622 33.6 0
      vertex 84.7122 30.5689 2
      vertex 84.7122 30.5689 0
    endloop
  endfacet
  facet normal 0 1 -0
    outer loop
      vertex 95.6744 30.5689 0
      vertex 92.1744 30.5689 2
      vertex 95.6744 30.5689 2
    endloop
  endfacet
  facet normal 0 1 0
    outer loop
      vertex 92.1744 30.5689 2
      vertex 95.6744 30.5689 0
      vertex 92.1744 30.5689 0
    endloop
  endfacet
  facet normal -0.866026 0.499999 0
    outer loop
      vertex 95.6744 30.5689 0
      vertex 97.4244 33.6 2
      vertex 97.4244 33.6 0
    endloop
  endfacet
  facet normal -0.866026 0.499999 0
    outer loop
      vertex 97.4244 33.6 2
      vertex 95.6744 30.5689 0
      vertex 95.6744 30.5689 2
    endloop
  endfacet
  facet normal 0 -1 0
    outer loop
      vertex 92.1744 36.6311 0
      vertex 95.6744 36.6311 2
      vertex 92.1744 36.6311 2
    endloop
  endfacet
  facet normal 0 -1 -0
    outer loop
      vertex 95.6744 36.6311 2
      vertex 92.1744 36.6311 0
      vertex 95.6744 36.6311 0
    endloop
  endfacet
  facet normal -0.866026 -0.499999 0
    outer loop
      vertex 97.4244 33.6 0
      vertex 95.6744 36.6311 2
      vertex 95.6744 36.6311 0
    endloop
  endfacet
  facet normal -0.866026 -0.499999 0
    outer loop
      vertex 95.6744 36.6311 2
      vertex 97.4244 33.6 0
      vertex 97.4244 33.6 2
    endloop
  endfacet
  facet normal 0.866026 -0.499999 0
    outer loop
      vertex 90.4244 33.6 2
      vertex 92.1744 36.6311 0
      vertex 92.1744 36.6311 2
    endloop
  endfacet
  facet normal 0.866026 -0.499999 0
    outer loop
      vertex 92.1744 36.6311 0
      vertex 90.4244 33.6 2
      vertex 90.4244 33.6 0
    endloop
  endfacet
  facet normal 0.866026 0.499999 0
    outer loop
      vertex 92.1744 30.5689 2
      vertex 90.4244 33.6 0
      vertex 90.4244 33.6 2
    endloop
  endfacet
  facet normal 0.866026 0.499999 0
    outer loop
      vertex 90.4244 33.6 0
      vertex 92.1744 30.5689 2
      vertex 92.1744 30.5689 0
    endloop
  endfacet
  facet normal 0 1 -0
    outer loop
      vertex 103.137 30.5689 0
      vertex 99.6365 30.5689 2
      vertex 103.137 30.5689 2
    endloop
  endfacet
  facet normal 0 1 0
    outer loop
      vertex 99.6365 30.5689 2
      vertex 103.137 30.5689 0
      vertex 99.6365 30.5689 0
    endloop
  endfacet
  facet normal -0.866026 0.499999 0
    outer loop
      vertex 103.137 30.5689 0
      vertex 104.887 33.6 2
      vertex 104.887 33.6 0
    endloop
  endfacet
  facet normal -0.866026 0.499999 0
    outer loop
      vertex 104.887 33.6 2
      vertex 103.137 30.5689 0
      vertex 103.137 30.5689 2
    endloop
  endfacet
  facet normal 0 -1 0
    outer loop
      vertex 99.6365 36.6311 0
      vertex 103.137 36.6311 2
      vertex 99.6365 36.6311 2
    endloop
  endfacet
  facet normal 0 -1 -0
    outer loop
      vertex 103.137 36.6311 2
      vertex 99.6365 36.6311 0
      vertex 103.137 36.6311 0
    endloop
  endfacet
  facet normal -0.866026 -0.499999 0
    outer loop
      vertex 104.887 33.6 0
      vertex 103.137 36.6311 2
      vertex 103.137 36.6311 0
    endloop
  endfacet
  facet normal -0.866026 -0.499999 0
    outer loop
      vertex 103.137 36.6311 2
      vertex 104.887 33.6 0
      vertex 104.887 33.6 2
    endloop
  endfacet
  facet normal 0.866026 -0.499999 0
    outer loop
      vertex 97.8865 33.6 2
      vertex 99.6365 36.6311 0
      vertex 99.6365 36.6311 2
    endloop
  endfacet
  facet normal 0.866026 -0.499999 0
    outer loop
      vertex 99.6365 36.6311 0
      vertex 97.8865 33.6 2
      vertex 97.8865 33.6 0
    endloop
  endfacet
  facet normal 0.866026 0.499999 0
    outer loop
      vertex 99.6365 30.5689 2
      vertex 97.8865 33.6 0
      vertex 97.8865 33.6 2
    endloop
  endfacet
  facet normal 0.866026 0.499999 0
    outer loop
      vertex 97.8865 33.6 0
      vertex 99.6365 30.5689 2
      vertex 99.6365 30.5689 0
    endloop
  endfacet
  facet normal 0 1 -0
    outer loop
      vertex 110.599 30.5689 0
      vertex 107.099 30.5689 2
      vertex 110.599 30.5689 2
    endloop
  endfacet
  facet normal 0 1 0
    outer loop
      vertex 107.099 30.5689 2
      vertex 110.599 30.5689 0
      vertex 107.099 30.5689 0
    endloop
  endfacet
  facet normal -0.866026 0.499999 0
    outer loop
      vertex 110.599 30.5689 0
      vertex 112.349 33.6 2
      vertex 112.349 33.6 0
    endloop
  endfacet
  facet normal -0.866026 0.499999 0
    outer loop
      vertex 112.349 33.6 2
      vertex 110.599 30.5689 0
      vertex 110.599 30.5689 2
    endloop
  endfacet
  facet normal 0 -1 0
    outer loop
      vertex 107.099 36.6311 0
      vertex 110.599 36.6311 2
      vertex 107.099 36.6311 2
    endloop
  endfacet
  facet normal 0 -1 -0
    outer loop
      vertex 110.599 36.6311 2
      vertex 107.099 36.6311 0
      vertex 110.599 36.6311 0
    endloop
  endfacet
  facet normal -0.866026 -0.499999 0
    outer loop
      vertex 112.349 33.6 0
      vertex 110.599 36.6311 2
      vertex 110.599 36.6311 0
    endloop
  endfacet
  facet normal -0.866026 -0.499999 0
    outer loop
      vertex 110.599 36.6311 2
      vertex 112.349 33.6 0
      vertex 112.349 33.6 2
    endloop
  endfacet
  facet normal 0.866026 -0.499999 0
    outer loop
      vertex 105.349 33.6 2
      vertex 107.099 36.6311 0
      vertex 107.099 36.6311 2
    endloop
  endfacet
  facet normal 0.866026 -0.499999 0
    outer loop
      vertex 107.099 36.6311 0
      vertex 105.349 33.6 2
      vertex 105.349 33.6 0
    endloop
  endfacet
  facet normal 0.866026 0.499999 0
    outer loop
      vertex 107.099 30.5689 2
      vertex 105.349 33.6 0
      vertex 105.349 33.6 2
    endloop
  endfacet
  facet normal 0.866026 0.499999 0
    outer loop
      vertex 105.349 33.6 0
      vertex 107.099 30.5689 2
      vertex 107.099 30.5689 0
    endloop
  endfacet
  facet normal 0 1 -0
    outer loop
      vertex 118.061 30.5689 0
      vertex 114.561 30.5689 2
      vertex 118.061 30.5689 2
    endloop
  endfacet
  facet normal 0 1 0
    outer loop
      vertex 114.561 30.5689 2
      vertex 118.061 30.5689 0
      vertex 114.561 30.5689 0
    endloop
  endfacet
  facet normal -0.866026 0.499999 0
    outer loop
      vertex 118.061 30.5689 0
      vertex 119.811 33.6 2
      vertex 119.811 33.6 0
    endloop
  endfacet
  facet normal -0.866026 0.499999 0
    outer loop
      vertex 119.811 33.6 2
      vertex 118.061 30.5689 0
      vertex 118.061 30.5689 2
    endloop
  endfacet
  facet normal 0 -1 0
    outer loop
      vertex 114.561 36.6311 0
      vertex 118.061 36.6311 2
      vertex 114.561 36.6311 2
    endloop
  endfacet
  facet normal 0 -1 -0
    outer loop
      vertex 118.061 36.6311 2
      vertex 114.561 36.6311 0
      vertex 118.061 36.6311 0
    endloop
  endfacet
  facet normal -0.866026 -0.499999 0
    outer loop
      vertex 119.811 33.6 0
      vertex 118.061 36.6311 2
      vertex 118.061 36.6311 0
    endloop
  endfacet
  facet normal -0.866026 -0.499999 0
    outer loop
      vertex 118.061 36.6311 2
      vertex 119.811 33.6 0
      vertex 119.811 33.6 2
    endloop
  endfacet
  facet normal 0.866026 -0.499999 0
    outer loop
      vertex 112.811 33.6 2
      vertex 114.561 36.6311 0
      vertex 114.561 36.6311 2
    endloop
  endfacet
  facet normal 0.866026 -0.499999 0
    outer loop
      vertex 114.561 36.6311 0
      vertex 112.811 33.6 2
      vertex 112.811 33.6 0
    endloop
  endfacet
  facet normal 0.866026 0.499999 0
    outer loop
      vertex 114.561 30.5689 2
      vertex 112.811 33.6 0
      vertex 112.811 33.6 2
    endloop
  endfacet
  facet normal 0.866026 0.499999 0
    outer loop
      vertex 112.811 33.6 0
      vertex 114.561 30.5689 2
      vertex 114.561 30.5689 0
    endloop
  endfacet
  facet normal 0 1 -0
    outer loop
      vertex 125.523 30.5689 0
      vertex 122.023 30.5689 2
      vertex 125.523 30.5689 2
    endloop
  endfacet
  facet normal 0 1 0
    outer loop
      vertex 122.023 30.5689 2
      vertex 125.523 30.5689 0
      vertex 122.023 30.5689 0
    endloop
  endfacet
  facet normal -0.866026 0.499999 0
    outer loop
      vertex 125.523 30.5689 0
      vertex 127.273 33.6 2
      vertex 127.273 33.6 0
    endloop
  endfacet
  facet normal -0.866026 0.499999 0
    outer loop
      vertex 127.273 33.6 2
      vertex 125.523 30.5689 0
      vertex 125.523 30.5689 2
    endloop
  endfacet
  facet normal 0 -1 0
    outer loop
      vertex 122.023 36.6311 0
      vertex 125.523 36.6311 2
      vertex 122.023 36.6311 2
    endloop
  endfacet
  facet normal 0 -1 -0
    outer loop
      vertex 125.523 36.6311 2
      vertex 122.023 36.6311 0
      vertex 125.523 36.6311 0
    endloop
  endfacet
  facet normal -0.866026 -0.499999 0
    outer loop
      vertex 127.273 33.6 0
      vertex 125.523 36.6311 2
      vertex 125.523 36.6311 0
    endloop
  endfacet
  facet normal -0.866026 -0.499999 0
    outer loop
      vertex 125.523 36.6311 2
      vertex 127.273 33.6 0
      vertex 127.273 33.6 2
    endloop
  endfacet
  facet normal 0.866026 -0.499999 0
    outer loop
      vertex 120.273 33.6 2
      vertex 122.023 36.6311 0
      vertex 122.023 36.6311 2
    endloop
  endfacet
  facet normal 0.866026 -0.499999 0
    outer loop
      vertex 122.023 36.6311 0
      vertex 120.273 33.6 2
      vertex 120.273 33.6 0
    endloop
  endfacet
  facet normal 0.866026 0.499999 0
    outer loop
      vertex 122.023 30.5689 2
      vertex 120.273 33.6 0
      vertex 120.273 33.6 2
    endloop
  endfacet
  facet normal 0.866026 0.499999 0
    outer loop
      vertex 120.273 33.6 0
      vertex 122.023 30.5689 2
      vertex 122.023 30.5689 0
    endloop
  endfacet
  facet normal 0 -1 0
    outer loop
      vertex 80.9811 43.2811 0
      vertex 84.4811 43.2811 2
      vertex 80.9811 43.2811 2
    endloop
  endfacet
  facet normal 0 -1 -0
    outer loop
      vertex 84.4811 43.2811 2
      vertex 80.9811 43.2811 0
      vertex 84.4811 43.2811 0
    endloop
  endfacet
  facet normal -0.866026 -0.499999 0
    outer loop
      vertex 86.2311 40.25 0
      vertex 84.4811 43.2811 2
      vertex 84.4811 43.2811 0
    endloop
  endfacet
  facet normal -0.866026 -0.499999 0
    outer loop
      vertex 84.4811 43.2811 2
      vertex 86.2311 40.25 0
      vertex 86.2311 40.25 2
    endloop
  endfacet
  facet normal 0.866026 -0.499999 0
    outer loop
      vertex 79.2311 40.25 2
      vertex 80.9811 43.2811 0
      vertex 80.9811 43.2811 2
    endloop
  endfacet
  facet normal 0.866026 -0.499999 0
    outer loop
      vertex 80.9811 43.2811 0
      vertex 79.2311 40.25 2
      vertex 79.2311 40.25 0
    endloop
  endfacet
  facet normal 0.866026 0.499999 0
    outer loop
      vertex 80.9811 37.2189 2
      vertex 79.2311 40.25 0
      vertex 79.2311 40.25 2
    endloop
  endfacet
  facet normal 0.866026 0.499999 0
    outer loop
      vertex 79.2311 40.25 0
      vertex 80.9811 37.2189 2
      vertex 80.9811 37.2189 0
    endloop
  endfacet
  facet normal 0 1 -0
    outer loop
      vertex 84.4811 37.2189 0
      vertex 80.9811 37.2189 2
      vertex 84.4811 37.2189 2
    endloop
  endfacet
  facet normal 0 1 0
    outer loop
      vertex 80.9811 37.2189 2
      vertex 84.4811 37.2189 0
      vertex 80.9811 37.2189 0
    endloop
  endfacet
  facet normal -0.866026 0.499999 0
    outer loop
      vertex 84.4811 37.2189 0
      vertex 86.2311 40.25 2
      vertex 86.2311 40.25 0
    endloop
  endfacet
  facet normal -0.866026 0.499999 0
    outer loop
      vertex 86.2311 40.25 2
      vertex 84.4811 37.2189 0
      vertex 84.4811 37.2189 2
    endloop
  endfacet
  facet normal 0 1 -0
    outer loop
      vertex 91.9433 37.2189 0
      vertex 88.4433 37.2189 2
      vertex 91.9433 37.2189 2
    endloop
  endfacet
  facet normal 0 1 0
    outer loop
      vertex 88.4433 37.2189 2
      vertex 91.9433 37.2189 0
      vertex 88.4433 37.2189 0
    endloop
  endfacet
  facet normal 0 -1 0
    outer loop
      vertex 88.4433 43.2811 0
      vertex 91.9433 43.2811 2
      vertex 88.4433 43.2811 2
    endloop
  endfacet
  facet normal 0 -1 -0
    outer loop
      vertex 91.9433 43.2811 2
      vertex 88.4433 43.2811 0
      vertex 91.9433 43.2811 0
    endloop
  endfacet
  facet normal -0.866026 -0.499999 0
    outer loop
      vertex 93.6933 40.25 0
      vertex 91.9433 43.2811 2
      vertex 91.9433 43.2811 0
    endloop
  endfacet
  facet normal -0.866026 -0.499999 0
    outer loop
      vertex 91.9433 43.2811 2
      vertex 93.6933 40.25 0
      vertex 93.6933 40.25 2
    endloop
  endfacet
  facet normal 0.866026 -0.499999 0
    outer loop
      vertex 86.6933 40.25 2
      vertex 88.4433 43.2811 0
      vertex 88.4433 43.2811 2
    endloop
  endfacet
  facet normal 0.866026 -0.499999 0
    outer loop
      vertex 88.4433 43.2811 0
      vertex 86.6933 40.25 2
      vertex 86.6933 40.25 0
    endloop
  endfacet
  facet normal 0.866026 0.499999 0
    outer loop
      vertex 88.4433 37.2189 2
      vertex 86.6933 40.25 0
      vertex 86.6933 40.25 2
    endloop
  endfacet
  facet normal 0.866026 0.499999 0
    outer loop
      vertex 86.6933 40.25 0
      vertex 88.4433 37.2189 2
      vertex 88.4433 37.2189 0
    endloop
  endfacet
  facet normal -0.866026 0.499999 0
    outer loop
      vertex 91.9433 37.2189 0
      vertex 93.6933 40.25 2
      vertex 93.6933 40.25 0
    endloop
  endfacet
  facet normal -0.866026 0.499999 0
    outer loop
      vertex 93.6933 40.25 2
      vertex 91.9433 37.2189 0
      vertex 91.9433 37.2189 2
    endloop
  endfacet
  facet normal 0 -1 0
    outer loop
      vertex 95.9054 43.2811 0
      vertex 99.4054 43.2811 2
      vertex 95.9054 43.2811 2
    endloop
  endfacet
  facet normal 0 -1 -0
    outer loop
      vertex 99.4054 43.2811 2
      vertex 95.9054 43.2811 0
      vertex 99.4054 43.2811 0
    endloop
  endfacet
  facet normal -0.866076 -0.499913 0
    outer loop
      vertex 101.155 40.25 0
      vertex 99.4054 43.2811 2
      vertex 99.4054 43.2811 0
    endloop
  endfacet
  facet normal -0.866076 -0.499913 0
    outer loop
      vertex 99.4054 43.2811 2
      vertex 101.155 40.25 0
      vertex 101.155 40.25 2
    endloop
  endfacet
  facet normal 0.866026 -0.499999 0
    outer loop
      vertex 94.1554 40.25 2
      vertex 95.9054 43.2811 0
      vertex 95.9054 43.2811 2
    endloop
  endfacet
  facet normal 0.866026 -0.499999 0
    outer loop
      vertex 95.9054 43.2811 0
      vertex 94.1554 40.25 2
      vertex 94.1554 40.25 0
    endloop
  endfacet
  facet normal 0.866026 0.499999 0
    outer loop
      vertex 95.9054 37.2189 2
      vertex 94.1554 40.25 0
      vertex 94.1554 40.25 2
    endloop
  endfacet
  facet normal 0.866026 0.499999 0
    outer loop
      vertex 94.1554 40.25 0
      vertex 95.9054 37.2189 2
      vertex 95.9054 37.2189 0
    endloop
  endfacet
  facet normal 0 1 -0
    outer loop
      vertex 99.4054 37.2189 0
      vertex 95.9054 37.2189 2
      vertex 99.4054 37.2189 2
    endloop
  endfacet
  facet normal 0 1 0
    outer loop
      vertex 95.9054 37.2189 2
      vertex 99.4054 37.2189 0
      vertex 95.9054 37.2189 0
    endloop
  endfacet
  facet normal -0.866076 0.499913 0
    outer loop
      vertex 99.4054 37.2189 0
      vertex 101.155 40.25 2
      vertex 101.155 40.25 0
    endloop
  endfacet
  facet normal -0.866076 0.499913 0
    outer loop
      vertex 101.155 40.25 2
      vertex 99.4054 37.2189 0
      vertex 99.4054 37.2189 2
    endloop
  endfacet
  facet normal 0 1 -0
    outer loop
      vertex 106.868 37.2189 0
      vertex 103.368 37.2189 2
      vertex 106.868 37.2189 2
    endloop
  endfacet
  facet normal 0 1 0
    outer loop
      vertex 103.368 37.2189 2
      vertex 106.868 37.2189 0
      vertex 103.368 37.2189 0
    endloop
  endfacet
  facet normal 0 -1 0
    outer loop
      vertex 103.368 43.2811 0
      vertex 106.868 43.2811 2
      vertex 103.368 43.2811 2
    endloop
  endfacet
  facet normal 0 -1 -0
    outer loop
      vertex 106.868 43.2811 2
      vertex 103.368 43.2811 0
      vertex 106.868 43.2811 0
    endloop
  endfacet
  facet normal -0.866026 -0.499999 0
    outer loop
      vertex 108.618 40.25 0
      vertex 106.868 43.2811 2
      vertex 106.868 43.2811 0
    endloop
  endfacet
  facet normal -0.866026 -0.499999 0
    outer loop
      vertex 106.868 43.2811 2
      vertex 108.618 40.25 0
      vertex 108.618 40.25 2
    endloop
  endfacet
  facet normal 0.866026 -0.499999 0
    outer loop
      vertex 101.618 40.25 2
      vertex 103.368 43.2811 0
      vertex 103.368 43.2811 2
    endloop
  endfacet
  facet normal 0.866026 -0.499999 0
    outer loop
      vertex 103.368 43.2811 0
      vertex 101.618 40.25 2
      vertex 101.618 40.25 0
    endloop
  endfacet
  facet normal 0.866026 0.499999 0
    outer loop
      vertex 103.368 37.2189 2
      vertex 101.618 40.25 0
      vertex 101.618 40.25 2
    endloop
  endfacet
  facet normal 0.866026 0.499999 0
    outer loop
      vertex 101.618 40.25 0
      vertex 103.368 37.2189 2
      vertex 103.368 37.2189 0
    endloop
  endfacet
  facet normal -0.866026 0.499999 0
    outer loop
      vertex 106.868 37.2189 0
      vertex 108.618 40.25 2
      vertex 108.618 40.25 0
    endloop
  endfacet
  facet normal -0.866026 0.499999 0
    outer loop
      vertex 108.618 40.25 2
      vertex 106.868 37.2189 0
      vertex 106.868 37.2189 2
    endloop
  endfacet
  facet normal 0 -1 0
    outer loop
      vertex 110.83 43.2811 0
      vertex 114.33 43.2811 2
      vertex 110.83 43.2811 2
    endloop
  endfacet
  facet normal 0 -1 -0
    outer loop
      vertex 114.33 43.2811 2
      vertex 110.83 43.2811 0
      vertex 114.33 43.2811 0
    endloop
  endfacet
  facet normal -0.866026 -0.499999 0
    outer loop
      vertex 116.08 40.25 0
      vertex 114.33 43.2811 2
      vertex 114.33 43.2811 0
    endloop
  endfacet
  facet normal -0.866026 -0.499999 0
    outer loop
      vertex 114.33 43.2811 2
      vertex 116.08 40.25 0
      vertex 116.08 40.25 2
    endloop
  endfacet
  facet normal 0.866026 -0.499999 0
    outer loop
      vertex 109.08 40.25 2
      vertex 110.83 43.2811 0
      vertex 110.83 43.2811 2
    endloop
  endfacet
  facet normal 0.866026 -0.499999 0
    outer loop
      vertex 110.83 43.2811 0
      vertex 109.08 40.25 2
      vertex 109.08 40.25 0
    endloop
  endfacet
  facet normal 0.866026 0.499999 0
    outer loop
      vertex 110.83 37.2189 2
      vertex 109.08 40.25 0
      vertex 109.08 40.25 2
    endloop
  endfacet
  facet normal 0.866026 0.499999 0
    outer loop
      vertex 109.08 40.25 0
      vertex 110.83 37.2189 2
      vertex 110.83 37.2189 0
    endloop
  endfacet
  facet normal 0 1 -0
    outer loop
      vertex 114.33 37.2189 0
      vertex 110.83 37.2189 2
      vertex 114.33 37.2189 2
    endloop
  endfacet
  facet normal 0 1 0
    outer loop
      vertex 110.83 37.2189 2
      vertex 114.33 37.2189 0
      vertex 110.83 37.2189 0
    endloop
  endfacet
  facet normal -0.866026 0.499999 0
    outer loop
      vertex 114.33 37.2189 0
      vertex 116.08 40.25 2
      vertex 116.08 40.25 0
    endloop
  endfacet
  facet normal -0.866026 0.499999 0
    outer loop
      vertex 116.08 40.25 2
      vertex 114.33 37.2189 0
      vertex 114.33 37.2189 2
    endloop
  endfacet
  facet normal 0 -1 0
    outer loop
      vertex 118.292 43.2811 0
      vertex 121.792 43.2811 2
      vertex 118.292 43.2811 2
    endloop
  endfacet
  facet normal 0 -1 -0
    outer loop
      vertex 121.792 43.2811 2
      vertex 118.292 43.2811 0
      vertex 121.792 43.2811 0
    endloop
  endfacet
  facet normal -0.866026 -0.499999 0
    outer loop
      vertex 123.542 40.25 0
      vertex 121.792 43.2811 2
      vertex 121.792 43.2811 0
    endloop
  endfacet
  facet normal -0.866026 -0.499999 0
    outer loop
      vertex 121.792 43.2811 2
      vertex 123.542 40.25 0
      vertex 123.542 40.25 2
    endloop
  endfacet
  facet normal 0.866026 -0.499999 0
    outer loop
      vertex 116.542 40.25 2
      vertex 118.292 43.2811 0
      vertex 118.292 43.2811 2
    endloop
  endfacet
  facet normal 0.866026 -0.499999 0
    outer loop
      vertex 118.292 43.2811 0
      vertex 116.542 40.25 2
      vertex 116.542 40.25 0
    endloop
  endfacet
  facet normal 0.866026 0.499999 0
    outer loop
      vertex 118.292 37.2189 2
      vertex 116.542 40.25 0
      vertex 116.542 40.25 2
    endloop
  endfacet
  facet normal 0.866026 0.499999 0
    outer loop
      vertex 116.542 40.25 0
      vertex 118.292 37.2189 2
      vertex 118.292 37.2189 0
    endloop
  endfacet
  facet normal 0 1 -0
    outer loop
      vertex 121.792 37.2189 0
      vertex 118.292 37.2189 2
      vertex 121.792 37.2189 2
    endloop
  endfacet
  facet normal 0 1 0
    outer loop
      vertex 118.292 37.2189 2
      vertex 121.792 37.2189 0
      vertex 118.292 37.2189 0
    endloop
  endfacet
  facet normal -0.866026 0.499999 0
    outer loop
      vertex 121.792 37.2189 0
      vertex 123.542 40.25 2
      vertex 123.542 40.25 0
    endloop
  endfacet
  facet normal -0.866026 0.499999 0
    outer loop
      vertex 123.542 40.25 2
      vertex 121.792 37.2189 0
      vertex 121.792 37.2189 2
    endloop
  endfacet
  facet normal 0 1 -0
    outer loop
      vertex 88.2122 43.8689 0
      vertex 84.7122 43.8689 2
      vertex 88.2122 43.8689 2
    endloop
  endfacet
  facet normal 0 1 0
    outer loop
      vertex 84.7122 43.8689 2
      vertex 88.2122 43.8689 0
      vertex 84.7122 43.8689 0
    endloop
  endfacet
  facet normal -0.866026 0.499999 0
    outer loop
      vertex 88.2122 43.8689 0
      vertex 89.9622 46.9 2
      vertex 89.9622 46.9 0
    endloop
  endfacet
  facet normal -0.866026 0.499999 0
    outer loop
      vertex 89.9622 46.9 2
      vertex 88.2122 43.8689 0
      vertex 88.2122 43.8689 2
    endloop
  endfacet
  facet normal 0 -1 0
    outer loop
      vertex 84.7122 49.9311 0
      vertex 88.2122 49.9311 2
      vertex 84.7122 49.9311 2
    endloop
  endfacet
  facet normal 0 -1 -0
    outer loop
      vertex 88.2122 49.9311 2
      vertex 84.7122 49.9311 0
      vertex 88.2122 49.9311 0
    endloop
  endfacet
  facet normal -0.866026 -0.499999 0
    outer loop
      vertex 89.9622 46.9 0
      vertex 88.2122 49.9311 2
      vertex 88.2122 49.9311 0
    endloop
  endfacet
  facet normal -0.866026 -0.499999 0
    outer loop
      vertex 88.2122 49.9311 2
      vertex 89.9622 46.9 0
      vertex 89.9622 46.9 2
    endloop
  endfacet
  facet normal 0.866026 -0.499999 0
    outer loop
      vertex 82.9622 46.9 2
      vertex 84.7122 49.9311 0
      vertex 84.7122 49.9311 2
    endloop
  endfacet
  facet normal 0.866026 -0.499999 0
    outer loop
      vertex 84.7122 49.9311 0
      vertex 82.9622 46.9 2
      vertex 82.9622 46.9 0
    endloop
  endfacet
  facet normal 0.866026 0.499999 0
    outer loop
      vertex 84.7122 43.8689 2
      vertex 82.9622 46.9 0
      vertex 82.9622 46.9 2
    endloop
  endfacet
  facet normal 0.866026 0.499999 0
    outer loop
      vertex 82.9622 46.9 0
      vertex 84.7122 43.8689 2
      vertex 84.7122 43.8689 0
    endloop
  endfacet
  facet normal 0 1 -0
    outer loop
      vertex 95.6744 43.8689 0
      vertex 92.1744 43.8689 2
      vertex 95.6744 43.8689 2
    endloop
  endfacet
  facet normal 0 1 0
    outer loop
      vertex 92.1744 43.8689 2
      vertex 95.6744 43.8689 0
      vertex 92.1744 43.8689 0
    endloop
  endfacet
  facet normal -0.866026 0.499999 0
    outer loop
      vertex 95.6744 43.8689 0
      vertex 97.4244 46.9 2
      vertex 97.4244 46.9 0
    endloop
  endfacet
  facet normal -0.866026 0.499999 0
    outer loop
      vertex 97.4244 46.9 2
      vertex 95.6744 43.8689 0
      vertex 95.6744 43.8689 2
    endloop
  endfacet
  facet normal 0 -1 0
    outer loop
      vertex 92.1744 49.9311 0
      vertex 95.6744 49.9311 2
      vertex 92.1744 49.9311 2
    endloop
  endfacet
  facet normal 0 -1 -0
    outer loop
      vertex 95.6744 49.9311 2
      vertex 92.1744 49.9311 0
      vertex 95.6744 49.9311 0
    endloop
  endfacet
  facet normal -0.866026 -0.499999 0
    outer loop
      vertex 97.4244 46.9 0
      vertex 95.6744 49.9311 2
      vertex 95.6744 49.9311 0
    endloop
  endfacet
  facet normal -0.866026 -0.499999 0
    outer loop
      vertex 95.6744 49.9311 2
      vertex 97.4244 46.9 0
      vertex 97.4244 46.9 2
    endloop
  endfacet
  facet normal 0.866026 -0.499999 0
    outer loop
      vertex 90.4244 46.9 2
      vertex 92.1744 49.9311 0
      vertex 92.1744 49.9311 2
    endloop
  endfacet
  facet normal 0.866026 -0.499999 0
    outer loop
      vertex 92.1744 49.9311 0
      vertex 90.4244 46.9 2
      vertex 90.4244 46.9 0
    endloop
  endfacet
  facet normal 0.866026 0.499999 0
    outer loop
      vertex 92.1744 43.8689 2
      vertex 90.4244 46.9 0
      vertex 90.4244 46.9 2
    endloop
  endfacet
  facet normal 0.866026 0.499999 0
    outer loop
      vertex 90.4244 46.9 0
      vertex 92.1744 43.8689 2
      vertex 92.1744 43.8689 0
    endloop
  endfacet
  facet normal 0 1 -0
    outer loop
      vertex 103.137 43.8689 0
      vertex 99.6365 43.8689 2
      vertex 103.137 43.8689 2
    endloop
  endfacet
  facet normal 0 1 0
    outer loop
      vertex 99.6365 43.8689 2
      vertex 103.137 43.8689 0
      vertex 99.6365 43.8689 0
    endloop
  endfacet
  facet normal -0.866026 0.499999 0
    outer loop
      vertex 103.137 43.8689 0
      vertex 104.887 46.9 2
      vertex 104.887 46.9 0
    endloop
  endfacet
  facet normal -0.866026 0.499999 0
    outer loop
      vertex 104.887 46.9 2
      vertex 103.137 43.8689 0
      vertex 103.137 43.8689 2
    endloop
  endfacet
  facet normal 0 -1 0
    outer loop
      vertex 99.6365 49.9311 0
      vertex 103.137 49.9311 2
      vertex 99.6365 49.9311 2
    endloop
  endfacet
  facet normal 0 -1 -0
    outer loop
      vertex 103.137 49.9311 2
      vertex 99.6365 49.9311 0
      vertex 103.137 49.9311 0
    endloop
  endfacet
  facet normal -0.866026 -0.499999 0
    outer loop
      vertex 104.887 46.9 0
      vertex 103.137 49.9311 2
      vertex 103.137 49.9311 0
    endloop
  endfacet
  facet normal -0.866026 -0.499999 0
    outer loop
      vertex 103.137 49.9311 2
      vertex 104.887 46.9 0
      vertex 104.887 46.9 2
    endloop
  endfacet
  facet normal 0.866026 -0.499999 0
    outer loop
      vertex 97.8865 46.9 2
      vertex 99.6365 49.9311 0
      vertex 99.6365 49.9311 2
    endloop
  endfacet
  facet normal 0.866026 -0.499999 0
    outer loop
      vertex 99.6365 49.9311 0
      vertex 97.8865 46.9 2
      vertex 97.8865 46.9 0
    endloop
  endfacet
  facet normal 0.866026 0.499999 0
    outer loop
      vertex 99.6365 43.8689 2
      vertex 97.8865 46.9 0
      vertex 97.8865 46.9 2
    endloop
  endfacet
  facet normal 0.866026 0.499999 0
    outer loop
      vertex 97.8865 46.9 0
      vertex 99.6365 43.8689 2
      vertex 99.6365 43.8689 0
    endloop
  endfacet
  facet normal 0 1 -0
    outer loop
      vertex 110.599 43.8689 0
      vertex 107.099 43.8689 2
      vertex 110.599 43.8689 2
    endloop
  endfacet
  facet normal 0 1 0
    outer loop
      vertex 107.099 43.8689 2
      vertex 110.599 43.8689 0
      vertex 107.099 43.8689 0
    endloop
  endfacet
  facet normal -0.866026 0.499999 0
    outer loop
      vertex 110.599 43.8689 0
      vertex 112.349 46.9 2
      vertex 112.349 46.9 0
    endloop
  endfacet
  facet normal -0.866026 0.499999 0
    outer loop
      vertex 112.349 46.9 2
      vertex 110.599 43.8689 0
      vertex 110.599 43.8689 2
    endloop
  endfacet
  facet normal 0 -1 0
    outer loop
      vertex 107.099 49.9311 0
      vertex 110.599 49.9311 2
      vertex 107.099 49.9311 2
    endloop
  endfacet
  facet normal 0 -1 -0
    outer loop
      vertex 110.599 49.9311 2
      vertex 107.099 49.9311 0
      vertex 110.599 49.9311 0
    endloop
  endfacet
  facet normal -0.866026 -0.499999 0
    outer loop
      vertex 112.349 46.9 0
      vertex 110.599 49.9311 2
      vertex 110.599 49.9311 0
    endloop
  endfacet
  facet normal -0.866026 -0.499999 0
    outer loop
      vertex 110.599 49.9311 2
      vertex 112.349 46.9 0
      vertex 112.349 46.9 2
    endloop
  endfacet
  facet normal 0.866026 -0.499999 0
    outer loop
      vertex 105.349 46.9 2
      vertex 107.099 49.9311 0
      vertex 107.099 49.9311 2
    endloop
  endfacet
  facet normal 0.866026 -0.499999 0
    outer loop
      vertex 107.099 49.9311 0
      vertex 105.349 46.9 2
      vertex 105.349 46.9 0
    endloop
  endfacet
  facet normal 0.866026 0.499999 0
    outer loop
      vertex 107.099 43.8689 2
      vertex 105.349 46.9 0
      vertex 105.349 46.9 2
    endloop
  endfacet
  facet normal 0.866026 0.499999 0
    outer loop
      vertex 105.349 46.9 0
      vertex 107.099 43.8689 2
      vertex 107.099 43.8689 0
    endloop
  endfacet
  facet normal 0 1 -0
    outer loop
      vertex 118.061 43.8689 0
      vertex 114.561 43.8689 2
      vertex 118.061 43.8689 2
    endloop
  endfacet
  facet normal 0 1 0
    outer loop
      vertex 114.561 43.8689 2
      vertex 118.061 43.8689 0
      vertex 114.561 43.8689 0
    endloop
  endfacet
  facet normal -0.866026 0.499999 0
    outer loop
      vertex 118.061 43.8689 0
      vertex 119.811 46.9 2
      vertex 119.811 46.9 0
    endloop
  endfacet
  facet normal -0.866026 0.499999 0
    outer loop
      vertex 119.811 46.9 2
      vertex 118.061 43.8689 0
      vertex 118.061 43.8689 2
    endloop
  endfacet
  facet normal 0 -1 0
    outer loop
      vertex 114.561 49.9311 0
      vertex 118.061 49.9311 2
      vertex 114.561 49.9311 2
    endloop
  endfacet
  facet normal 0 -1 -0
    outer loop
      vertex 118.061 49.9311 2
      vertex 114.561 49.9311 0
      vertex 118.061 49.9311 0
    endloop
  endfacet
  facet normal -0.866026 -0.499999 0
    outer loop
      vertex 119.811 46.9 0
      vertex 118.061 49.9311 2
      vertex 118.061 49.9311 0
    endloop
  endfacet
  facet normal -0.866026 -0.499999 0
    outer loop
      vertex 118.061 49.9311 2
      vertex 119.811 46.9 0
      vertex 119.811 46.9 2
    endloop
  endfacet
  facet normal 0.866026 -0.499999 0
    outer loop
      vertex 112.811 46.9 2
      vertex 114.561 49.9311 0
      vertex 114.561 49.9311 2
    endloop
  endfacet
  facet normal 0.866026 -0.499999 0
    outer loop
      vertex 114.561 49.9311 0
      vertex 112.811 46.9 2
      vertex 112.811 46.9 0
    endloop
  endfacet
  facet normal 0.866026 0.499999 0
    outer loop
      vertex 114.561 43.8689 2
      vertex 112.811 46.9 0
      vertex 112.811 46.9 2
    endloop
  endfacet
  facet normal 0.866026 0.499999 0
    outer loop
      vertex 112.811 46.9 0
      vertex 114.561 43.8689 2
      vertex 114.561 43.8689 0
    endloop
  endfacet
  facet normal 0 1 -0
    outer loop
      vertex 125.523 43.8689 0
      vertex 122.023 43.8689 2
      vertex 125.523 43.8689 2
    endloop
  endfacet
  facet normal 0 1 0
    outer loop
      vertex 122.023 43.8689 2
      vertex 125.523 43.8689 0
      vertex 122.023 43.8689 0
    endloop
  endfacet
  facet normal -0.866026 0.499999 0
    outer loop
      vertex 125.523 43.8689 0
      vertex 127.273 46.9 2
      vertex 127.273 46.9 0
    endloop
  endfacet
  facet normal -0.866026 0.499999 0
    outer loop
      vertex 127.273 46.9 2
      vertex 125.523 43.8689 0
      vertex 125.523 43.8689 2
    endloop
  endfacet
  facet normal 0 -1 0
    outer loop
      vertex 122.023 49.9311 0
      vertex 125.523 49.9311 2
      vertex 122.023 49.9311 2
    endloop
  endfacet
  facet normal 0 -1 -0
    outer loop
      vertex 125.523 49.9311 2
      vertex 122.023 49.9311 0
      vertex 125.523 49.9311 0
    endloop
  endfacet
  facet normal -0.866026 -0.499999 0
    outer loop
      vertex 127.273 46.9 0
      vertex 125.523 49.9311 2
      vertex 125.523 49.9311 0
    endloop
  endfacet
  facet normal -0.866026 -0.499999 0
    outer loop
      vertex 125.523 49.9311 2
      vertex 127.273 46.9 0
      vertex 127.273 46.9 2
    endloop
  endfacet
  facet normal 0.866026 -0.499999 0
    outer loop
      vertex 120.273 46.9 2
      vertex 122.023 49.9311 0
      vertex 122.023 49.9311 2
    endloop
  endfacet
  facet normal 0.866026 -0.499999 0
    outer loop
      vertex 122.023 49.9311 0
      vertex 120.273 46.9 2
      vertex 120.273 46.9 0
    endloop
  endfacet
  facet normal 0.866026 0.499999 0
    outer loop
      vertex 122.023 43.8689 2
      vertex 120.273 46.9 0
      vertex 120.273 46.9 2
    endloop
  endfacet
  facet normal 0.866026 0.499999 0
    outer loop
      vertex 120.273 46.9 0
      vertex 122.023 43.8689 2
      vertex 122.023 43.8689 0
    endloop
  endfacet
  facet normal 0 1 -0
    outer loop
      vertex 84.4811 50.5189 0
      vertex 80.9811 50.5189 2
      vertex 84.4811 50.5189 2
    endloop
  endfacet
  facet normal 0 1 0
    outer loop
      vertex 80.9811 50.5189 2
      vertex 84.4811 50.5189 0
      vertex 80.9811 50.5189 0
    endloop
  endfacet
  facet normal -0.866026 0.499999 0
    outer loop
      vertex 84.4811 50.5189 0
      vertex 86.2311 53.55 2
      vertex 86.2311 53.55 0
    endloop
  endfacet
  facet normal -0.866026 0.499999 0
    outer loop
      vertex 86.2311 53.55 2
      vertex 84.4811 50.5189 0
      vertex 84.4811 50.5189 2
    endloop
  endfacet
  facet normal 0 -1 0
    outer loop
      vertex 80.9811 56.5811 0
      vertex 84.4811 56.5811 2
      vertex 80.9811 56.5811 2
    endloop
  endfacet
  facet normal 0 -1 -0
    outer loop
      vertex 84.4811 56.5811 2
      vertex 80.9811 56.5811 0
      vertex 84.4811 56.5811 0
    endloop
  endfacet
  facet normal -0.866026 -0.499999 0
    outer loop
      vertex 86.2311 53.55 0
      vertex 84.4811 56.5811 2
      vertex 84.4811 56.5811 0
    endloop
  endfacet
  facet normal -0.866026 -0.499999 0
    outer loop
      vertex 84.4811 56.5811 2
      vertex 86.2311 53.55 0
      vertex 86.2311 53.55 2
    endloop
  endfacet
  facet normal 0.866026 -0.499999 0
    outer loop
      vertex 79.2311 53.55 2
      vertex 80.9811 56.5811 0
      vertex 80.9811 56.5811 2
    endloop
  endfacet
  facet normal 0.866026 -0.499999 0
    outer loop
      vertex 80.9811 56.5811 0
      vertex 79.2311 53.55 2
      vertex 79.2311 53.55 0
    endloop
  endfacet
  facet normal 0.866026 0.499999 0
    outer loop
      vertex 80.9811 50.5189 2
      vertex 79.2311 53.55 0
      vertex 79.2311 53.55 2
    endloop
  endfacet
  facet normal 0.866026 0.499999 0
    outer loop
      vertex 79.2311 53.55 0
      vertex 80.9811 50.5189 2
      vertex 80.9811 50.5189 0
    endloop
  endfacet
  facet normal 0 1 -0
    outer loop
      vertex 91.9433 50.5189 0
      vertex 88.4433 50.5189 2
      vertex 91.9433 50.5189 2
    endloop
  endfacet
  facet normal 0 1 0
    outer loop
      vertex 88.4433 50.5189 2
      vertex 91.9433 50.5189 0
      vertex 88.4433 50.5189 0
    endloop
  endfacet
  facet normal -0.866026 0.499999 0
    outer loop
      vertex 91.9433 50.5189 0
      vertex 93.6933 53.55 2
      vertex 93.6933 53.55 0
    endloop
  endfacet
  facet normal -0.866026 0.499999 0
    outer loop
      vertex 93.6933 53.55 2
      vertex 91.9433 50.5189 0
      vertex 91.9433 50.5189 2
    endloop
  endfacet
  facet normal 0 -1 0
    outer loop
      vertex 88.4433 56.5811 0
      vertex 91.9433 56.5811 2
      vertex 88.4433 56.5811 2
    endloop
  endfacet
  facet normal 0 -1 -0
    outer loop
      vertex 91.9433 56.5811 2
      vertex 88.4433 56.5811 0
      vertex 91.9433 56.5811 0
    endloop
  endfacet
  facet normal -0.866026 -0.499999 0
    outer loop
      vertex 93.6933 53.55 0
      vertex 91.9433 56.5811 2
      vertex 91.9433 56.5811 0
    endloop
  endfacet
  facet normal -0.866026 -0.499999 0
    outer loop
      vertex 91.9433 56.5811 2
      vertex 93.6933 53.55 0
      vertex 93.6933 53.55 2
    endloop
  endfacet
  facet normal 0.866026 -0.499999 0
    outer loop
      vertex 86.6933 53.55 2
      vertex 88.4433 56.5811 0
      vertex 88.4433 56.5811 2
    endloop
  endfacet
  facet normal 0.866026 -0.499999 0
    outer loop
      vertex 88.4433 56.5811 0
      vertex 86.6933 53.55 2
      vertex 86.6933 53.55 0
    endloop
  endfacet
  facet normal 0.866026 0.499999 0
    outer loop
      vertex 88.4433 50.5189 2
      vertex 86.6933 53.55 0
      vertex 86.6933 53.55 2
    endloop
  endfacet
  facet normal 0.866026 0.499999 0
    outer loop
      vertex 86.6933 53.55 0
      vertex 88.4433 50.5189 2
      vertex 88.4433 50.5189 0
    endloop
  endfacet
  facet normal 0 1 -0
    outer loop
      vertex 99.4054 50.5189 0
      vertex 95.9054 50.5189 2
      vertex 99.4054 50.5189 2
    endloop
  endfacet
  facet normal 0 1 0
    outer loop
      vertex 95.9054 50.5189 2
      vertex 99.4054 50.5189 0
      vertex 95.9054 50.5189 0
    endloop
  endfacet
  facet normal -0.866076 0.499913 0
    outer loop
      vertex 99.4054 50.5189 0
      vertex 101.155 53.55 2
      vertex 101.155 53.55 0
    endloop
  endfacet
  facet normal -0.866076 0.499913 0
    outer loop
      vertex 101.155 53.55 2
      vertex 99.4054 50.5189 0
      vertex 99.4054 50.5189 2
    endloop
  endfacet
  facet normal 0 -1 0
    outer loop
      vertex 95.9054 56.5811 0
      vertex 99.4054 56.5811 2
      vertex 95.9054 56.5811 2
    endloop
  endfacet
  facet normal 0 -1 -0
    outer loop
      vertex 99.4054 56.5811 2
      vertex 95.9054 56.5811 0
      vertex 99.4054 56.5811 0
    endloop
  endfacet
  facet normal -0.866076 -0.499913 0
    outer loop
      vertex 101.155 53.55 0
      vertex 99.4054 56.5811 2
      vertex 99.4054 56.5811 0
    endloop
  endfacet
  facet normal -0.866076 -0.499913 0
    outer loop
      vertex 99.4054 56.5811 2
      vertex 101.155 53.55 0
      vertex 101.155 53.55 2
    endloop
  endfacet
  facet normal 0.866026 -0.499999 0
    outer loop
      vertex 94.1554 53.55 2
      vertex 95.9054 56.5811 0
      vertex 95.9054 56.5811 2
    endloop
  endfacet
  facet normal 0.866026 -0.499999 0
    outer loop
      vertex 95.9054 56.5811 0
      vertex 94.1554 53.55 2
      vertex 94.1554 53.55 0
    endloop
  endfacet
  facet normal 0.866026 0.499999 0
    outer loop
      vertex 95.9054 50.5189 2
      vertex 94.1554 53.55 0
      vertex 94.1554 53.55 2
    endloop
  endfacet
  facet normal 0.866026 0.499999 0
    outer loop
      vertex 94.1554 53.55 0
      vertex 95.9054 50.5189 2
      vertex 95.9054 50.5189 0
    endloop
  endfacet
  facet normal 0 1 -0
    outer loop
      vertex 106.868 50.5189 0
      vertex 103.368 50.5189 2
      vertex 106.868 50.5189 2
    endloop
  endfacet
  facet normal 0 1 0
    outer loop
      vertex 103.368 50.5189 2
      vertex 106.868 50.5189 0
      vertex 103.368 50.5189 0
    endloop
  endfacet
  facet normal -0.866026 0.499999 0
    outer loop
      vertex 106.868 50.5189 0
      vertex 108.618 53.55 2
      vertex 108.618 53.55 0
    endloop
  endfacet
  facet normal -0.866026 0.499999 0
    outer loop
      vertex 108.618 53.55 2
      vertex 106.868 50.5189 0
      vertex 106.868 50.5189 2
    endloop
  endfacet
  facet normal 0 -1 0
    outer loop
      vertex 103.368 56.5811 0
      vertex 106.868 56.5811 2
      vertex 103.368 56.5811 2
    endloop
  endfacet
  facet normal 0 -1 -0
    outer loop
      vertex 106.868 56.5811 2
      vertex 103.368 56.5811 0
      vertex 106.868 56.5811 0
    endloop
  endfacet
  facet normal -0.866026 -0.499999 0
    outer loop
      vertex 108.618 53.55 0
      vertex 106.868 56.5811 2
      vertex 106.868 56.5811 0
    endloop
  endfacet
  facet normal -0.866026 -0.499999 0
    outer loop
      vertex 106.868 56.5811 2
      vertex 108.618 53.55 0
      vertex 108.618 53.55 2
    endloop
  endfacet
  facet normal 0.866026 -0.499999 0
    outer loop
      vertex 101.618 53.55 2
      vertex 103.368 56.5811 0
      vertex 103.368 56.5811 2
    endloop
  endfacet
  facet normal 0.866026 -0.499999 0
    outer loop
      vertex 103.368 56.5811 0
      vertex 101.618 53.55 2
      vertex 101.618 53.55 0
    endloop
  endfacet
  facet normal 0.866026 0.499999 0
    outer loop
      vertex 103.368 50.5189 2
      vertex 101.618 53.55 0
      vertex 101.618 53.55 2
    endloop
  endfacet
  facet normal 0.866026 0.499999 0
    outer loop
      vertex 101.618 53.55 0
      vertex 103.368 50.5189 2
      vertex 103.368 50.5189 0
    endloop
  endfacet
  facet normal 0 1 -0
    outer loop
      vertex 114.33 50.5189 0
      vertex 110.83 50.5189 2
      vertex 114.33 50.5189 2
    endloop
  endfacet
  facet normal 0 1 0
    outer loop
      vertex 110.83 50.5189 2
      vertex 114.33 50.5189 0
      vertex 110.83 50.5189 0
    endloop
  endfacet
  facet normal -0.866026 0.499999 0
    outer loop
      vertex 114.33 50.5189 0
      vertex 116.08 53.55 2
      vertex 116.08 53.55 0
    endloop
  endfacet
  facet normal -0.866026 0.499999 0
    outer loop
      vertex 116.08 53.55 2
      vertex 114.33 50.5189 0
      vertex 114.33 50.5189 2
    endloop
  endfacet
  facet normal 0 -1 0
    outer loop
      vertex 110.83 56.5811 0
      vertex 114.33 56.5811 2
      vertex 110.83 56.5811 2
    endloop
  endfacet
  facet normal 0 -1 -0
    outer loop
      vertex 114.33 56.5811 2
      vertex 110.83 56.5811 0
      vertex 114.33 56.5811 0
    endloop
  endfacet
  facet normal -0.866026 -0.499999 0
    outer loop
      vertex 116.08 53.55 0
      vertex 114.33 56.5811 2
      vertex 114.33 56.5811 0
    endloop
  endfacet
  facet normal -0.866026 -0.499999 0
    outer loop
      vertex 114.33 56.5811 2
      vertex 116.08 53.55 0
      vertex 116.08 53.55 2
    endloop
  endfacet
  facet normal 0.866026 -0.499999 0
    outer loop
      vertex 109.08 53.55 2
      vertex 110.83 56.5811 0
      vertex 110.83 56.5811 2
    endloop
  endfacet
  facet normal 0.866026 -0.499999 0
    outer loop
      vertex 110.83 56.5811 0
      vertex 109.08 53.55 2
      vertex 109.08 53.55 0
    endloop
  endfacet
  facet normal 0.866026 0.499999 0
    outer loop
      vertex 110.83 50.5189 2
      vertex 109.08 53.55 0
      vertex 109.08 53.55 2
    endloop
  endfacet
  facet normal 0.866026 0.499999 0
    outer loop
      vertex 109.08 53.55 0
      vertex 110.83 50.5189 2
      vertex 110.83 50.5189 0
    endloop
  endfacet
  facet normal 0 1 -0
    outer loop
      vertex 121.792 50.5189 0
      vertex 118.292 50.5189 2
      vertex 121.792 50.5189 2
    endloop
  endfacet
  facet normal 0 1 0
    outer loop
      vertex 118.292 50.5189 2
      vertex 121.792 50.5189 0
      vertex 118.292 50.5189 0
    endloop
  endfacet
  facet normal -0.866026 0.499999 0
    outer loop
      vertex 121.792 50.5189 0
      vertex 123.542 53.55 2
      vertex 123.542 53.55 0
    endloop
  endfacet
  facet normal -0.866026 0.499999 0
    outer loop
      vertex 123.542 53.55 2
      vertex 121.792 50.5189 0
      vertex 121.792 50.5189 2
    endloop
  endfacet
  facet normal 0 -1 0
    outer loop
      vertex 118.292 56.5811 0
      vertex 121.792 56.5811 2
      vertex 118.292 56.5811 2
    endloop
  endfacet
  facet normal 0 -1 -0
    outer loop
      vertex 121.792 56.5811 2
      vertex 118.292 56.5811 0
      vertex 121.792 56.5811 0
    endloop
  endfacet
  facet normal -0.866026 -0.499999 0
    outer loop
      vertex 123.542 53.55 0
      vertex 121.792 56.5811 2
      vertex 121.792 56.5811 0
    endloop
  endfacet
  facet normal -0.866026 -0.499999 0
    outer loop
      vertex 121.792 56.5811 2
      vertex 123.542 53.55 0
      vertex 123.542 53.55 2
    endloop
  endfacet
  facet normal 0.866026 -0.499999 0
    outer loop
      vertex 116.542 53.55 2
      vertex 118.292 56.5811 0
      vertex 118.292 56.5811 2
    endloop
  endfacet
  facet normal 0.866026 -0.499999 0
    outer loop
      vertex 118.292 56.5811 0
      vertex 116.542 53.55 2
      vertex 116.542 53.55 0
    endloop
  endfacet
  facet normal 0.866026 0.499999 0
    outer loop
      vertex 118.292 50.5189 2
      vertex 116.542 53.55 0
      vertex 116.542 53.55 2
    endloop
  endfacet
  facet normal 0.866026 0.499999 0
    outer loop
      vertex 116.542 53.55 0
      vertex 118.292 50.5189 2
      vertex 118.292 50.5189 0
    endloop
  endfacet
  facet normal 0 1 -0
    outer loop
      vertex 88.2122 57.1689 0
      vertex 84.7122 57.1689 2
      vertex 88.2122 57.1689 2
    endloop
  endfacet
  facet normal 0 1 0
    outer loop
      vertex 84.7122 57.1689 2
      vertex 88.2122 57.1689 0
      vertex 84.7122 57.1689 0
    endloop
  endfacet
  facet normal -0.866026 0.499999 0
    outer loop
      vertex 88.2122 57.1689 0
      vertex 89.9622 60.2 2
      vertex 89.9622 60.2 0
    endloop
  endfacet
  facet normal -0.866026 0.499999 0
    outer loop
      vertex 89.9622 60.2 2
      vertex 88.2122 57.1689 0
      vertex 88.2122 57.1689 2
    endloop
  endfacet
  facet normal 0 -1 0
    outer loop
      vertex 84.7122 63.2311 0
      vertex 88.2122 63.2311 2
      vertex 84.7122 63.2311 2
    endloop
  endfacet
  facet normal 0 -1 -0
    outer loop
      vertex 88.2122 63.2311 2
      vertex 84.7122 63.2311 0
      vertex 88.2122 63.2311 0
    endloop
  endfacet
  facet normal -0.866026 -0.499999 0
    outer loop
      vertex 89.9622 60.2 0
      vertex 88.2122 63.2311 2
      vertex 88.2122 63.2311 0
    endloop
  endfacet
  facet normal -0.866026 -0.499999 0
    outer loop
      vertex 88.2122 63.2311 2
      vertex 89.9622 60.2 0
      vertex 89.9622 60.2 2
    endloop
  endfacet
  facet normal 0.866026 -0.499999 0
    outer loop
      vertex 82.9622 60.2 2
      vertex 84.7122 63.2311 0
      vertex 84.7122 63.2311 2
    endloop
  endfacet
  facet normal 0.866026 -0.499999 0
    outer loop
      vertex 84.7122 63.2311 0
      vertex 82.9622 60.2 2
      vertex 82.9622 60.2 0
    endloop
  endfacet
  facet normal 0.866026 0.499999 0
    outer loop
      vertex 84.7122 57.1689 2
      vertex 82.9622 60.2 0
      vertex 82.9622 60.2 2
    endloop
  endfacet
  facet normal 0.866026 0.499999 0
    outer loop
      vertex 82.9622 60.2 0
      vertex 84.7122 57.1689 2
      vertex 84.7122 57.1689 0
    endloop
  endfacet
  facet normal 0 1 -0
    outer loop
      vertex 95.6744 57.1689 0
      vertex 92.1744 57.1689 2
      vertex 95.6744 57.1689 2
    endloop
  endfacet
  facet normal 0 1 0
    outer loop
      vertex 92.1744 57.1689 2
      vertex 95.6744 57.1689 0
      vertex 92.1744 57.1689 0
    endloop
  endfacet
  facet normal -0.866026 0.499999 0
    outer loop
      vertex 95.6744 57.1689 0
      vertex 97.4244 60.2 2
      vertex 97.4244 60.2 0
    endloop
  endfacet
  facet normal -0.866026 0.499999 0
    outer loop
      vertex 97.4244 60.2 2
      vertex 95.6744 57.1689 0
      vertex 95.6744 57.1689 2
    endloop
  endfacet
  facet normal 0 -1 0
    outer loop
      vertex 92.1744 63.2311 0
      vertex 95.6744 63.2311 2
      vertex 92.1744 63.2311 2
    endloop
  endfacet
  facet normal 0 -1 -0
    outer loop
      vertex 95.6744 63.2311 2
      vertex 92.1744 63.2311 0
      vertex 95.6744 63.2311 0
    endloop
  endfacet
  facet normal -0.866026 -0.499999 0
    outer loop
      vertex 97.4244 60.2 0
      vertex 95.6744 63.2311 2
      vertex 95.6744 63.2311 0
    endloop
  endfacet
  facet normal -0.866026 -0.499999 0
    outer loop
      vertex 95.6744 63.2311 2
      vertex 97.4244 60.2 0
      vertex 97.4244 60.2 2
    endloop
  endfacet
  facet normal 0.866026 -0.499999 0
    outer loop
      vertex 90.4244 60.2 2
      vertex 92.1744 63.2311 0
      vertex 92.1744 63.2311 2
    endloop
  endfacet
  facet normal 0.866026 -0.499999 0
    outer loop
      vertex 92.1744 63.2311 0
      vertex 90.4244 60.2 2
      vertex 90.4244 60.2 0
    endloop
  endfacet
  facet normal 0.866026 0.499999 0
    outer loop
      vertex 92.1744 57.1689 2
      vertex 90.4244 60.2 0
      vertex 90.4244 60.2 2
    endloop
  endfacet
  facet normal 0.866026 0.499999 0
    outer loop
      vertex 90.4244 60.2 0
      vertex 92.1744 57.1689 2
      vertex 92.1744 57.1689 0
    endloop
  endfacet
  facet normal 0 1 -0
    outer loop
      vertex 103.137 57.1689 0
      vertex 99.6365 57.1689 2
      vertex 103.137 57.1689 2
    endloop
  endfacet
  facet normal 0 1 0
    outer loop
      vertex 99.6365 57.1689 2
      vertex 103.137 57.1689 0
      vertex 99.6365 57.1689 0
    endloop
  endfacet
  facet normal -0.866026 0.499999 0
    outer loop
      vertex 103.137 57.1689 0
      vertex 104.887 60.2 2
      vertex 104.887 60.2 0
    endloop
  endfacet
  facet normal -0.866026 0.499999 0
    outer loop
      vertex 104.887 60.2 2
      vertex 103.137 57.1689 0
      vertex 103.137 57.1689 2
    endloop
  endfacet
  facet normal 0 -1 0
    outer loop
      vertex 99.6365 63.2311 0
      vertex 103.137 63.2311 2
      vertex 99.6365 63.2311 2
    endloop
  endfacet
  facet normal 0 -1 -0
    outer loop
      vertex 103.137 63.2311 2
      vertex 99.6365 63.2311 0
      vertex 103.137 63.2311 0
    endloop
  endfacet
  facet normal -0.866026 -0.499999 0
    outer loop
      vertex 104.887 60.2 0
      vertex 103.137 63.2311 2
      vertex 103.137 63.2311 0
    endloop
  endfacet
  facet normal -0.866026 -0.499999 0
    outer loop
      vertex 103.137 63.2311 2
      vertex 104.887 60.2 0
      vertex 104.887 60.2 2
    endloop
  endfacet
  facet normal 0.866026 -0.499999 0
    outer loop
      vertex 97.8865 60.2 2
      vertex 99.6365 63.2311 0
      vertex 99.6365 63.2311 2
    endloop
  endfacet
  facet normal 0.866026 -0.499999 0
    outer loop
      vertex 99.6365 63.2311 0
      vertex 97.8865 60.2 2
      vertex 97.8865 60.2 0
    endloop
  endfacet
  facet normal 0.866026 0.499999 0
    outer loop
      vertex 99.6365 57.1689 2
      vertex 97.8865 60.2 0
      vertex 97.8865 60.2 2
    endloop
  endfacet
  facet normal 0.866026 0.499999 0
    outer loop
      vertex 97.8865 60.2 0
      vertex 99.6365 57.1689 2
      vertex 99.6365 57.1689 0
    endloop
  endfacet
  facet normal 0 1 -0
    outer loop
      vertex 110.599 57.1689 0
      vertex 107.099 57.1689 2
      vertex 110.599 57.1689 2
    endloop
  endfacet
  facet normal 0 1 0
    outer loop
      vertex 107.099 57.1689 2
      vertex 110.599 57.1689 0
      vertex 107.099 57.1689 0
    endloop
  endfacet
  facet normal -0.866026 0.499999 0
    outer loop
      vertex 110.599 57.1689 0
      vertex 112.349 60.2 2
      vertex 112.349 60.2 0
    endloop
  endfacet
  facet normal -0.866026 0.499999 0
    outer loop
      vertex 112.349 60.2 2
      vertex 110.599 57.1689 0
      vertex 110.599 57.1689 2
    endloop
  endfacet
  facet normal 0 -1 0
    outer loop
      vertex 107.099 63.2311 0
      vertex 110.599 63.2311 2
      vertex 107.099 63.2311 2
    endloop
  endfacet
  facet normal 0 -1 -0
    outer loop
      vertex 110.599 63.2311 2
      vertex 107.099 63.2311 0
      vertex 110.599 63.2311 0
    endloop
  endfacet
  facet normal -0.866026 -0.499999 0
    outer loop
      vertex 112.349 60.2 0
      vertex 110.599 63.2311 2
      vertex 110.599 63.2311 0
    endloop
  endfacet
  facet normal -0.866026 -0.499999 0
    outer loop
      vertex 110.599 63.2311 2
      vertex 112.349 60.2 0
      vertex 112.349 60.2 2
    endloop
  endfacet
  facet normal 0.866026 -0.499999 0
    outer loop
      vertex 105.349 60.2 2
      vertex 107.099 63.2311 0
      vertex 107.099 63.2311 2
    endloop
  endfacet
  facet normal 0.866026 -0.499999 0
    outer loop
      vertex 107.099 63.2311 0
      vertex 105.349 60.2 2
      vertex 105.349 60.2 0
    endloop
  endfacet
  facet normal 0.866026 0.499999 0
    outer loop
      vertex 107.099 57.1689 2
      vertex 105.349 60.2 0
      vertex 105.349 60.2 2
    endloop
  endfacet
  facet normal 0.866026 0.499999 0
    outer loop
      vertex 105.349 60.2 0
      vertex 107.099 57.1689 2
      vertex 107.099 57.1689 0
    endloop
  endfacet
  facet normal 0 1 -0
    outer loop
      vertex 118.061 57.1689 0
      vertex 114.561 57.1689 2
      vertex 118.061 57.1689 2
    endloop
  endfacet
  facet normal 0 1 0
    outer loop
      vertex 114.561 57.1689 2
      vertex 118.061 57.1689 0
      vertex 114.561 57.1689 0
    endloop
  endfacet
  facet normal -0.866026 0.499999 0
    outer loop
      vertex 118.061 57.1689 0
      vertex 119.811 60.2 2
      vertex 119.811 60.2 0
    endloop
  endfacet
  facet normal -0.866026 0.499999 0
    outer loop
      vertex 119.811 60.2 2
      vertex 118.061 57.1689 0
      vertex 118.061 57.1689 2
    endloop
  endfacet
  facet normal 0 -1 0
    outer loop
      vertex 114.561 63.2311 0
      vertex 118.061 63.2311 2
      vertex 114.561 63.2311 2
    endloop
  endfacet
  facet normal 0 -1 -0
    outer loop
      vertex 118.061 63.2311 2
      vertex 114.561 63.2311 0
      vertex 118.061 63.2311 0
    endloop
  endfacet
  facet normal -0.866026 -0.499999 0
    outer loop
      vertex 119.811 60.2 0
      vertex 118.061 63.2311 2
      vertex 118.061 63.2311 0
    endloop
  endfacet
  facet normal -0.866026 -0.499999 0
    outer loop
      vertex 118.061 63.2311 2
      vertex 119.811 60.2 0
      vertex 119.811 60.2 2
    endloop
  endfacet
  facet normal 0.866026 -0.499999 0
    outer loop
      vertex 112.811 60.2 2
      vertex 114.561 63.2311 0
      vertex 114.561 63.2311 2
    endloop
  endfacet
  facet normal 0.866026 -0.499999 0
    outer loop
      vertex 114.561 63.2311 0
      vertex 112.811 60.2 2
      vertex 112.811 60.2 0
    endloop
  endfacet
  facet normal 0.866026 0.499999 0
    outer loop
      vertex 114.561 57.1689 2
      vertex 112.811 60.2 0
      vertex 112.811 60.2 2
    endloop
  endfacet
  facet normal 0.866026 0.499999 0
    outer loop
      vertex 112.811 60.2 0
      vertex 114.561 57.1689 2
      vertex 114.561 57.1689 0
    endloop
  endfacet
  facet normal 0 1 -0
    outer loop
      vertex 125.523 57.1689 0
      vertex 122.023 57.1689 2
      vertex 125.523 57.1689 2
    endloop
  endfacet
  facet normal 0 1 0
    outer loop
      vertex 122.023 57.1689 2
      vertex 125.523 57.1689 0
      vertex 122.023 57.1689 0
    endloop
  endfacet
  facet normal -0.866026 0.499999 0
    outer loop
      vertex 125.523 57.1689 0
      vertex 127.273 60.2 2
      vertex 127.273 60.2 0
    endloop
  endfacet
  facet normal -0.866026 0.499999 0
    outer loop
      vertex 127.273 60.2 2
      vertex 125.523 57.1689 0
      vertex 125.523 57.1689 2
    endloop
  endfacet
  facet normal 0 -1 0
    outer loop
      vertex 122.023 63.2311 0
      vertex 125.523 63.2311 2
      vertex 122.023 63.2311 2
    endloop
  endfacet
  facet normal 0 -1 -0
    outer loop
      vertex 125.523 63.2311 2
      vertex 122.023 63.2311 0
      vertex 125.523 63.2311 0
    endloop
  endfacet
  facet normal -0.866026 -0.499999 0
    outer loop
      vertex 127.273 60.2 0
      vertex 125.523 63.2311 2
      vertex 125.523 63.2311 0
    endloop
  endfacet
  facet normal -0.866026 -0.499999 0
    outer loop
      vertex 125.523 63.2311 2
      vertex 127.273 60.2 0
      vertex 127.273 60.2 2
    endloop
  endfacet
  facet normal 0.866026 -0.499999 0
    outer loop
      vertex 120.273 60.2 2
      vertex 122.023 63.2311 0
      vertex 122.023 63.2311 2
    endloop
  endfacet
  facet normal 0.866026 -0.499999 0
    outer loop
      vertex 122.023 63.2311 0
      vertex 120.273 60.2 2
      vertex 120.273 60.2 0
    endloop
  endfacet
  facet normal 0.866026 0.499999 0
    outer loop
      vertex 122.023 57.1689 2
      vertex 120.273 60.2 0
      vertex 120.273 60.2 2
    endloop
  endfacet
  facet normal 0.866026 0.499999 0
    outer loop
      vertex 120.273 60.2 0
      vertex 122.023 57.1689 2
      vertex 122.023 57.1689 0
    endloop
  endfacet
  facet normal 0 1 -0
    outer loop
      vertex 88.2122 63.8189 0
      vertex 84.7122 63.8189 2
      vertex 88.2122 63.8189 2
    endloop
  endfacet
  facet normal 0 1 0
    outer loop
      vertex 84.7122 63.8189 2
      vertex 88.2122 63.8189 0
      vertex 84.7122 63.8189 0
    endloop
  endfacet
  facet normal -0.866026 0.499999 0
    outer loop
      vertex 88.2122 63.8189 0
      vertex 89.9622 66.85 2
      vertex 89.9622 66.85 0
    endloop
  endfacet
  facet normal -0.866026 0.499999 0
    outer loop
      vertex 89.9622 66.85 2
      vertex 88.2122 63.8189 0
      vertex 88.2122 63.8189 2
    endloop
  endfacet
  facet normal 0 -1 0
    outer loop
      vertex 84.7122 69.8811 0
      vertex 88.2122 69.8811 2
      vertex 84.7122 69.8811 2
    endloop
  endfacet
  facet normal 0 -1 -0
    outer loop
      vertex 88.2122 69.8811 2
      vertex 84.7122 69.8811 0
      vertex 88.2122 69.8811 0
    endloop
  endfacet
  facet normal -0.866026 -0.499999 0
    outer loop
      vertex 89.9622 66.85 0
      vertex 88.2122 69.8811 2
      vertex 88.2122 69.8811 0
    endloop
  endfacet
  facet normal -0.866026 -0.499999 0
    outer loop
      vertex 88.2122 69.8811 2
      vertex 89.9622 66.85 0
      vertex 89.9622 66.85 2
    endloop
  endfacet
  facet normal 0.866026 -0.499999 0
    outer loop
      vertex 82.9622 66.85 2
      vertex 84.7122 69.8811 0
      vertex 84.7122 69.8811 2
    endloop
  endfacet
  facet normal 0.866026 -0.499999 0
    outer loop
      vertex 84.7122 69.8811 0
      vertex 82.9622 66.85 2
      vertex 82.9622 66.85 0
    endloop
  endfacet
  facet normal 0.866026 0.499999 0
    outer loop
      vertex 84.7122 63.8189 2
      vertex 82.9622 66.85 0
      vertex 82.9622 66.85 2
    endloop
  endfacet
  facet normal 0.866026 0.499999 0
    outer loop
      vertex 82.9622 66.85 0
      vertex 84.7122 63.8189 2
      vertex 84.7122 63.8189 0
    endloop
  endfacet
  facet normal 0 1 -0
    outer loop
      vertex 95.6744 63.8189 0
      vertex 92.1744 63.8189 2
      vertex 95.6744 63.8189 2
    endloop
  endfacet
  facet normal 0 1 0
    outer loop
      vertex 92.1744 63.8189 2
      vertex 95.6744 63.8189 0
      vertex 92.1744 63.8189 0
    endloop
  endfacet
  facet normal -0.866026 0.499999 0
    outer loop
      vertex 95.6744 63.8189 0
      vertex 97.4244 66.85 2
      vertex 97.4244 66.85 0
    endloop
  endfacet
  facet normal -0.866026 0.499999 0
    outer loop
      vertex 97.4244 66.85 2
      vertex 95.6744 63.8189 0
      vertex 95.6744 63.8189 2
    endloop
  endfacet
  facet normal 0 -1 0
    outer loop
      vertex 92.1744 69.8811 0
      vertex 95.6744 69.8811 2
      vertex 92.1744 69.8811 2
    endloop
  endfacet
  facet normal 0 -1 -0
    outer loop
      vertex 95.6744 69.8811 2
      vertex 92.1744 69.8811 0
      vertex 95.6744 69.8811 0
    endloop
  endfacet
  facet normal -0.866026 -0.499999 0
    outer loop
      vertex 97.4244 66.85 0
      vertex 95.6744 69.8811 2
      vertex 95.6744 69.8811 0
    endloop
  endfacet
  facet normal -0.866026 -0.499999 0
    outer loop
      vertex 95.6744 69.8811 2
      vertex 97.4244 66.85 0
      vertex 97.4244 66.85 2
    endloop
  endfacet
  facet normal 0.866026 -0.499999 0
    outer loop
      vertex 90.4244 66.85 2
      vertex 92.1744 69.8811 0
      vertex 92.1744 69.8811 2
    endloop
  endfacet
  facet normal 0.866026 -0.499999 0
    outer loop
      vertex 92.1744 69.8811 0
      vertex 90.4244 66.85 2
      vertex 90.4244 66.85 0
    endloop
  endfacet
  facet normal 0.866026 0.499999 0
    outer loop
      vertex 92.1744 63.8189 2
      vertex 90.4244 66.85 0
      vertex 90.4244 66.85 2
    endloop
  endfacet
  facet normal 0.866026 0.499999 0
    outer loop
      vertex 90.4244 66.85 0
      vertex 92.1744 63.8189 2
      vertex 92.1744 63.8189 0
    endloop
  endfacet
  facet normal 0 1 -0
    outer loop
      vertex 103.137 63.8189 0
      vertex 99.6365 63.8189 2
      vertex 103.137 63.8189 2
    endloop
  endfacet
  facet normal 0 1 0
    outer loop
      vertex 99.6365 63.8189 2
      vertex 103.137 63.8189 0
      vertex 99.6365 63.8189 0
    endloop
  endfacet
  facet normal -0.866026 0.499999 0
    outer loop
      vertex 103.137 63.8189 0
      vertex 104.887 66.85 2
      vertex 104.887 66.85 0
    endloop
  endfacet
  facet normal -0.866026 0.499999 0
    outer loop
      vertex 104.887 66.85 2
      vertex 103.137 63.8189 0
      vertex 103.137 63.8189 2
    endloop
  endfacet
  facet normal 0 -1 0
    outer loop
      vertex 99.6365 69.8811 0
      vertex 103.137 69.8811 2
      vertex 99.6365 69.8811 2
    endloop
  endfacet
  facet normal 0 -1 -0
    outer loop
      vertex 103.137 69.8811 2
      vertex 99.6365 69.8811 0
      vertex 103.137 69.8811 0
    endloop
  endfacet
  facet normal -0.866026 -0.499999 0
    outer loop
      vertex 104.887 66.85 0
      vertex 103.137 69.8811 2
      vertex 103.137 69.8811 0
    endloop
  endfacet
  facet normal -0.866026 -0.499999 0
    outer loop
      vertex 103.137 69.8811 2
      vertex 104.887 66.85 0
      vertex 104.887 66.85 2
    endloop
  endfacet
  facet normal 0.866026 -0.499999 0
    outer loop
      vertex 97.8865 66.85 2
      vertex 99.6365 69.8811 0
      vertex 99.6365 69.8811 2
    endloop
  endfacet
  facet normal 0.866026 -0.499999 0
    outer loop
      vertex 99.6365 69.8811 0
      vertex 97.8865 66.85 2
      vertex 97.8865 66.85 0
    endloop
  endfacet
  facet normal 0.866026 0.499999 0
    outer loop
      vertex 99.6365 63.8189 2
      vertex 97.8865 66.85 0
      vertex 97.8865 66.85 2
    endloop
  endfacet
  facet normal 0.866026 0.499999 0
    outer loop
      vertex 97.8865 66.85 0
      vertex 99.6365 63.8189 2
      vertex 99.6365 63.8189 0
    endloop
  endfacet
  facet normal 0 1 -0
    outer loop
      vertex 110.599 63.8189 0
      vertex 107.099 63.8189 2
      vertex 110.599 63.8189 2
    endloop
  endfacet
  facet normal 0 1 0
    outer loop
      vertex 107.099 63.8189 2
      vertex 110.599 63.8189 0
      vertex 107.099 63.8189 0
    endloop
  endfacet
  facet normal -0.866026 0.499999 0
    outer loop
      vertex 110.599 63.8189 0
      vertex 112.349 66.85 2
      vertex 112.349 66.85 0
    endloop
  endfacet
  facet normal -0.866026 0.499999 0
    outer loop
      vertex 112.349 66.85 2
      vertex 110.599 63.8189 0
      vertex 110.599 63.8189 2
    endloop
  endfacet
  facet normal 0 -1 0
    outer loop
      vertex 107.099 69.8811 0
      vertex 110.599 69.8811 2
      vertex 107.099 69.8811 2
    endloop
  endfacet
  facet normal 0 -1 -0
    outer loop
      vertex 110.599 69.8811 2
      vertex 107.099 69.8811 0
      vertex 110.599 69.8811 0
    endloop
  endfacet
  facet normal -0.866026 -0.499999 0
    outer loop
      vertex 112.349 66.85 0
      vertex 110.599 69.8811 2
      vertex 110.599 69.8811 0
    endloop
  endfacet
  facet normal -0.866026 -0.499999 0
    outer loop
      vertex 110.599 69.8811 2
      vertex 112.349 66.85 0
      vertex 112.349 66.85 2
    endloop
  endfacet
  facet normal 0.866026 -0.499999 0
    outer loop
      vertex 105.349 66.85 2
      vertex 107.099 69.8811 0
      vertex 107.099 69.8811 2
    endloop
  endfacet
  facet normal 0.866026 -0.499999 0
    outer loop
      vertex 107.099 69.8811 0
      vertex 105.349 66.85 2
      vertex 105.349 66.85 0
    endloop
  endfacet
  facet normal 0.866026 0.499999 0
    outer loop
      vertex 107.099 63.8189 2
      vertex 105.349 66.85 0
      vertex 105.349 66.85 2
    endloop
  endfacet
  facet normal 0.866026 0.499999 0
    outer loop
      vertex 105.349 66.85 0
      vertex 107.099 63.8189 2
      vertex 107.099 63.8189 0
    endloop
  endfacet
  facet normal 0 1 -0
    outer loop
      vertex 118.061 63.8189 0
      vertex 114.561 63.8189 2
      vertex 118.061 63.8189 2
    endloop
  endfacet
  facet normal 0 1 0
    outer loop
      vertex 114.561 63.8189 2
      vertex 118.061 63.8189 0
      vertex 114.561 63.8189 0
    endloop
  endfacet
  facet normal -0.866026 0.499999 0
    outer loop
      vertex 118.061 63.8189 0
      vertex 119.811 66.85 2
      vertex 119.811 66.85 0
    endloop
  endfacet
  facet normal -0.866026 0.499999 0
    outer loop
      vertex 119.811 66.85 2
      vertex 118.061 63.8189 0
      vertex 118.061 63.8189 2
    endloop
  endfacet
  facet normal 0 -1 0
    outer loop
      vertex 114.561 69.8811 0
      vertex 118.061 69.8811 2
      vertex 114.561 69.8811 2
    endloop
  endfacet
  facet normal 0 -1 -0
    outer loop
      vertex 118.061 69.8811 2
      vertex 114.561 69.8811 0
      vertex 118.061 69.8811 0
    endloop
  endfacet
  facet normal -0.866026 -0.499999 0
    outer loop
      vertex 119.811 66.85 0
      vertex 118.061 69.8811 2
      vertex 118.061 69.8811 0
    endloop
  endfacet
  facet normal -0.866026 -0.499999 0
    outer loop
      vertex 118.061 69.8811 2
      vertex 119.811 66.85 0
      vertex 119.811 66.85 2
    endloop
  endfacet
  facet normal 0.866026 -0.499999 0
    outer loop
      vertex 112.811 66.85 2
      vertex 114.561 69.8811 0
      vertex 114.561 69.8811 2
    endloop
  endfacet
  facet normal 0.866026 -0.499999 0
    outer loop
      vertex 114.561 69.8811 0
      vertex 112.811 66.85 2
      vertex 112.811 66.85 0
    endloop
  endfacet
  facet normal 0.866026 0.499999 0
    outer loop
      vertex 114.561 63.8189 2
      vertex 112.811 66.85 0
      vertex 112.811 66.85 2
    endloop
  endfacet
  facet normal 0.866026 0.499999 0
    outer loop
      vertex 112.811 66.85 0
      vertex 114.561 63.8189 2
      vertex 114.561 63.8189 0
    endloop
  endfacet
  facet normal 0 1 -0
    outer loop
      vertex 125.523 63.8189 0
      vertex 122.023 63.8189 2
      vertex 125.523 63.8189 2
    endloop
  endfacet
  facet normal 0 1 0
    outer loop
      vertex 122.023 63.8189 2
      vertex 125.523 63.8189 0
      vertex 122.023 63.8189 0
    endloop
  endfacet
  facet normal -0.866026 0.499999 0
    outer loop
      vertex 125.523 63.8189 0
      vertex 127.273 66.85 2
      vertex 127.273 66.85 0
    endloop
  endfacet
  facet normal -0.866026 0.499999 0
    outer loop
      vertex 127.273 66.85 2
      vertex 125.523 63.8189 0
      vertex 125.523 63.8189 2
    endloop
  endfacet
  facet normal 0 -1 0
    outer loop
      vertex 122.023 69.8811 0
      vertex 125.523 69.8811 2
      vertex 122.023 69.8811 2
    endloop
  endfacet
  facet normal 0 -1 -0
    outer loop
      vertex 125.523 69.8811 2
      vertex 122.023 69.8811 0
      vertex 125.523 69.8811 0
    endloop
  endfacet
  facet normal -0.866026 -0.499999 0
    outer loop
      vertex 127.273 66.85 0
      vertex 125.523 69.8811 2
      vertex 125.523 69.8811 0
    endloop
  endfacet
  facet normal -0.866026 -0.499999 0
    outer loop
      vertex 125.523 69.8811 2
      vertex 127.273 66.85 0
      vertex 127.273 66.85 2
    endloop
  endfacet
  facet normal 0.866026 -0.499999 0
    outer loop
      vertex 120.273 66.85 2
      vertex 122.023 69.8811 0
      vertex 122.023 69.8811 2
    endloop
  endfacet
  facet normal 0.866026 -0.499999 0
    outer loop
      vertex 122.023 69.8811 0
      vertex 120.273 66.85 2
      vertex 120.273 66.85 0
    endloop
  endfacet
  facet normal 0.866026 0.499999 0
    outer loop
      vertex 122.023 63.8189 2
      vertex 120.273 66.85 0
      vertex 120.273 66.85 2
    endloop
  endfacet
  facet normal 0.866026 0.499999 0
    outer loop
      vertex 120.273 66.85 0
      vertex 122.023 63.8189 2
      vertex 122.023 63.8189 0
    endloop
  endfacet
endsolid OpenSCAD_Model
